{
  "total_wagers": 167,
  "total_wins": 81,
  "net_pnl": -134.18999999999994,
  "roi": -13.078437487817235,
  "win_rate": 48.50299401197605,
  "avg_bet": 6.143952095808383,
  "profitable_days": 0,
  "losing_days": 0
}