{
  "n_sims": 50000,
  "elapsed_seconds": 9.2,
  "avg_championship_margin": 5.6,
  "avg_upsets_per_tournament": 16.5,
  "championship": {
    "Duke": 0.19584,
    "Michigan": 0.1727,
    "Arizona": 0.13692,
    "Florida": 0.11566,
    "UConn": 0.06066,
    "Iowa State": 0.05838,
    "Purdue": 0.05028,
    "Houston": 0.04494,
    "Michigan State": 0.02724,
    "Virginia": 0.02518,
    "Gonzaga": 0.0228,
    "Illinois": 0.01804,
    "Kansas": 0.01162,
    "Alabama": 0.01108,
    "Arkansas": 0.01,
    "Nebraska": 0.00912,
    "Vanderbilt": 0.00396,
    "Wisconsin": 0.00382,
    "St. John's": 0.0037,
    "Texas Tech": 0.00282,
    "Louisville": 0.00216,
    "North Carolina": 0.00206,
    "BYU": 0.00188,
    "Tennessee": 0.00188,
    "St. Mary's": 0.00104,
    "UCLA": 0.00098,
    "Miami": 0.00088,
    "Kentucky": 0.00078,
    "Ohio State": 0.00062,
    "Clemson": 0.00058,
    "Villanova": 0.00036,
    "Georgia": 0.0003,
    "Iowa": 0.00026,
    "TCU": 0.0002,
    "Utah State": 0.00018,
    "St. Louis": 0.00016,
    "Missouri": 0.00016,
    "UCF": 0.00014,
    "South Florida": 0.0001,
    "VCU": 8e-05,
    "McNeese": 6e-05,
    "Texas A&M": 6e-05,
    "Furman": 4e-05,
    "Miami OH/SMU": 4e-05,
    "Texas/NC State": 4e-05,
    "Troy": 4e-05,
    "High Point": 4e-05,
    "Hawaii": 2e-05,
    "Santa Clara": 2e-05,
    "Cal Baptist": 2e-05,
    "Northern Iowa": 2e-05,
    "Akron": 2e-05,
    "Hofstra": 2e-05
  },
  "final_four": {
    "Duke": 0.4652,
    "Michigan": 0.45618,
    "Arizona": 0.42884,
    "Florida": 0.40868,
    "Iowa State": 0.23552,
    "Purdue": 0.2312,
    "Houston": 0.231,
    "UConn": 0.22378,
    "Gonzaga": 0.13906,
    "Virginia": 0.13552,
    "Illinois": 0.13474,
    "Michigan State": 0.1332,
    "Nebraska": 0.08424,
    "Arkansas": 0.08276,
    "Alabama": 0.08054,
    "Kansas": 0.07444,
    "Vanderbilt": 0.04822,
    "Wisconsin": 0.04236,
    "St. John's": 0.03556,
    "North Carolina": 0.03438,
    "Texas Tech": 0.03314,
    "BYU": 0.02756,
    "Louisville": 0.0242,
    "Tennessee": 0.023,
    "St. Mary's": 0.02226,
    "Miami": 0.0194,
    "UCLA": 0.01674,
    "Kentucky": 0.01408,
    "Clemson": 0.01238,
    "Villanova": 0.0097,
    "Ohio State": 0.00892,
    "Iowa": 0.00806,
    "Georgia": 0.007,
    "Utah State": 0.00606,
    "TCU": 0.00586,
    "Texas A&M": 0.00538,
    "St. Louis": 0.00472,
    "VCU": 0.00464,
    "UCF": 0.00424,
    "Missouri": 0.00388,
    "Texas/NC State": 0.00362,
    "Santa Clara": 0.00354,
    "South Florida": 0.00312,
    "Miami OH/SMU": 0.003,
    "McNeese": 0.00264,
    "High Point": 0.00264,
    "Northern Iowa": 0.0021,
    "Akron": 0.00192,
    "Troy": 0.0019,
    "Hawaii": 0.00138,
    "Cal Baptist": 0.00116,
    "Kennesaw State": 0.00112,
    "Penn": 0.00094,
    "Hofstra": 0.0009,
    "North Dakota State": 0.00084,
    "Wright State": 0.00066,
    "Furman": 0.00058,
    "Idaho": 0.00052,
    "Queens": 0.0004,
    "Tennessee State": 0.00026,
    "Siena": 6e-05,
    "Prairie View/Lehigh": 2e-05,
    "UMBC/Howard": 2e-05,
    "LIU": 2e-05
  },
  "elite_eight": {
    "Duke": 0.4652,
    "Michigan": 0.45618,
    "Arizona": 0.42884,
    "Florida": 0.40868,
    "Iowa State": 0.23552,
    "Purdue": 0.2312,
    "Houston": 0.231,
    "UConn": 0.22378,
    "Gonzaga": 0.13906,
    "Virginia": 0.13552,
    "Illinois": 0.13474,
    "Michigan State": 0.1332,
    "Nebraska": 0.08424,
    "Arkansas": 0.08276,
    "Alabama": 0.08054,
    "Kansas": 0.07444,
    "Vanderbilt": 0.04822,
    "Wisconsin": 0.04236,
    "St. John's": 0.03556,
    "North Carolina": 0.03438,
    "Texas Tech": 0.03314,
    "BYU": 0.02756,
    "Louisville": 0.0242,
    "Tennessee": 0.023,
    "St. Mary's": 0.02226,
    "Miami": 0.0194,
    "UCLA": 0.01674,
    "Kentucky": 0.01408,
    "Clemson": 0.01238,
    "Villanova": 0.0097,
    "Ohio State": 0.00892,
    "Iowa": 0.00806,
    "Georgia": 0.007,
    "Utah State": 0.00606,
    "TCU": 0.00586,
    "Texas A&M": 0.00538,
    "St. Louis": 0.00472,
    "VCU": 0.00464,
    "UCF": 0.00424,
    "Missouri": 0.00388,
    "Texas/NC State": 0.00362,
    "Santa Clara": 0.00354,
    "South Florida": 0.00312,
    "Miami OH/SMU": 0.003,
    "McNeese": 0.00264,
    "High Point": 0.00264,
    "Northern Iowa": 0.0021,
    "Akron": 0.00192,
    "Troy": 0.0019,
    "Hawaii": 0.00138,
    "Cal Baptist": 0.00116,
    "Kennesaw State": 0.00112,
    "Penn": 0.00094,
    "Hofstra": 0.0009,
    "North Dakota State": 0.00084,
    "Wright State": 0.00066,
    "Furman": 0.00058,
    "Idaho": 0.00052,
    "Queens": 0.0004,
    "Tennessee State": 0.00026,
    "Siena": 6e-05,
    "Prairie View/Lehigh": 2e-05,
    "UMBC/Howard": 2e-05,
    "LIU": 2e-05
  },
  "sweet_sixteen": {
    "Michigan": 0.66378,
    "Duke": 0.6633,
    "Arizona": 0.63242,
    "Florida": 0.61156,
    "Iowa State": 0.48414,
    "UConn": 0.46756,
    "Purdue": 0.45662,
    "Houston": 0.44972,
    "Michigan State": 0.31874,
    "Gonzaga": 0.31712,
    "Virginia": 0.317,
    "Illinois": 0.30452,
    "Arkansas": 0.17998,
    "Nebraska": 0.17898,
    "Alabama": 0.178,
    "Kansas": 0.16698,
    "Vanderbilt": 0.11484,
    "North Carolina": 0.10614,
    "Wisconsin": 0.10498,
    "BYU": 0.0941,
    "St. John's": 0.09394,
    "Louisville": 0.09164,
    "Texas Tech": 0.09058,
    "Tennessee": 0.08648,
    "St. Mary's": 0.07598,
    "Miami": 0.07368,
    "UCLA": 0.06712,
    "Kentucky": 0.06176,
    "Clemson": 0.03952,
    "Villanova": 0.03528,
    "Ohio State": 0.03248,
    "Iowa": 0.03034,
    "Georgia": 0.02848,
    "Texas A&M": 0.02696,
    "Missouri": 0.02542,
    "Utah State": 0.0253,
    "VCU": 0.02418,
    "UCF": 0.02312,
    "TCU": 0.02312,
    "Santa Clara": 0.02158,
    "Texas/NC State": 0.0212,
    "St. Louis": 0.02078,
    "South Florida": 0.0196,
    "Miami OH/SMU": 0.01884,
    "McNeese": 0.01504,
    "High Point": 0.01332,
    "Northern Iowa": 0.01206,
    "Akron": 0.01078,
    "Troy": 0.00908,
    "Hawaii": 0.00822,
    "Kennesaw State": 0.00818,
    "North Dakota State": 0.00786,
    "Penn": 0.00784,
    "Cal Baptist": 0.00738,
    "Hofstra": 0.00704,
    "Wright State": 0.0069,
    "Idaho": 0.00466,
    "Furman": 0.00436,
    "Queens": 0.00368,
    "Tennessee State": 0.0033,
    "Siena": 0.00074,
    "Prairie View/Lehigh": 0.00064,
    "UMBC/Howard": 0.00056,
    "LIU": 0.0005
  },
  "round_of_32": {
    "Michigan": 0.85292,
    "Duke": 0.84586,
    "Arizona": 0.82906,
    "Florida": 0.8148,
    "Iowa State": 0.73952,
    "UConn": 0.7239,
    "Purdue": 0.70768,
    "Houston": 0.6991,
    "Virginia": 0.61552,
    "Michigan State": 0.61084,
    "Gonzaga": 0.60614,
    "Illinois": 0.58408,
    "Alabama": 0.52132,
    "Kansas": 0.50736,
    "Arkansas": 0.49854,
    "Nebraska": 0.48742,
    "Vanderbilt": 0.34996,
    "Wisconsin": 0.34594,
    "St. John's": 0.33794,
    "Texas Tech": 0.33066,
    "North Carolina": 0.26826,
    "BYU": 0.25154,
    "Louisville": 0.2515,
    "Tennessee": 0.24746,
    "St. Mary's": 0.18888,
    "Miami": 0.18518,
    "UCLA": 0.1735,
    "Kentucky": 0.1631,
    "VCU": 0.10278,
    "Clemson": 0.10038,
    "McNeese": 0.09624,
    "Texas/NC State": 0.09532,
    "Villanova": 0.09308,
    "South Florida": 0.09302,
    "Miami OH/SMU": 0.09288,
    "Northern Iowa": 0.0901,
    "High Point": 0.08934,
    "Texas A&M": 0.08912,
    "Akron": 0.08674,
    "Missouri": 0.08636,
    "Ohio State": 0.08304,
    "UCF": 0.08094,
    "Iowa": 0.08054,
    "Georgia": 0.07868,
    "Santa Clara": 0.07648,
    "Utah State": 0.07336,
    "TCU": 0.06696,
    "Troy": 0.06638,
    "Hawaii": 0.06618,
    "Cal Baptist": 0.0646,
    "St. Louis": 0.06378,
    "Hofstra": 0.06128,
    "Kennesaw State": 0.047,
    "Penn": 0.04488,
    "North Dakota State": 0.04464,
    "Wright State": 0.04414,
    "Idaho": 0.0229,
    "Furman": 0.02166,
    "Tennessee State": 0.0209,
    "Queens": 0.02078,
    "UMBC/Howard": 0.00462,
    "LIU": 0.0045,
    "Prairie View/Lehigh": 0.00428,
    "Siena": 0.00414
  }
}