priority,category,impact_score,issue_type,player_name,player_id,team,pa,expected_value,actual_value,description
P2,C,4.0,null_team_field,Eloy Jiménez,650391,,,<team_abbrev>,NULL,Player has null/empty team field - breaks team-based filters
P2,C,4.0,null_team_field,Thairo Estrada,642731,,,<team_abbrev>,NULL,Player has null/empty team field - breaks team-based filters
P2,C,4.0,null_team_field,Gio Urshela,570482,,,<team_abbrev>,NULL,Player has null/empty team field - breaks team-based filters
P2,C,4.0,null_team_field,Mitch Haniger,571745,,,<team_abbrev>,NULL,Player has null/empty team field - breaks team-based filters
P2,C,4.0,null_team_field,Luke Voit,572228,,,<team_abbrev>,NULL,Player has null/empty team field - breaks team-based filters
P2,C,4.0,null_team_field,Edward Olivares,658668,,,<team_abbrev>,NULL,Player has null/empty team field - breaks team-based filters
P2,C,4.0,null_team_field,Max Kepler,596146,,,<team_abbrev>,NULL,Player has null/empty team field - breaks team-based filters
P2,C,4.0,null_team_field,Austin Barnes,605131,,,<team_abbrev>,NULL,Player has null/empty team field - breaks team-based filters
P2,C,4.0,null_team_field,Matthew Batten,676946,,,<team_abbrev>,NULL,Player has null/empty team field - breaks team-based filters
P2,C,4.0,null_team_field,Eric Hosmer,543333,,,<team_abbrev>,NULL,Player has null/empty team field - breaks team-based filters
P2,C,4.0,null_team_field,Yasmani Grandal,518735,,,<team_abbrev>,NULL,Player has null/empty team field - breaks team-based filters
P2,C,4.0,null_team_field,Manuel Margot,622534,,,<team_abbrev>,NULL,Player has null/empty team field - breaks team-based filters
P2,C,4.0,null_team_field,Omar Narvaez,553882,,,<team_abbrev>,NULL,Player has null/empty team field - breaks team-based filters
P2,C,4.0,null_team_field,Eguy Rosario,666703,,,<team_abbrev>,NULL,Player has null/empty team field - breaks team-based filters
P2,C,4.0,null_team_field,Chris Williams,675910,,,<team_abbrev>,NULL,Player has null/empty team field - breaks team-based filters
P2,C,4.0,null_team_field,Mark Canha,592192,,,<team_abbrev>,NULL,Player has null/empty team field - breaks team-based filters
P2,C,4.0,null_team_field,Yunior Severino,670870,,,<team_abbrev>,NULL,Player has null/empty team field - breaks team-based filters
P2,C,4.0,null_team_field,Jesse Winker,608385,,,<team_abbrev>,NULL,Player has null/empty team field - breaks team-based filters
P2,C,4.0,null_team_field,Wilmer Flores,527038,,,<team_abbrev>,NULL,Player has null/empty team field - breaks team-based filters
P2,C,4.0,null_team_field,Justin Turner,457759,,,<team_abbrev>,NULL,Player has null/empty team field - breaks team-based filters
P2,C,4.0,null_team_field,Tucker Barnhart,571466,,,<team_abbrev>,NULL,Player has null/empty team field - breaks team-based filters
P2,C,4.0,null_team_field,Julio Rodriguez,679563,,,<team_abbrev>,NULL,Player has null/empty team field - breaks team-based filters
P2,C,4.0,null_team_field,Wilmer Font,521655,,,<team_abbrev>,NULL,Player has null/empty team field - breaks team-based filters
P2,C,4.0,null_team_field,Zack Godley,643327,,,<team_abbrev>,NULL,Player has null/empty team field - breaks team-based filters
P2,C,4.0,null_team_field,Reese McGuire,624512,,,<team_abbrev>,NULL,Player has null/empty team field - breaks team-based filters
P2,C,4.0,null_team_field,David Peralta,444482,,,<team_abbrev>,NULL,Player has null/empty team field - breaks team-based filters
P2,C,4.0,null_team_field,Phil Clarke,671287,,,<team_abbrev>,NULL,Player has null/empty team field - breaks team-based filters
P2,C,4.0,null_team_field,Adam Duvall,594807,,,<team_abbrev>,NULL,Player has null/empty team field - breaks team-based filters
P2,C,4.0,null_team_field,Ronaldo Hernández,660613,,,<team_abbrev>,NULL,Player has null/empty team field - breaks team-based filters
P2,C,4.0,null_team_field,Jon Berti,542932,,,<team_abbrev>,NULL,Player has null/empty team field - breaks team-based filters
P2,C,4.0,null_team_field,Jose Iglesias,578428,,,<team_abbrev>,NULL,Player has null/empty team field - breaks team-based filters
P2,C,4.0,null_team_field,Josh Donaldson,518626,,,<team_abbrev>,NULL,Player has null/empty team field - breaks team-based filters
P2,C,4.0,null_team_field,Emmanuel Rivera,656896,,,<team_abbrev>,NULL,Player has null/empty team field - breaks team-based filters
P2,C,4.0,null_team_field,Estevan Florial,664314,,,<team_abbrev>,NULL,Player has null/empty team field - breaks team-based filters
P2,C,4.0,null_team_field,Julio E. Rodriguez,667372,,,<team_abbrev>,NULL,Player has null/empty team field - breaks team-based filters
P2,C,4.0,null_team_field,Michael De La Cruz,631222,,,<team_abbrev>,NULL,Player has null/empty team field - breaks team-based filters
P2,C,4.0,null_team_field,Lorenzo Cedrola,661411,,,<team_abbrev>,NULL,Player has null/empty team field - breaks team-based filters
P2,C,4.0,null_team_field,Leonel Valera,665987,,,<team_abbrev>,NULL,Player has null/empty team field - breaks team-based filters
P2,C,4.0,null_team_field,Juan Yepez,660766,,,<team_abbrev>,NULL,Player has null/empty team field - breaks team-based filters
P2,C,4.0,null_team_field,Tommy Pham,502054,,,<team_abbrev>,NULL,Player has null/empty team field - breaks team-based filters
P2,C,4.0,null_team_field,Connor Hollis,667442,,,<team_abbrev>,NULL,Player has null/empty team field - breaks team-based filters
P2,C,4.0,null_team_field,Damon Dues,680815,,,<team_abbrev>,NULL,Player has null/empty team field - breaks team-based filters
P2,C,4.0,null_team_field,Armando Alvarez,669137,,,<team_abbrev>,NULL,Player has null/empty team field - breaks team-based filters
P2,C,4.0,null_team_field,Gabriel Cancel,663708,,,<team_abbrev>,NULL,Player has null/empty team field - breaks team-based filters
P2,C,4.0,null_team_field,Mike Moustakas,519058,,,<team_abbrev>,NULL,Player has null/empty team field - breaks team-based filters
P2,C,4.0,null_team_field,Angelo Castellano,613546,,,<team_abbrev>,NULL,Player has null/empty team field - breaks team-based filters
P2,C,4.0,null_team_field,Rafael Ortega,542364,,,<team_abbrev>,NULL,Player has null/empty team field - breaks team-based filters
P2,C,4.0,null_team_field,Ricardo Genovés,665648,,,<team_abbrev>,NULL,Player has null/empty team field - breaks team-based filters
P2,C,4.0,null_team_field,C.J. Hinojosa,546994,,,<team_abbrev>,NULL,Player has null/empty team field - breaks team-based filters
P2,C,4.0,null_team_field,Brett Auerbach,682266,,,<team_abbrev>,NULL,Player has null/empty team field - breaks team-based filters
P2,C,4.0,null_team_field,Bryson Brigman,624417,,,<team_abbrev>,NULL,Player has null/empty team field - breaks team-based filters
P2,C,4.0,null_team_field,Andrés Alvarez,687019,,,<team_abbrev>,NULL,Player has null/empty team field - breaks team-based filters
P2,C,4.0,null_team_field,Coco Montes,663796,,,<team_abbrev>,NULL,Player has null/empty team field - breaks team-based filters
P2,C,4.0,null_team_field,Reivaj Garcia,678706,,,<team_abbrev>,NULL,Player has null/empty team field - breaks team-based filters
P2,C,4.0,null_team_field,Geisel Cepeda,808206,,,<team_abbrev>,NULL,Player has null/empty team field - breaks team-based filters
P2,C,4.0,null_team_field,Imanol Vargas,677673,,,<team_abbrev>,NULL,Player has null/empty team field - breaks team-based filters
P2,C,4.0,null_team_field,Andy Blake,701544,,,<team_abbrev>,NULL,Player has null/empty team field - breaks team-based filters
P2,C,4.0,null_team_field,Shayne Fontana,687833,,,<team_abbrev>,NULL,Player has null/empty team field - breaks team-based filters
P2,C,4.0,null_team_field,Agustin Ruiz,672361,,,<team_abbrev>,NULL,Player has null/empty team field - breaks team-based filters
P2,C,4.0,null_team_field,Alan Trejo,676701,,,<team_abbrev>,NULL,Player has null/empty team field - breaks team-based filters
P2,C,4.0,null_team_field,Moisés Gómez,664332,,,<team_abbrev>,NULL,Player has null/empty team field - breaks team-based filters
P2,C,4.0,null_team_field,Martin Maldonado,455117,,,<team_abbrev>,NULL,Player has null/empty team field - breaks team-based filters
P2,C,4.0,null_team_field,Mike Zunino,572287,,,<team_abbrev>,NULL,Player has null/empty team field - breaks team-based filters
P2,C,4.0,null_team_field,Robbie Tenerowicz,642134,,,<team_abbrev>,NULL,Player has null/empty team field - breaks team-based filters
P2,C,4.0,null_team_field,Isiah Gilliam,656462,,,<team_abbrev>,NULL,Player has null/empty team field - breaks team-based filters
P2,C,4.0,null_team_field,Jacob Teter,679628,,,<team_abbrev>,NULL,Player has null/empty team field - breaks team-based filters
P2,C,4.0,null_team_field,Luis De Los Santos,665782,,,<team_abbrev>,NULL,Player has null/empty team field - breaks team-based filters
P2,C,4.0,null_team_field,Cole Roederer,680711,,,<team_abbrev>,NULL,Player has null/empty team field - breaks team-based filters
P2,C,4.0,null_team_field,Luis Castro,620449,,,<team_abbrev>,NULL,Player has null/empty team field - breaks team-based filters
P2,C,4.0,null_team_field,Aledmys Díaz,649557,,,<team_abbrev>,NULL,Player has null/empty team field - breaks team-based filters
P2,C,4.0,null_team_field,J.P. Martínez,679881,,,<team_abbrev>,NULL,Player has null/empty team field - breaks team-based filters
P2,C,4.0,null_team_field,Zach Remillard,621545,,,<team_abbrev>,NULL,Player has null/empty team field - breaks team-based filters
P2,C,4.0,null_team_field,Cristian Santana,655996,,,<team_abbrev>,NULL,Player has null/empty team field - breaks team-based filters
P2,C,4.0,null_team_field,Harold Ramírez,623912,,,<team_abbrev>,NULL,Player has null/empty team field - breaks team-based filters
P2,C,4.0,null_team_field,Edwin Rios,621458,,,<team_abbrev>,NULL,Player has null/empty team field - breaks team-based filters
P2,C,4.0,null_team_field,Rainer Nunez,678742,,,<team_abbrev>,NULL,Player has null/empty team field - breaks team-based filters
P2,C,4.0,null_team_field,Drew Lugbauer,656666,,,<team_abbrev>,NULL,Player has null/empty team field - breaks team-based filters
P2,C,4.0,null_team_field,Sandy León,506702,,,<team_abbrev>,NULL,Player has null/empty team field - breaks team-based filters
P2,C,4.0,null_team_field,Nick Martini,605361,,,<team_abbrev>,NULL,Player has null/empty team field - breaks team-based filters
P2,C,4.0,null_team_field,Mason Martin,676733,,,<team_abbrev>,NULL,Player has null/empty team field - breaks team-based filters
P2,C,4.0,null_team_field,Jon Singleton,572138,,,<team_abbrev>,NULL,Player has null/empty team field - breaks team-based filters
P2,C,4.0,null_team_field,Geraldi Diaz,673145,,,<team_abbrev>,NULL,Player has null/empty team field - breaks team-based filters
P2,C,4.0,null_team_field,David Hensley,682073,,,<team_abbrev>,NULL,Player has null/empty team field - breaks team-based filters
P2,C,4.0,null_team_field,Donovan Casey,661541,,,<team_abbrev>,NULL,Player has null/empty team field - breaks team-based filters
P2,C,4.0,null_team_field,Bladimir Restituyo,678837,,,<team_abbrev>,NULL,Player has null/empty team field - breaks team-based filters
P2,C,4.0,null_team_field,Kay-Lan Nicasia,702461,,,<team_abbrev>,NULL,Player has null/empty team field - breaks team-based filters
P2,C,4.0,null_team_field,Haydn McGeary,702333,,,<team_abbrev>,NULL,Player has null/empty team field - breaks team-based filters
P2,C,4.0,null_team_field,Braylon Bishop,691770,,,<team_abbrev>,NULL,Player has null/empty team field - breaks team-based filters
P2,C,4.0,null_team_field,Maikol Hernández,694204,,,<team_abbrev>,NULL,Player has null/empty team field - breaks team-based filters
P2,C,4.0,null_team_field,Joseph Sequera,808023,,,<team_abbrev>,NULL,Player has null/empty team field - breaks team-based filters
P2,C,4.0,null_team_field,Jose Robledo,697779,,,<team_abbrev>,NULL,Player has null/empty team field - breaks team-based filters
P2,C,4.0,null_team_field,Elias Marrero,827418,,,<team_abbrev>,NULL,Player has null/empty team field - breaks team-based filters
P2,C,4.0,null_team_field,Easton Shelton,806221,,,<team_abbrev>,NULL,Player has null/empty team field - breaks team-based filters
P2,C,4.0,null_team_field,Sebastian Castro,699315,,,<team_abbrev>,NULL,Player has null/empty team field - breaks team-based filters
P2,C,4.0,null_team_field,Carlos Tirado,800504,,,<team_abbrev>,NULL,Player has null/empty team field - breaks team-based filters
P2,C,4.0,null_team_field,Austin Dean,621573,,,<team_abbrev>,NULL,Player has null/empty team field - breaks team-based filters
P2,C,4.0,null_team_field,Daniel Vogelbach,596129,,,<team_abbrev>,NULL,Player has null/empty team field - breaks team-based filters
P2,C,4.0,null_team_field,Yonathan Perlaza,666632,,,<team_abbrev>,NULL,Player has null/empty team field - breaks team-based filters
P2,C,4.0,null_team_field,Khalil Lee,666137,,,<team_abbrev>,NULL,Player has null/empty team field - breaks team-based filters
P2,C,4.0,null_team_field,Victor Reyes,622682,,,<team_abbrev>,NULL,Player has null/empty team field - breaks team-based filters
P2,C,4.0,null_team_field,Tyler Nevin,663527,,,<team_abbrev>,NULL,Player has null/empty team field - breaks team-based filters
P2,C,4.0,null_team_field,Michael Brantley,488726,,,<team_abbrev>,NULL,Player has null/empty team field - breaks team-based filters
P2,C,4.0,null_team_field,Guillermo Heredia,628338,,,<team_abbrev>,NULL,Player has null/empty team field - breaks team-based filters
P2,C,4.0,null_team_field,Mark Mathias,664029,,,<team_abbrev>,NULL,Player has null/empty team field - breaks team-based filters
P2,C,4.0,null_team_field,Brandon Belt,474832,,,<team_abbrev>,NULL,Player has null/empty team field - breaks team-based filters
P2,C,4.0,null_team_field,Franmil Reyes,614177,,,<team_abbrev>,NULL,Player has null/empty team field - breaks team-based filters
P2,C,4.0,null_team_field,Kyle Lewis,641786,,,<team_abbrev>,NULL,Player has null/empty team field - breaks team-based filters
P2,C,4.0,null_team_field,Domingo Santana,570267,,,<team_abbrev>,NULL,Player has null/empty team field - breaks team-based filters
P2,C,4.0,null_team_field,Matt Davidson,571602,,,<team_abbrev>,NULL,Player has null/empty team field - breaks team-based filters
P2,C,4.0,null_team_field,David MacKinnon,676950,,,<team_abbrev>,NULL,Player has null/empty team field - breaks team-based filters
P2,C,4.0,null_team_field,Mel Rojas Jr.,592692,,,<team_abbrev>,NULL,Player has null/empty team field - breaks team-based filters
P2,C,4.0,null_team_field,Jason Martin,641829,,,<team_abbrev>,NULL,Player has null/empty team field - breaks team-based filters
P2,C,4.0,null_team_field,Hunter Renfroe,592669,,,<team_abbrev>,NULL,Player has null/empty team field - breaks team-based filters
P2,C,4.0,null_team_field,Euiji Yang,673560,,,<team_abbrev>,NULL,Player has null/empty team field - breaks team-based filters
P2,C,4.0,null_team_field,Ronald Guzmán,608597,,,<team_abbrev>,NULL,Player has null/empty team field - breaks team-based filters
P2,C,4.0,null_team_field,J.D. Martinez,502110,,,<team_abbrev>,NULL,Player has null/empty team field - breaks team-based filters
P2,C,4.0,null_team_field,Jordan Diaz,672478,,,<team_abbrev>,NULL,Player has null/empty team field - breaks team-based filters
P2,C,4.0,null_team_field,Cooper Hummel,669450,,,<team_abbrev>,NULL,Player has null/empty team field - breaks team-based filters
P2,C,4.0,null_team_field,Joshua Palacios,641943,,,<team_abbrev>,NULL,Player has null/empty team field - breaks team-based filters
P2,C,4.0,null_team_field,Robbie Grossman,543257,,,<team_abbrev>,NULL,Player has null/empty team field - breaks team-based filters
P2,C,4.0,null_team_field,DJ LeMahieu,518934,,,<team_abbrev>,NULL,Player has null/empty team field - breaks team-based filters
P2,C,4.0,null_team_field,Ruben Cardenas,665180,,,<team_abbrev>,NULL,Player has null/empty team field - breaks team-based filters
P2,C,4.0,null_team_field,Justin Connell,676667,,,<team_abbrev>,NULL,Player has null/empty team field - breaks team-based filters
P2,C,4.0,null_team_field,Willie Calhoun,641432,,,<team_abbrev>,NULL,Player has null/empty team field - breaks team-based filters
P2,C,4.0,null_team_field,Sam Hilliard,656541,,,<team_abbrev>,NULL,Player has null/empty team field - breaks team-based filters
P2,C,4.0,null_team_field,Keston Hiura,669374,,,<team_abbrev>,NULL,Player has null/empty team field - breaks team-based filters
P2,C,4.0,null_team_field,Charles Leblanc,641779,,,<team_abbrev>,NULL,Player has null/empty team field - breaks team-based filters
P2,C,4.0,null_team_field,Austin Shenton,668853,,,<team_abbrev>,NULL,Player has null/empty team field - breaks team-based filters
P2,C,4.0,null_team_field,Chase Pinder,676198,,,<team_abbrev>,NULL,Player has null/empty team field - breaks team-based filters
P2,C,4.0,null_team_field,Johan Mieses,644407,,,<team_abbrev>,NULL,Player has null/empty team field - breaks team-based filters
P2,C,4.0,null_team_field,Jake Cave,595909,,,<team_abbrev>,NULL,Player has null/empty team field - breaks team-based filters
P2,C,4.0,null_team_field,Michael Hermosillo,641684,,,<team_abbrev>,NULL,Player has null/empty team field - breaks team-based filters
P2,C,4.0,null_team_field,Jeong Choi,547948,,,<team_abbrev>,NULL,Player has null/empty team field - breaks team-based filters
P2,C,4.0,null_team_field,Trenton Brooks,670092,,,<team_abbrev>,NULL,Player has null/empty team field - breaks team-based filters
P2,C,4.0,null_team_field,C.J. Cron,543068,,,<team_abbrev>,NULL,Player has null/empty team field - breaks team-based filters
P2,C,4.0,null_team_field,River Town,701817,,,<team_abbrev>,NULL,Player has null/empty team field - breaks team-based filters
P2,C,4.0,null_team_field,Jorge Bonifacio,593528,,,<team_abbrev>,NULL,Player has null/empty team field - breaks team-based filters
P2,C,4.0,null_team_field,Joey Gallo,608336,,,<team_abbrev>,NULL,Player has null/empty team field - breaks team-based filters
P2,C,4.0,null_team_field,Elehuris Montero,660707,,,<team_abbrev>,NULL,Player has null/empty team field - breaks team-based filters
P2,C,4.0,null_team_field,Marcus Wilson,657129,,,<team_abbrev>,NULL,Player has null/empty team field - breaks team-based filters
P2,C,4.0,null_team_field,Ji Man Choi,596847,,,<team_abbrev>,NULL,Player has null/empty team field - breaks team-based filters
P2,C,4.0,null_team_field,Garrett Whitley,663605,,,<team_abbrev>,NULL,Player has null/empty team field - breaks team-based filters
P2,C,4.0,null_team_field,Donovan Solano,456781,,,<team_abbrev>,NULL,Player has null/empty team field - breaks team-based filters
P2,C,4.0,null_team_field,Nick Dunn,680709,,,<team_abbrev>,NULL,Player has null/empty team field - breaks team-based filters
P2,C,4.0,null_team_field,Mitchell Tolman,664051,,,<team_abbrev>,NULL,Player has null/empty team field - breaks team-based filters
P2,C,4.0,null_team_field,Oscar Gonzalez,660757,,,<team_abbrev>,NULL,Player has null/empty team field - breaks team-based filters
P2,C,4.0,null_team_field,Chris Gittens,656467,,,<team_abbrev>,NULL,Player has null/empty team field - breaks team-based filters
P2,C,4.0,null_team_field,Aaron Hicks,543305,,,<team_abbrev>,NULL,Player has null/empty team field - breaks team-based filters
P2,C,4.0,null_team_field,Jeter Downs,669023,,,<team_abbrev>,NULL,Player has null/empty team field - breaks team-based filters
P2,C,4.0,null_team_field,Tucker Bradley,674646,,,<team_abbrev>,NULL,Player has null/empty team field - breaks team-based filters
P2,C,4.0,null_team_field,Warming Bernabel,682653,,,<team_abbrev>,NULL,Player has null/empty team field - breaks team-based filters
P2,C,4.0,null_team_field,Nick Maton,665155,,,<team_abbrev>,NULL,Player has null/empty team field - breaks team-based filters
P2,C,4.0,null_team_field,DJ Stewart,621466,,,<team_abbrev>,NULL,Player has null/empty team field - breaks team-based filters
P2,C,4.0,null_team_field,Darin Ruf,573131,,,<team_abbrev>,NULL,Player has null/empty team field - breaks team-based filters
P2,C,4.0,null_team_field,TJ Hopkins,686759,,,<team_abbrev>,NULL,Player has null/empty team field - breaks team-based filters
P2,C,4.0,null_team_field,Niko Hulsizer,680881,,,<team_abbrev>,NULL,Player has null/empty team field - breaks team-based filters
P2,C,4.0,null_team_field,Junwoo Jeon,628456,,,<team_abbrev>,NULL,Player has null/empty team field - breaks team-based filters
P2,C,4.0,null_team_field,Yoshi Tsutsugo,660294,,,<team_abbrev>,NULL,Player has null/empty team field - breaks team-based filters
P2,C,4.0,null_team_field,Aaron Palensky,695312,,,<team_abbrev>,NULL,Player has null/empty team field - breaks team-based filters
P2,C,4.0,null_team_field,Vito Friscia,687347,,,<team_abbrev>,NULL,Player has null/empty team field - breaks team-based filters
P2,C,4.0,null_team_field,Bob Seymour,676044,,,<team_abbrev>,NULL,Player has null/empty team field - breaks team-based filters
P2,C,4.0,null_team_field,Tyler Dearden,676280,,,<team_abbrev>,NULL,Player has null/empty team field - breaks team-based filters
P2,C,4.0,null_team_field,Tom Murphy,608596,,,<team_abbrev>,NULL,Player has null/empty team field - breaks team-based filters
P2,C,4.0,null_team_field,Chad Pinder,640461,,,<team_abbrev>,NULL,Player has null/empty team field - breaks team-based filters
P2,C,4.0,null_team_field,Rougned Odor,596059,,,<team_abbrev>,NULL,Player has null/empty team field - breaks team-based filters
P2,C,4.0,null_team_field,Jason Heyward,518792,,,<team_abbrev>,NULL,Player has null/empty team field - breaks team-based filters
P2,C,4.0,null_team_field,Alex Dickerson,543105,,,<team_abbrev>,NULL,Player has null/empty team field - breaks team-based filters
P2,C,4.0,null_team_field,Miguel Sanó,593934,,,<team_abbrev>,NULL,Player has null/empty team field - breaks team-based filters
P2,C,4.0,null_team_field,Trey Cabbage,663550,,,<team_abbrev>,NULL,Player has null/empty team field - breaks team-based filters
P2,C,4.0,null_team_field,Diego Rincones,665651,,,<team_abbrev>,NULL,Player has null/empty team field - breaks team-based filters
P2,C,4.0,null_team_field,Xavier Fernández,641569,,,<team_abbrev>,NULL,Player has null/empty team field - breaks team-based filters
P2,C,4.0,null_team_field,Kyoung-min Hur,673482,,,<team_abbrev>,NULL,Player has null/empty team field - breaks team-based filters
P2,C,4.0,null_team_field,Brad Miller,543543,,,<team_abbrev>,NULL,Player has null/empty team field - breaks team-based filters
P2,C,4.0,null_team_field,Anthony Prato,668791,,,<team_abbrev>,NULL,Player has null/empty team field - breaks team-based filters
P2,C,4.0,null_team_field,Taylor Jones,622100,,,<team_abbrev>,NULL,Player has null/empty team field - breaks team-based filters
P2,C,4.0,null_team_field,Frankie Tostado,676762,,,<team_abbrev>,NULL,Player has null/empty team field - breaks team-based filters
P2,C,4.0,null_team_field,Sean Bouchard,656248,,,<team_abbrev>,NULL,Player has null/empty team field - breaks team-based filters
P2,C,4.0,null_team_field,Joe Rizzo,666143,,,<team_abbrev>,NULL,Player has null/empty team field - breaks team-based filters
P2,C,4.0,null_team_field,Jason Vosler,613564,,,<team_abbrev>,NULL,Player has null/empty team field - breaks team-based filters
P2,C,4.0,null_team_field,Cody Thomas,642137,,,<team_abbrev>,NULL,Player has null/empty team field - breaks team-based filters
P2,C,4.0,null_team_field,Jordan Qsar,682040,,,<team_abbrev>,NULL,Player has null/empty team field - breaks team-based filters
P2,C,4.0,null_team_field,Drew Ellis,656403,,,<team_abbrev>,NULL,Player has null/empty team field - breaks team-based filters
P2,C,4.0,null_team_field,Matt Kroon,663714,,,<team_abbrev>,NULL,Player has null/empty team field - breaks team-based filters
P2,C,4.0,null_team_field,Scott Hurst,656568,,,<team_abbrev>,NULL,Player has null/empty team field - breaks team-based filters
P2,C,4.0,null_team_field,Hyun Soo Kim,547957,,,<team_abbrev>,NULL,Player has null/empty team field - breaks team-based filters
P2,C,4.0,null_team_field,Matt Beaty,607461,,,<team_abbrev>,NULL,Player has null/empty team field - breaks team-based filters
P2,C,4.0,null_team_field,Jamie Westbrook,642197,,,<team_abbrev>,NULL,Player has null/empty team field - breaks team-based filters
P2,C,4.0,null_team_field,Mike Ford,645801,,,<team_abbrev>,NULL,Player has null/empty team field - breaks team-based filters
P2,C,4.0,null_team_field,Matt Carpenter,572761,,,<team_abbrev>,NULL,Player has null/empty team field - breaks team-based filters
P2,C,4.0,null_team_field,Joe Dunand,656388,,,<team_abbrev>,NULL,Player has null/empty team field - breaks team-based filters
P2,C,4.0,null_team_field,Greyson Jenista,680571,,,<team_abbrev>,NULL,Player has null/empty team field - breaks team-based filters
P2,C,4.0,null_team_field,Curt Casali,592200,,,<team_abbrev>,NULL,Player has null/empty team field - breaks team-based filters
P2,C,4.0,null_team_field,Matt Mervis,670223,,,<team_abbrev>,NULL,Player has null/empty team field - breaks team-based filters
P2,C,4.0,null_team_field,Kole Calhoun,594777,,,<team_abbrev>,NULL,Player has null/empty team field - breaks team-based filters
P2,C,4.0,null_team_field,Canaan Smith-Njigba,675986,,,<team_abbrev>,NULL,Player has null/empty team field - breaks team-based filters
P2,C,4.0,null_team_field,Tony Kemp,643393,,,<team_abbrev>,NULL,Player has null/empty team field - breaks team-based filters
P2,C,4.0,null_team_field,Justin Yurchak,657144,,,<team_abbrev>,NULL,Player has null/empty team field - breaks team-based filters
P2,C,4.0,null_team_field,David Dahl,621311,,,<team_abbrev>,NULL,Player has null/empty team field - breaks team-based filters
P2,C,4.0,null_team_field,Maxwell Costes,696272,,,<team_abbrev>,NULL,Player has null/empty team field - breaks team-based filters
P2,C,4.0,null_team_field,Ryan McKenna,663630,,,<team_abbrev>,NULL,Player has null/empty team field - breaks team-based filters
P2,C,4.0,null_team_field,Brendon Davis,663478,,,<team_abbrev>,NULL,Player has null/empty team field - breaks team-based filters
P2,C,4.0,null_team_field,Camden Duzenack,670427,,,<team_abbrev>,NULL,Player has null/empty team field - breaks team-based filters
P2,C,4.0,null_team_field,Javier Valdes,688002,,,<team_abbrev>,NULL,Player has null/empty team field - breaks team-based filters
P2,C,4.0,null_team_field,Rodolfo Castro,666801,,,<team_abbrev>,NULL,Player has null/empty team field - breaks team-based filters
P2,C,4.0,null_team_field,Grant Lavigne,680693,,,<team_abbrev>,NULL,Player has null/empty team field - breaks team-based filters
P2,C,4.0,null_team_field,Robbie Glendinning,674671,,,<team_abbrev>,NULL,Player has null/empty team field - breaks team-based filters
P2,C,4.0,null_team_field,Forrest Wall,657088,,,<team_abbrev>,NULL,Player has null/empty team field - breaks team-based filters
P2,C,4.0,null_team_field,Ross Adolph,680244,,,<team_abbrev>,NULL,Player has null/empty team field - breaks team-based filters
P2,C,4.0,null_team_field,Terence Doston,688392,,,<team_abbrev>,NULL,Player has null/empty team field - breaks team-based filters
P2,C,4.0,null_team_field,Rixon Wingrove,678534,,,<team_abbrev>,NULL,Player has null/empty team field - breaks team-based filters
P2,C,4.0,null_team_field,Jake Thompson,700081,,,<team_abbrev>,NULL,Player has null/empty team field - breaks team-based filters
P2,C,4.0,null_team_field,Ivan Melendez,699471,,,<team_abbrev>,NULL,Player has null/empty team field - breaks team-based filters
P2,C,4.0,null_team_field,Whit Merrifield,593160,,,<team_abbrev>,NULL,Player has null/empty team field - breaks team-based filters
P2,C,4.0,null_team_field,Lazaro Armenteros,670860,,,<team_abbrev>,NULL,Player has null/empty team field - breaks team-based filters
P2,C,4.0,null_team_field,Armani Smith,669702,,,<team_abbrev>,NULL,Player has null/empty team field - breaks team-based filters
P2,C,4.0,null_team_field,Zach DeLoach,676113,,,<team_abbrev>,NULL,Player has null/empty team field - breaks team-based filters
P2,C,4.0,null_team_field,Jesse Franklin V,675966,,,<team_abbrev>,NULL,Player has null/empty team field - breaks team-based filters
P2,C,4.0,null_team_field,Gabe Matthews,687346,,,<team_abbrev>,NULL,Player has null/empty team field - breaks team-based filters
P2,C,4.0,null_team_field,Jamie Ritchie,657739,,,<team_abbrev>,NULL,Player has null/empty team field - breaks team-based filters
P2,C,4.0,null_team_field,Malcom Nuñez,682650,,,<team_abbrev>,NULL,Player has null/empty team field - breaks team-based filters
P2,C,4.0,null_team_field,Yoyner Fajardo,679938,,,<team_abbrev>,NULL,Player has null/empty team field - breaks team-based filters
P2,C,4.0,null_team_field,Eduardo Escobar,500871,,,<team_abbrev>,NULL,Player has null/empty team field - breaks team-based filters
P2,C,4.0,null_team_field,Sandro Fabian,660758,,,<team_abbrev>,NULL,Player has null/empty team field - breaks team-based filters
P2,C,4.0,null_team_field,Alexander Canario,672744,,,<team_abbrev>,NULL,Player has null/empty team field - breaks team-based filters
P2,C,4.0,null_team_field,Omar Meregildo,660530,,,<team_abbrev>,NULL,Player has null/empty team field - breaks team-based filters
P2,C,4.0,null_team_field,Dayan Viciedo,493364,,,<team_abbrev>,NULL,Player has null/empty team field - breaks team-based filters
P2,C,4.0,null_team_field,Todd Lott,668698,,,<team_abbrev>,NULL,Player has null/empty team field - breaks team-based filters
P2,C,4.0,null_team_field,Jameson Hannah,680683,,,<team_abbrev>,NULL,Player has null/empty team field - breaks team-based filters
P2,C,4.0,null_team_field,Garrett Cooper,643265,,,<team_abbrev>,NULL,Player has null/empty team field - breaks team-based filters
P2,C,4.0,null_team_field,Sheldon Neuse,641914,,,<team_abbrev>,NULL,Player has null/empty team field - breaks team-based filters
P2,C,4.0,null_team_field,Yu Chang,644374,,,<team_abbrev>,NULL,Player has null/empty team field - breaks team-based filters
P2,C,4.0,null_team_field,Kolten Wong,543939,,,<team_abbrev>,NULL,Player has null/empty team field - breaks team-based filters
P2,C,4.0,null_team_field,Tim Locastro,641796,,,<team_abbrev>,NULL,Player has null/empty team field - breaks team-based filters
P2,C,4.0,null_team_field,Billy McKinney,641856,,,<team_abbrev>,NULL,Player has null/empty team field - breaks team-based filters
P2,C,4.0,null_team_field,Jaylin Davis,664041,,,<team_abbrev>,NULL,Player has null/empty team field - breaks team-based filters
P2,C,4.0,null_team_field,Tyler Neslony,664104,,,<team_abbrev>,NULL,Player has null/empty team field - breaks team-based filters
P2,C,4.0,null_team_field,LJ Talley,663544,,,<team_abbrev>,NULL,Player has null/empty team field - breaks team-based filters
P2,C,4.0,null_team_field,Ford Proctor,665154,,,<team_abbrev>,NULL,Player has null/empty team field - breaks team-based filters
P2,C,4.0,null_team_field,José Abreu,547989,,,<team_abbrev>,NULL,Player has null/empty team field - breaks team-based filters
P2,C,4.0,null_team_field,Skye Bolt,621450,,,<team_abbrev>,NULL,Player has null/empty team field - breaks team-based filters
P2,C,4.0,null_team_field,Alexander Ovalles,678900,,,<team_abbrev>,NULL,Player has null/empty team field - breaks team-based filters
P2,C,4.0,null_team_field,L.J. Jones,695292,,,<team_abbrev>,NULL,Player has null/empty team field - breaks team-based filters
P2,C,4.0,null_team_field,Allan Cerda,678323,,,<team_abbrev>,NULL,Player has null/empty team field - breaks team-based filters
P2,C,4.0,null_team_field,Danny Mendick,664901,,,<team_abbrev>,NULL,Player has null/empty team field - breaks team-based filters
P2,C,4.0,null_team_field,Bryan Arias,687035,,,<team_abbrev>,NULL,Player has null/empty team field - breaks team-based filters
P2,C,4.0,null_team_field,Zach Daniels,671113,,,<team_abbrev>,NULL,Player has null/empty team field - breaks team-based filters
P2,C,4.0,null_team_field,Andrew Kachel,803288,,,<team_abbrev>,NULL,Player has null/empty team field - breaks team-based filters
P2,C,4.0,null_team_field,Tristen Lutz,669157,,,<team_abbrev>,NULL,Player has null/empty team field - breaks team-based filters
P2,C,4.0,null_team_field,Jace Peterson,607054,,,<team_abbrev>,NULL,Player has null/empty team field - breaks team-based filters
P2,C,4.0,null_team_field,Gosuke Katoh,641741,,,<team_abbrev>,NULL,Player has null/empty team field - breaks team-based filters
P2,C,4.0,null_team_field,Yasiel Puig,624577,,,<team_abbrev>,NULL,Player has null/empty team field - breaks team-based filters
P2,C,4.0,null_team_field,Max Stassi,545358,,,<team_abbrev>,NULL,Player has null/empty team field - breaks team-based filters
P2,C,4.0,null_team_field,Eddie Rosario,592696,,,<team_abbrev>,NULL,Player has null/empty team field - breaks team-based filters
P2,C,4.0,null_team_field,Alex Isola,684576,,,<team_abbrev>,NULL,Player has null/empty team field - breaks team-based filters
P2,C,4.0,null_team_field,Caleb Roberts,681134,,,<team_abbrev>,NULL,Player has null/empty team field - breaks team-based filters
P2,C,4.0,null_team_field,Davis Bradshaw,676991,,,<team_abbrev>,NULL,Player has null/empty team field - breaks team-based filters
P2,C,4.0,null_team_field,Brandon McIlwain,666140,,,<team_abbrev>,NULL,Player has null/empty team field - breaks team-based filters
P2,C,4.0,null_team_field,Harold Castro,605612,,,<team_abbrev>,NULL,Player has null/empty team field - breaks team-based filters
P2,C,4.0,null_team_field,AJ Pollock,572041,,,<team_abbrev>,NULL,Player has null/empty team field - breaks team-based filters
P2,C,4.0,null_team_field,Shin-Soo Choo,425783,,,<team_abbrev>,NULL,Player has null/empty team field - breaks team-based filters
P2,C,4.0,null_team_field,Travis Blankenhorn,663905,,,<team_abbrev>,NULL,Player has null/empty team field - breaks team-based filters
P2,C,4.0,null_team_field,Orelvis Martinez,682619,,,<team_abbrev>,NULL,Player has null/empty team field - breaks team-based filters
P2,C,4.0,null_team_field,Kramer Robertson,670298,,,<team_abbrev>,NULL,Player has null/empty team field - breaks team-based filters
P2,C,4.0,null_team_field,Zach Zubia,687036,,,<team_abbrev>,NULL,Player has null/empty team field - breaks team-based filters
P2,C,4.0,null_team_field,Felix Stevens,685474,,,<team_abbrev>,NULL,Player has null/empty team field - breaks team-based filters
P2,C,4.0,null_team_field,Jake Slaughter,670237,,,<team_abbrev>,NULL,Player has null/empty team field - breaks team-based filters
P2,C,4.0,null_team_field,Brandon Dixon,641525,,,<team_abbrev>,NULL,Player has null/empty team field - breaks team-based filters
P2,C,4.0,null_team_field,Kevin Pillar,607680,,,<team_abbrev>,NULL,Player has null/empty team field - breaks team-based filters
P2,C,4.0,null_team_field,Miguel Cabrera,408234,,,<team_abbrev>,NULL,Player has null/empty team field - breaks team-based filters
P2,C,4.0,null_team_field,Roby Enriquez,690702,,,<team_abbrev>,NULL,Player has null/empty team field - breaks team-based filters
P2,C,4.0,null_team_field,Wil Myers,571976,,,<team_abbrev>,NULL,Player has null/empty team field - breaks team-based filters
P2,C,4.0,null_team_field,Jake Lamb,571875,,,<team_abbrev>,NULL,Player has null/empty team field - breaks team-based filters
P2,C,4.0,null_team_field,Josh VanMeter,642165,,,<team_abbrev>,NULL,Player has null/empty team field - breaks team-based filters
P2,C,4.0,null_team_field,Michael Gigliotti,669377,,,<team_abbrev>,NULL,Player has null/empty team field - breaks team-based filters
P2,C,4.0,null_team_field,Jack Larsen,677223,,,<team_abbrev>,NULL,Player has null/empty team field - breaks team-based filters
P2,C,4.0,null_team_field,Jose Peroza,672692,,,<team_abbrev>,NULL,Player has null/empty team field - breaks team-based filters
P2,C,4.0,null_team_field,Matt Higgins,696487,,,<team_abbrev>,NULL,Player has null/empty team field - breaks team-based filters
P2,C,4.0,null_team_field,Luis Guillorme,641645,,,<team_abbrev>,NULL,Player has null/empty team field - breaks team-based filters
P2,C,4.0,null_team_field,Justice Thompson,681142,,,<team_abbrev>,NULL,Player has null/empty team field - breaks team-based filters
P2,C,4.0,null_team_field,Arismendy Alcántara,570489,,,<team_abbrev>,NULL,Player has null/empty team field - breaks team-based filters
P2,C,4.0,null_team_field,Devin Mann,669471,,,<team_abbrev>,NULL,Player has null/empty team field - breaks team-based filters
P2,C,4.0,null_team_field,Zack Collins,641470,,,<team_abbrev>,NULL,Player has null/empty team field - breaks team-based filters
P2,C,4.0,null_team_field,Jake Noll,669738,,,<team_abbrev>,NULL,Player has null/empty team field - breaks team-based filters
P2,C,4.0,null_team_field,Lolo Sanchez,665975,,,<team_abbrev>,NULL,Player has null/empty team field - breaks team-based filters
P2,C,4.0,null_team_field,Bobby Dalbec,666915,,,<team_abbrev>,NULL,Player has null/empty team field - breaks team-based filters
P2,C,4.0,null_team_field,Drew Mount,681898,,,<team_abbrev>,NULL,Player has null/empty team field - breaks team-based filters
P2,C,4.0,null_team_field,Jimmy Herron,676939,,,<team_abbrev>,NULL,Player has null/empty team field - breaks team-based filters
P2,C,4.0,null_team_field,Albert Almora Jr.,546991,,,<team_abbrev>,NULL,Player has null/empty team field - breaks team-based filters
P2,C,4.0,null_team_field,Austin Allen,664119,,,<team_abbrev>,NULL,Player has null/empty team field - breaks team-based filters
P2,C,4.0,null_team_field,Alexfri Planez,678413,,,<team_abbrev>,NULL,Player has null/empty team field - breaks team-based filters
P2,C,4.0,null_team_field,Travis Swaggerty,680552,,,<team_abbrev>,NULL,Player has null/empty team field - breaks team-based filters
P2,C,4.0,null_team_field,Joe Perez,669309,,,<team_abbrev>,NULL,Player has null/empty team field - breaks team-based filters
P2,C,4.0,null_team_field,Daniel Montano,665914,,,<team_abbrev>,NULL,Player has null/empty team field - breaks team-based filters
P2,C,4.0,null_team_field,Darick Hall,669742,,,<team_abbrev>,NULL,Player has null/empty team field - breaks team-based filters
P2,C,4.0,null_team_field,Brian Miller,675649,,,<team_abbrev>,NULL,Player has null/empty team field - breaks team-based filters
P2,C,4.0,null_team_field,Kevin Kiermaier,595281,,,<team_abbrev>,NULL,Player has null/empty team field - breaks team-based filters
P2,C,4.0,null_team_field,Juan Fernandez,667749,,,<team_abbrev>,NULL,Player has null/empty team field - breaks team-based filters
P2,C,4.0,null_team_field,Tyler Osik,677068,,,<team_abbrev>,NULL,Player has null/empty team field - breaks team-based filters
P2,C,4.0,null_team_field,Taylor Kohlwey,670128,,,<team_abbrev>,NULL,Player has null/empty team field - breaks team-based filters
P2,C,4.0,null_team_field,Corey Rosier,681468,,,<team_abbrev>,NULL,Player has null/empty team field - breaks team-based filters
P2,C,4.0,null_team_field,Dominic Miroglio,641884,,,<team_abbrev>,NULL,Player has null/empty team field - breaks team-based filters
P2,C,4.0,null_team_field,Diego Infante,672653,,,<team_abbrev>,NULL,Player has null/empty team field - breaks team-based filters
P2,C,4.0,null_team_field,Connor Kokx,701634,,,<team_abbrev>,NULL,Player has null/empty team field - breaks team-based filters
P2,C,4.0,null_team_field,Luis Toribio,678681,,,<team_abbrev>,NULL,Player has null/empty team field - breaks team-based filters
P2,C,4.0,null_team_field,Jake Scheiner,676595,,,<team_abbrev>,NULL,Player has null/empty team field - breaks team-based filters
P2,C,4.0,null_team_field,Micah Pries,687588,,,<team_abbrev>,NULL,Player has null/empty team field - breaks team-based filters
P2,C,4.0,null_team_field,Alsander Womack,703920,,,<team_abbrev>,NULL,Player has null/empty team field - breaks team-based filters
P2,C,4.0,null_team_field,Narciso Crook,643271,,,<team_abbrev>,NULL,Player has null/empty team field - breaks team-based filters
P2,C,4.0,null_team_field,Stevie Berman,670281,,,<team_abbrev>,NULL,Player has null/empty team field - breaks team-based filters
P2,C,4.0,null_team_field,PK Morris,676678,,,<team_abbrev>,NULL,Player has null/empty team field - breaks team-based filters
P2,C,4.0,null_team_field,Juan Guerrero,682648,,,<team_abbrev>,NULL,Player has null/empty team field - breaks team-based filters
P2,C,4.0,null_team_field,Bon Ki Shin,598289,,,<team_abbrev>,NULL,Player has null/empty team field - breaks team-based filters
P2,C,4.0,null_team_field,Quincy Nieporte,676811,,,<team_abbrev>,NULL,Player has null/empty team field - breaks team-based filters
P2,C,4.0,null_team_field,John Hicks,543308,,,<team_abbrev>,NULL,Player has null/empty team field - breaks team-based filters
P2,C,4.0,null_team_field,Sean Roby,681852,,,<team_abbrev>,NULL,Player has null/empty team field - breaks team-based filters
P2,C,4.0,null_team_field,Lamar Sparks,676473,,,<team_abbrev>,NULL,Player has null/empty team field - breaks team-based filters
P2,C,4.0,null_team_field,Corey Dickerson,572816,,,<team_abbrev>,NULL,Player has null/empty team field - breaks team-based filters
P2,C,4.0,null_team_field,Alex McGarry,685127,,,<team_abbrev>,NULL,Player has null/empty team field - breaks team-based filters
P2,C,4.0,null_team_field,Marty Costes,664753,,,<team_abbrev>,NULL,Player has null/empty team field - breaks team-based filters
P2,C,4.0,null_team_field,Ho-young Son,656098,,,<team_abbrev>,NULL,Player has null/empty team field - breaks team-based filters
P2,C,4.0,null_team_field,Dérmis Garcia,660650,,,<team_abbrev>,NULL,Player has null/empty team field - breaks team-based filters
P2,C,4.0,null_team_field,Tres Gonzalez,687206,,,<team_abbrev>,NULL,Player has null/empty team field - breaks team-based filters
P2,C,4.0,null_team_field,Noah Campbell,668929,,,<team_abbrev>,NULL,Player has null/empty team field - breaks team-based filters
P2,C,4.0,null_team_field,Neyfy Castillo,678689,,,<team_abbrev>,NULL,Player has null/empty team field - breaks team-based filters
P2,C,4.0,null_team_field,Ben Norman,680421,,,<team_abbrev>,NULL,Player has null/empty team field - breaks team-based filters
P2,C,4.0,null_team_field,Ezequiel Pagan,681868,,,<team_abbrev>,NULL,Player has null/empty team field - breaks team-based filters
P2,C,4.0,null_team_field,Gregory Polanco,570256,,,<team_abbrev>,NULL,Player has null/empty team field - breaks team-based filters
P2,C,4.0,null_team_field,Clint Frazier,640449,,,<team_abbrev>,NULL,Player has null/empty team field - breaks team-based filters
P2,C,4.0,null_team_field,Alerick Soularie,669442,,,<team_abbrev>,NULL,Player has null/empty team field - breaks team-based filters
P2,C,4.0,null_team_field,Ryan McBroom,643436,,,<team_abbrev>,NULL,Player has null/empty team field - breaks team-based filters
P2,C,4.0,null_team_field,Delino DeShields,592261,,,<team_abbrev>,NULL,Player has null/empty team field - breaks team-based filters
P2,C,4.0,null_team_field,Nick Podkul,674951,,,<team_abbrev>,NULL,Player has null/empty team field - breaks team-based filters
P2,C,4.0,null_team_field,R.J. Yeager,694271,,,<team_abbrev>,NULL,Player has null/empty team field - breaks team-based filters
P2,C,4.0,null_team_field,Josh Sale,592714,,,<team_abbrev>,NULL,Player has null/empty team field - breaks team-based filters
P2,C,4.0,null_team_field,Norichika Aoki,493114,,,<team_abbrev>,NULL,Player has null/empty team field - breaks team-based filters
P2,C,4.0,null_team_field,Stephen Scott,679663,,,<team_abbrev>,NULL,Player has null/empty team field - breaks team-based filters
P2,C,4.0,null_team_field,Korry Howell,676759,,,<team_abbrev>,NULL,Player has null/empty team field - breaks team-based filters
P2,C,4.0,null_team_field,Ramon Hernandez,650346,,,<team_abbrev>,NULL,Player has null/empty team field - breaks team-based filters
P2,C,4.0,null_team_field,Ah-seop Son,628361,,,<team_abbrev>,NULL,Player has null/empty team field - breaks team-based filters
P2,C,4.0,null_team_field,Jairo Pomares,682646,,,<team_abbrev>,NULL,Player has null/empty team field - breaks team-based filters
P2,C,4.0,null_team_field,Matt Reynolds,608703,,,<team_abbrev>,NULL,Player has null/empty team field - breaks team-based filters
P2,C,4.0,null_team_field,Cam Devanney,687478,,,<team_abbrev>,NULL,Player has null/empty team field - breaks team-based filters
P2,C,4.0,null_team_field,José Alvarez,672905,,,<team_abbrev>,NULL,Player has null/empty team field - breaks team-based filters
P2,C,4.0,null_team_field,Joe Suozzi,679545,,,<team_abbrev>,NULL,Player has null/empty team field - breaks team-based filters
P2,C,4.0,null_team_field,Adam Haseley,656514,,,<team_abbrev>,NULL,Player has null/empty team field - breaks team-based filters
P2,C,4.0,null_team_field,Chase Strumpf,668664,,,<team_abbrev>,NULL,Player has null/empty team field - breaks team-based filters
P2,C,4.0,null_team_field,Trevor Schwecke,673893,,,<team_abbrev>,NULL,Player has null/empty team field - breaks team-based filters
P2,C,4.0,null_team_field,Kody Hoese,682210,,,<team_abbrev>,NULL,Player has null/empty team field - breaks team-based filters
P2,C,4.0,null_team_field,Kwang-Min Kwon,666247,,,<team_abbrev>,NULL,Player has null/empty team field - breaks team-based filters
P2,C,4.0,null_team_field,Kean Wong,642221,,,<team_abbrev>,NULL,Player has null/empty team field - breaks team-based filters
P2,C,4.0,null_team_field,Nick Gordon,624503,,,<team_abbrev>,NULL,Player has null/empty team field - breaks team-based filters
P2,C,4.0,null_team_field,Jesús Aguilar,542583,,,<team_abbrev>,NULL,Player has null/empty team field - breaks team-based filters
P2,C,4.0,null_team_field,Jean Segura,516416,,,<team_abbrev>,NULL,Player has null/empty team field - breaks team-based filters
P2,C,4.0,null_team_field,Kyle Garlick,664247,,,<team_abbrev>,NULL,Player has null/empty team field - breaks team-based filters
P2,C,4.0,null_team_field,Drew Campbell,686601,,,<team_abbrev>,NULL,Player has null/empty team field - breaks team-based filters
P2,C,4.0,null_team_field,Luis Yanel Diaz,672504,,,<team_abbrev>,NULL,Player has null/empty team field - breaks team-based filters
P2,C,4.0,null_team_field,Brian Anderson,605119,,,<team_abbrev>,NULL,Player has null/empty team field - breaks team-based filters
P2,C,4.0,null_team_field,Jake Marisnick,545350,,,<team_abbrev>,NULL,Player has null/empty team field - breaks team-based filters
P2,C,4.0,null_team_field,Jonny Butler,695358,,,<team_abbrev>,NULL,Player has null/empty team field - breaks team-based filters
P2,C,4.0,null_team_field,Robert Perez Jr.,672596,,,<team_abbrev>,NULL,Player has null/empty team field - breaks team-based filters
P2,C,4.0,null_team_field,Ripken Reyes,685341,,,<team_abbrev>,NULL,Player has null/empty team field - breaks team-based filters
P2,C,4.0,null_team_field,Michael Papierski,657709,,,<team_abbrev>,NULL,Player has null/empty team field - breaks team-based filters
P2,C,4.0,null_team_field,Taegun Kim,673493,,,<team_abbrev>,NULL,Player has null/empty team field - breaks team-based filters
P2,C,4.0,null_team_field,Rob Brantly,542963,,,<team_abbrev>,NULL,Player has null/empty team field - breaks team-based filters
P2,C,4.0,null_team_field,Carter Williams,688832,,,<team_abbrev>,NULL,Player has null/empty team field - breaks team-based filters
P2,C,4.0,null_team_field,Jordan Brewer,685084,,,<team_abbrev>,NULL,Player has null/empty team field - breaks team-based filters
P2,C,4.0,null_team_field,Justin Toerner,682109,,,<team_abbrev>,NULL,Player has null/empty team field - breaks team-based filters
P2,C,4.0,null_team_field,Stone Garrett,656448,,,<team_abbrev>,NULL,Player has null/empty team field - breaks team-based filters
P2,C,4.0,null_team_field,Zach Reks,676646,,,<team_abbrev>,NULL,Player has null/empty team field - breaks team-based filters
P2,C,4.0,null_team_field,Jarryd Dale,673062,,,<team_abbrev>,NULL,Player has null/empty team field - breaks team-based filters
P2,C,4.0,null_team_field,Neftali Soto,519304,,,<team_abbrev>,NULL,Player has null/empty team field - breaks team-based filters
P2,C,4.0,null_team_field,Will Frizzell,676155,,,<team_abbrev>,NULL,Player has null/empty team field - breaks team-based filters
P2,C,4.0,null_team_field,Jorge Ona,671250,,,<team_abbrev>,NULL,Player has null/empty team field - breaks team-based filters
P2,C,4.0,null_team_field,Shogo Akiyama,673451,,,<team_abbrev>,NULL,Player has null/empty team field - breaks team-based filters
P2,C,4.0,null_team_field,José Devers,672701,,,<team_abbrev>,NULL,Player has null/empty team field - breaks team-based filters
P2,C,4.0,null_team_field,Landon Stephens,686677,,,<team_abbrev>,NULL,Player has null/empty team field - breaks team-based filters
P2,C,4.0,null_team_field,Ehire Adrianza,501303,,,<team_abbrev>,NULL,Player has null/empty team field - breaks team-based filters
P2,C,4.0,null_team_field,Nick Meyer,680722,,,<team_abbrev>,NULL,Player has null/empty team field - breaks team-based filters
P2,C,4.0,null_team_field,Chavez Young,669945,,,<team_abbrev>,NULL,Player has null/empty team field - breaks team-based filters
P2,C,4.0,null_team_field,Minho Kang,547946,,,<team_abbrev>,NULL,Player has null/empty team field - breaks team-based filters
P2,C,4.0,null_team_field,Yongkyu Lee,493665,,,<team_abbrev>,NULL,Player has null/empty team field - breaks team-based filters
P2,C,4.0,null_team_field,Devonte Brown,675994,,,<team_abbrev>,NULL,Player has null/empty team field - breaks team-based filters
P2,C,4.0,null_team_field,Rylan Bannon,676625,,,<team_abbrev>,NULL,Player has null/empty team field - breaks team-based filters
P2,C,4.0,null_team_field,Shawn Goosenberg,700361,,,<team_abbrev>,NULL,Player has null/empty team field - breaks team-based filters
P2,C,4.0,null_team_field,Yasel Antuna,671276,,,<team_abbrev>,NULL,Player has null/empty team field - breaks team-based filters
P2,C,4.0,null_team_field,Glenn Santiago,687426,,,<team_abbrev>,NULL,Player has null/empty team field - breaks team-based filters
P2,C,4.0,null_team_field,Daniel Robertson,621002,,,<team_abbrev>,NULL,Player has null/empty team field - breaks team-based filters
P2,C,4.0,null_team_field,Tony Bullard,669233,,,<team_abbrev>,NULL,Player has null/empty team field - breaks team-based filters
P2,C,4.0,null_team_field,Austin Nola,543592,,,<team_abbrev>,NULL,Player has null/empty team field - breaks team-based filters
P2,C,4.0,null_team_field,Alex McKenna,665173,,,<team_abbrev>,NULL,Player has null/empty team field - breaks team-based filters
P2,C,4.0,null_team_field,Colin Simpson,685388,,,<team_abbrev>,NULL,Player has null/empty team field - breaks team-based filters
P2,C,4.0,null_team_field,José Osuna,591741,,,<team_abbrev>,NULL,Player has null/empty team field - breaks team-based filters
P2,C,4.0,null_team_field,Kenneth Betancourt,672826,,,<team_abbrev>,NULL,Player has null/empty team field - breaks team-based filters
P2,C,4.0,null_team_field,Eli Wilson,670250,,,<team_abbrev>,NULL,Player has null/empty team field - breaks team-based filters
P2,C,4.0,null_team_field,J.C. Correa,682182,,,<team_abbrev>,NULL,Player has null/empty team field - breaks team-based filters
P2,C,4.0,null_team_field,Chris Rotondo,700658,,,<team_abbrev>,NULL,Player has null/empty team field - breaks team-based filters
P2,C,4.0,null_team_field,Landon Wallace,695068,,,<team_abbrev>,NULL,Player has null/empty team field - breaks team-based filters
P2,C,4.0,null_team_field,Steele Walker,667727,,,<team_abbrev>,NULL,Player has null/empty team field - breaks team-based filters
P2,C,4.0,null_team_field,Brett Johnson,805842,,,<team_abbrev>,NULL,Player has null/empty team field - breaks team-based filters
P2,C,4.0,null_team_field,ByungHo Park,666560,,,<team_abbrev>,NULL,Player has null/empty team field - breaks team-based filters
P2,C,4.0,null_team_field,Erik Ostberg,675964,,,<team_abbrev>,NULL,Player has null/empty team field - breaks team-based filters
P2,C,4.0,null_team_field,D'Shawn Knowles,677610,,,<team_abbrev>,NULL,Player has null/empty team field - breaks team-based filters
P2,C,4.0,null_team_field,Ernie Yake,687044,,,<team_abbrev>,NULL,Player has null/empty team field - breaks team-based filters
P2,C,4.0,null_team_field,Moisés Castillo,665940,,,<team_abbrev>,NULL,Player has null/empty team field - breaks team-based filters
P2,C,4.0,null_team_field,Sang-soo Kim,628357,,,<team_abbrev>,NULL,Player has null/empty team field - breaks team-based filters
P2,C,4.0,null_team_field,Tim Lopes,621005,,,<team_abbrev>,NULL,Player has null/empty team field - breaks team-based filters
P2,C,4.0,null_team_field,Kevin Plawecki,608700,,,<team_abbrev>,NULL,Player has null/empty team field - breaks team-based filters
P2,C,4.0,null_team_field,Jimmy Glowenke,694368,,,<team_abbrev>,NULL,Player has null/empty team field - breaks team-based filters
P2,C,4.0,null_team_field,Luis Santana,670919,,,<team_abbrev>,NULL,Player has null/empty team field - breaks team-based filters
P2,C,4.0,null_team_field,Geraldo Quintero,684852,,,<team_abbrev>,NULL,Player has null/empty team field - breaks team-based filters
P2,C,4.0,null_team_field,Gabriel Martinez,683447,,,<team_abbrev>,NULL,Player has null/empty team field - breaks team-based filters
P2,C,4.0,null_team_field,Chandler Redmond,687470,,,<team_abbrev>,NULL,Player has null/empty team field - breaks team-based filters
P2,C,4.0,null_team_field,Evan Mendoza,656734,,,<team_abbrev>,NULL,Player has null/empty team field - breaks team-based filters
P2,C,4.0,null_team_field,Daniel Mateo,686863,,,<team_abbrev>,NULL,Player has null/empty team field - breaks team-based filters
P2,C,4.0,null_team_field,Darius Hill,675628,,,<team_abbrev>,NULL,Player has null/empty team field - breaks team-based filters
P2,C,4.0,null_team_field,Felix Valerio,680589,,,<team_abbrev>,NULL,Player has null/empty team field - breaks team-based filters
P2,C,4.0,null_team_field,Wilderd Patiño,679741,,,<team_abbrev>,NULL,Player has null/empty team field - breaks team-based filters
P2,C,4.0,null_team_field,Dustin Peterson,640460,,,<team_abbrev>,NULL,Player has null/empty team field - breaks team-based filters
P2,C,4.0,null_team_field,Tony Wolters,547172,,,<team_abbrev>,NULL,Player has null/empty team field - breaks team-based filters
P2,C,4.0,null_team_field,Gavin Collins,641468,,,<team_abbrev>,NULL,Player has null/empty team field - breaks team-based filters
P2,C,4.0,null_team_field,Zac Cook,674330,,,<team_abbrev>,NULL,Player has null/empty team field - breaks team-based filters
P2,C,4.0,null_team_field,Adam Brett Walker,608724,,,<team_abbrev>,NULL,Player has null/empty team field - breaks team-based filters
P2,C,4.0,null_team_field,J.D. Orr,680785,,,<team_abbrev>,NULL,Player has null/empty team field - breaks team-based filters
P2,C,4.0,null_team_field,Evan Edwards,657212,,,<team_abbrev>,NULL,Player has null/empty team field - breaks team-based filters
P2,C,4.0,null_team_field,Chris Owings,572008,,,<team_abbrev>,NULL,Player has null/empty team field - breaks team-based filters
P2,C,4.0,null_team_field,Aaron Shackelford,687823,,,<team_abbrev>,NULL,Player has null/empty team field - breaks team-based filters
P2,C,4.0,null_team_field,Quincy Hamilton,680810,,,<team_abbrev>,NULL,Player has null/empty team field - breaks team-based filters
P2,C,4.0,null_team_field,Stanley Consuegra,681679,,,<team_abbrev>,NULL,Player has null/empty team field - breaks team-based filters
P2,C,4.0,null_team_field,Niko Decolati,680719,,,<team_abbrev>,NULL,Player has null/empty team field - breaks team-based filters
P2,C,4.0,null_team_field,Jonathan Davis,641505,,,<team_abbrev>,NULL,Player has null/empty team field - breaks team-based filters
P2,C,4.0,null_team_field,Preston Tucker,605512,,,<team_abbrev>,NULL,Player has null/empty team field - breaks team-based filters
P2,C,4.0,null_team_field,Justin Dirden,688869,,,<team_abbrev>,NULL,Player has null/empty team field - breaks team-based filters
P2,C,4.0,null_team_field,Brandon Crawford,543063,,,<team_abbrev>,NULL,Player has null/empty team field - breaks team-based filters
P2,C,4.0,null_team_field,Stephen Piscotty,572039,,,<team_abbrev>,NULL,Player has null/empty team field - breaks team-based filters
P2,C,4.0,null_team_field,Jeremy Arocho,671080,,,<team_abbrev>,NULL,Player has null/empty team field - breaks team-based filters
P2,C,4.0,null_team_field,Tyler Naquin,571980,,,<team_abbrev>,NULL,Player has null/empty team field - breaks team-based filters
P2,C,4.0,null_team_field,Avisaíl García,541645,,,<team_abbrev>,NULL,Player has null/empty team field - breaks team-based filters
P2,C,4.0,null_team_field,Brady Whalen,669714,,,<team_abbrev>,NULL,Player has null/empty team field - breaks team-based filters
P2,C,4.0,null_team_field,Luis Mieses,672635,,,<team_abbrev>,NULL,Player has null/empty team field - breaks team-based filters
P2,C,4.0,null_team_field,Jim Haley,670113,,,<team_abbrev>,NULL,Player has null/empty team field - breaks team-based filters
P2,C,4.0,null_team_field,Arquímedes Gamboa,660614,,,<team_abbrev>,NULL,Player has null/empty team field - breaks team-based filters
P2,C,4.0,null_team_field,Jaeho Kim,673491,,,<team_abbrev>,NULL,Player has null/empty team field - breaks team-based filters
P2,C,4.0,null_team_field,Jacob Gonzalez,669363,,,<team_abbrev>,NULL,Player has null/empty team field - breaks team-based filters
P2,C,4.0,null_team_field,Shane Matheny,676847,,,<team_abbrev>,NULL,Player has null/empty team field - breaks team-based filters
P2,C,4.0,null_team_field,Willie Joe Garry Jr.,681831,,,<team_abbrev>,NULL,Player has null/empty team field - breaks team-based filters
P2,C,4.0,null_team_field,Bryce Willits,801600,,,<team_abbrev>,NULL,Player has null/empty team field - breaks team-based filters
P2,C,4.0,null_team_field,Joe Gray Jr.,669336,,,<team_abbrev>,NULL,Player has null/empty team field - breaks team-based filters
P2,C,4.0,null_team_field,Freylin Minyety,700824,,,<team_abbrev>,NULL,Player has null/empty team field - breaks team-based filters
P2,C,4.0,null_team_field,Cam Cannon,669069,,,<team_abbrev>,NULL,Player has null/empty team field - breaks team-based filters
P2,C,4.0,null_team_field,Tyler Wade,642180,,,<team_abbrev>,NULL,Player has null/empty team field - breaks team-based filters
P2,C,4.0,null_team_field,Mike Brosseau,670712,,,<team_abbrev>,NULL,Player has null/empty team field - breaks team-based filters
P2,C,4.0,null_team_field,Darlin Moquete,680642,,,<team_abbrev>,NULL,Player has null/empty team field - breaks team-based filters
P2,C,4.0,null_team_field,Rolando Espinosa,678849,,,<team_abbrev>,NULL,Player has null/empty team field - breaks team-based filters
P2,C,4.0,null_team_field,Geonchang Seo,673541,,,<team_abbrev>,NULL,Player has null/empty team field - breaks team-based filters
P2,C,4.0,null_team_field,Jae-Hoon Ha,573350,,,<team_abbrev>,NULL,Player has null/empty team field - breaks team-based filters
P2,C,4.0,null_team_field,Yolbert Sanchez,691503,,,<team_abbrev>,NULL,Player has null/empty team field - breaks team-based filters
P2,C,4.0,null_team_field,Justin Farmer,668993,,,<team_abbrev>,NULL,Player has null/empty team field - breaks team-based filters
P2,C,4.0,null_team_field,Aaron Bracho,677570,,,<team_abbrev>,NULL,Player has null/empty team field - breaks team-based filters
P2,C,4.0,null_team_field,Josh Harrison,543281,,,<team_abbrev>,NULL,Player has null/empty team field - breaks team-based filters
P2,C,4.0,null_team_field,Matt Duffy,622110,,,<team_abbrev>,NULL,Player has null/empty team field - breaks team-based filters
P2,C,4.0,null_team_field,Jimmy Govern,687349,,,<team_abbrev>,NULL,Player has null/empty team field - breaks team-based filters
P2,C,4.0,null_team_field,Hun Gon Kim,598275,,,<team_abbrev>,NULL,Player has null/empty team field - breaks team-based filters
P2,C,4.0,null_team_field,Bubba Thompson,669352,,,<team_abbrev>,NULL,Player has null/empty team field - breaks team-based filters
P2,C,4.0,null_team_field,Evan Skoug,656967,,,<team_abbrev>,NULL,Player has null/empty team field - breaks team-based filters
P2,C,4.0,null_team_field,Randy Florentino,678594,,,<team_abbrev>,NULL,Player has null/empty team field - breaks team-based filters
P2,C,4.0,null_team_field,Patrick Frick,687518,,,<team_abbrev>,NULL,Player has null/empty team field - breaks team-based filters
P2,C,4.0,null_team_field,JJ Schwarz,656943,,,<team_abbrev>,NULL,Player has null/empty team field - breaks team-based filters
P2,C,4.0,null_team_field,Matthew Dyer,686546,,,<team_abbrev>,NULL,Player has null/empty team field - breaks team-based filters
P2,C,4.0,null_team_field,Tyler Robertson,805234,,,<team_abbrev>,NULL,Player has null/empty team field - breaks team-based filters
P2,C,4.0,null_team_field,Joe Redfield,812470,,,<team_abbrev>,NULL,Player has null/empty team field - breaks team-based filters
P2,C,4.0,null_team_field,Damiano Palmegiani,671913,,,<team_abbrev>,NULL,Player has null/empty team field - breaks team-based filters
P2,C,4.0,null_team_field,Grant Witherspoon,680710,,,<team_abbrev>,NULL,Player has null/empty team field - breaks team-based filters
P2,C,4.0,null_team_field,Michael Reed,642002,,,<team_abbrev>,NULL,Player has null/empty team field - breaks team-based filters
P2,C,4.0,null_team_field,Carson McCusker,676812,,,<team_abbrev>,NULL,Player has null/empty team field - breaks team-based filters
P2,C,4.0,null_team_field,Miguel Hiraldo,677599,,,<team_abbrev>,NULL,Player has null/empty team field - breaks team-based filters
P2,C,4.0,null_team_field,Seth Gray,680799,,,<team_abbrev>,NULL,Player has null/empty team field - breaks team-based filters
P2,C,4.0,null_team_field,Tyler Payne,665066,,,<team_abbrev>,NULL,Player has null/empty team field - breaks team-based filters
P2,C,4.0,null_team_field,Grant Richardson,685300,,,<team_abbrev>,NULL,Player has null/empty team field - breaks team-based filters
P2,C,4.0,null_team_field,Terrell Tatum,695299,,,<team_abbrev>,NULL,Player has null/empty team field - breaks team-based filters
P2,C,4.0,null_team_field,Jae-Gyun Hwang,666561,,,<team_abbrev>,NULL,Player has null/empty team field - breaks team-based filters
P2,C,4.0,null_team_field,Riley Mahan,657669,,,<team_abbrev>,NULL,Player has null/empty team field - breaks team-based filters
P2,C,4.0,null_team_field,Luke Berryhill,666124,,,<team_abbrev>,NULL,Player has null/empty team field - breaks team-based filters
P2,C,4.0,null_team_field,Ethan Wilson,681159,,,<team_abbrev>,NULL,Player has null/empty team field - breaks team-based filters
P2,C,4.0,null_team_field,Kyle Datres,663979,,,<team_abbrev>,NULL,Player has null/empty team field - breaks team-based filters
P2,C,4.0,null_team_field,Gabriel Rodriguez,682621,,,<team_abbrev>,NULL,Player has null/empty team field - breaks team-based filters
P2,C,4.0,null_team_field,Kendall Simmons,669227,,,<team_abbrev>,NULL,Player has null/empty team field - breaks team-based filters
P2,C,4.0,null_team_field,Monte Harrison,656509,,,<team_abbrev>,NULL,Player has null/empty team field - breaks team-based filters
P2,C,4.0,null_team_field,Bret Boswell,641385,,,<team_abbrev>,NULL,Player has null/empty team field - breaks team-based filters
P2,C,4.0,null_team_field,Tanner Kirwer,647255,,,<team_abbrev>,NULL,Player has null/empty team field - breaks team-based filters
P2,C,4.0,null_team_field,Alex De Jesus,682942,,,<team_abbrev>,NULL,Player has null/empty team field - breaks team-based filters
P2,C,4.0,null_team_field,Tim Anderson,641313,,,<team_abbrev>,NULL,Player has null/empty team field - breaks team-based filters
P2,C,4.0,null_team_field,Josh Bissonette,673983,,,<team_abbrev>,NULL,Player has null/empty team field - breaks team-based filters
P2,C,4.0,null_team_field,Tanner Allen,669327,,,<team_abbrev>,NULL,Player has null/empty team field - breaks team-based filters
P2,C,4.0,null_team_field,Kevin Padlo,656821,,,<team_abbrev>,NULL,Player has null/empty team field - breaks team-based filters
P2,C,4.0,null_team_field,Colin Barber,683145,,,<team_abbrev>,NULL,Player has null/empty team field - breaks team-based filters
P2,C,4.0,null_team_field,Morgan McCullough,668833,,,<team_abbrev>,NULL,Player has null/empty team field - breaks team-based filters
P2,C,4.0,null_team_field,Andrew Knapp,595284,,,<team_abbrev>,NULL,Player has null/empty team field - breaks team-based filters
P2,C,4.0,null_team_field,Colby Smelley,702457,,,<team_abbrev>,NULL,Player has null/empty team field - breaks team-based filters
P2,C,4.0,null_team_field,Joseph Rosa,660563,,,<team_abbrev>,NULL,Player has null/empty team field - breaks team-based filters
P2,C,4.0,null_team_field,Brady Allen,680918,,,<team_abbrev>,NULL,Player has null/empty team field - breaks team-based filters
P2,C,4.0,null_team_field,McCarthy Tatum,657029,,,<team_abbrev>,NULL,Player has null/empty team field - breaks team-based filters
P2,C,4.0,null_team_field,Orlando Calixte,593525,,,<team_abbrev>,NULL,Player has null/empty team field - breaks team-based filters
P2,C,4.0,null_team_field,Matt Scheffler,688032,,,<team_abbrev>,NULL,Player has null/empty team field - breaks team-based filters
P2,C,4.0,null_team_field,Laz Rivera,650528,,,<team_abbrev>,NULL,Player has null/empty team field - breaks team-based filters
P2,C,4.0,null_team_field,Livan Soto,670869,,,<team_abbrev>,NULL,Player has null/empty team field - breaks team-based filters
P2,C,4.0,null_team_field,Patrick Dorrian,657562,,,<team_abbrev>,NULL,Player has null/empty team field - breaks team-based filters
P2,C,4.0,null_team_field,Carter Aldrete,666177,,,<team_abbrev>,NULL,Player has null/empty team field - breaks team-based filters
P2,C,4.0,null_team_field,Logan Warmoth,657089,,,<team_abbrev>,NULL,Player has null/empty team field - breaks team-based filters
P2,C,4.0,null_team_field,Kevin Smith,675656,,,<team_abbrev>,NULL,Player has null/empty team field - breaks team-based filters
P2,C,4.0,null_team_field,Josh Morgan,656766,,,<team_abbrev>,NULL,Player has null/empty team field - breaks team-based filters
P2,C,4.0,null_team_field,Michael Pérez,605421,,,<team_abbrev>,NULL,Player has null/empty team field - breaks team-based filters
P2,C,4.0,null_team_field,Josh Stowers,663618,,,<team_abbrev>,NULL,Player has null/empty team field - breaks team-based filters
P2,C,4.0,null_team_field,Greg Deichmann,656364,,,<team_abbrev>,NULL,Player has null/empty team field - breaks team-based filters
P2,C,4.0,null_team_field,José Briceño,593993,,,<team_abbrev>,NULL,Player has null/empty team field - breaks team-based filters
P2,C,4.0,null_team_field,Josh Zamora,695031,,,<team_abbrev>,NULL,Player has null/empty team field - breaks team-based filters
P2,C,4.0,null_team_field,Nick Ward,682187,,,<team_abbrev>,NULL,Player has null/empty team field - breaks team-based filters
P2,C,4.0,null_team_field,Hunter Stovall,667663,,,<team_abbrev>,NULL,Player has null/empty team field - breaks team-based filters
P2,C,4.0,null_team_field,Sebastian Espino,672823,,,<team_abbrev>,NULL,Player has null/empty team field - breaks team-based filters
P2,C,4.0,null_team_field,Nicholas Northcut,678021,,,<team_abbrev>,NULL,Player has null/empty team field - breaks team-based filters
P2,C,4.0,null_team_field,Jeremy De La Rosa,682707,,,<team_abbrev>,NULL,Player has null/empty team field - breaks team-based filters
P2,C,4.0,null_team_field,Joe Naranjo,683172,,,<team_abbrev>,NULL,Player has null/empty team field - breaks team-based filters
P2,C,4.0,null_team_field,Ronaiker Palma,681623,,,<team_abbrev>,NULL,Player has null/empty team field - breaks team-based filters
P2,C,4.0,null_team_field,Austin Deming,801471,,,<team_abbrev>,NULL,Player has null/empty team field - breaks team-based filters
P2,C,4.0,null_team_field,Scott Kapers,663727,,,<team_abbrev>,NULL,Player has null/empty team field - breaks team-based filters
P2,C,4.0,null_team_field,Micael Ramirez,676017,,,<team_abbrev>,NULL,Player has null/empty team field - breaks team-based filters
P2,C,4.0,null_team_field,Josh Hatcher,677049,,,<team_abbrev>,NULL,Player has null/empty team field - breaks team-based filters
P2,C,4.0,null_team_field,Joshua Mears,687084,,,<team_abbrev>,NULL,Player has null/empty team field - breaks team-based filters
P2,C,4.0,null_team_field,Hudson Haskin,681370,,,<team_abbrev>,NULL,Player has null/empty team field - breaks team-based filters
P2,C,4.0,null_team_field,Kobe Kato,701158,,,<team_abbrev>,NULL,Player has null/empty team field - breaks team-based filters
P2,C,4.0,null_team_field,Steven Duggar,621453,,,<team_abbrev>,NULL,Player has null/empty team field - breaks team-based filters
P2,C,4.0,null_team_field,Simon Whiteman,687626,,,<team_abbrev>,NULL,Player has null/empty team field - breaks team-based filters
P2,C,4.0,null_team_field,Michael Sandle,688403,,,<team_abbrev>,NULL,Player has null/empty team field - breaks team-based filters
P2,C,4.0,null_team_field,Drew Maggi,543482,,,<team_abbrev>,NULL,Player has null/empty team field - breaks team-based filters
P2,C,4.0,null_team_field,César Hernández,514917,,,<team_abbrev>,NULL,Player has null/empty team field - breaks team-based filters
P2,C,4.0,null_team_field,Dixon Machado,553988,,,<team_abbrev>,NULL,Player has null/empty team field - breaks team-based filters
P2,C,4.0,null_team_field,Luis Encarnacion,691476,,,<team_abbrev>,NULL,Player has null/empty team field - breaks team-based filters
P2,C,4.0,null_team_field,Brandon Lewis,686781,,,<team_abbrev>,NULL,Player has null/empty team field - breaks team-based filters
P2,C,4.0,null_team_field,Elio Prado,682799,,,<team_abbrev>,NULL,Player has null/empty team field - breaks team-based filters
P2,C,4.0,null_team_field,Peyton Burdick,680814,,,<team_abbrev>,NULL,Player has null/empty team field - breaks team-based filters
P2,C,4.0,null_team_field,Sonny DiChiara,800685,,,<team_abbrev>,NULL,Player has null/empty team field - breaks team-based filters
P2,C,4.0,null_team_field,Madison Stokes,657010,,,<team_abbrev>,NULL,Player has null/empty team field - breaks team-based filters
P2,C,4.0,null_team_field,Yan Gomes,543228,,,<team_abbrev>,NULL,Player has null/empty team field - breaks team-based filters
P2,C,4.0,null_team_field,Nick Kahle,685277,,,<team_abbrev>,NULL,Player has null/empty team field - breaks team-based filters
P2,C,4.0,null_team_field,Miguel Hernandez,665912,,,<team_abbrev>,NULL,Player has null/empty team field - breaks team-based filters
P2,C,4.0,null_team_field,Byeong-woo Jeon,692724,,,<team_abbrev>,NULL,Player has null/empty team field - breaks team-based filters
P2,C,4.0,null_team_field,Jacob Campbell,680775,,,<team_abbrev>,NULL,Player has null/empty team field - breaks team-based filters
P2,C,4.0,null_team_field,Bryce Ball,668787,,,<team_abbrev>,NULL,Player has null/empty team field - breaks team-based filters
P2,C,4.0,null_team_field,Lucius Fox,665650,,,<team_abbrev>,NULL,Player has null/empty team field - breaks team-based filters
P2,C,4.0,null_team_field,Jared Walsh,665120,,,<team_abbrev>,NULL,Player has null/empty team field - breaks team-based filters
P2,C,4.0,null_team_field,Anthony Bemboom,621532,,,<team_abbrev>,NULL,Player has null/empty team field - breaks team-based filters
P2,C,4.0,null_team_field,Carlos De La Cruz,678926,,,<team_abbrev>,NULL,Player has null/empty team field - breaks team-based filters
P2,C,4.0,null_team_field,Baron Radcliff,676288,,,<team_abbrev>,NULL,Player has null/empty team field - breaks team-based filters
P2,C,4.0,null_team_field,Dilan Rosario,687125,,,<team_abbrev>,NULL,Player has null/empty team field - breaks team-based filters
P2,C,4.0,null_team_field,Cameron Masterman,690904,,,<team_abbrev>,NULL,Player has null/empty team field - breaks team-based filters
P2,C,4.0,null_team_field,Delvin Pérez,666206,,,<team_abbrev>,NULL,Player has null/empty team field - breaks team-based filters
P2,C,4.0,null_team_field,T.J. Schofield-Sam,672013,,,<team_abbrev>,NULL,Player has null/empty team field - breaks team-based filters
P2,C,4.0,null_team_field,Hudson Head,687431,,,<team_abbrev>,NULL,Player has null/empty team field - breaks team-based filters
P2,C,4.0,null_team_field,Cam Eden,686490,,,<team_abbrev>,NULL,Player has null/empty team field - breaks team-based filters
P2,C,4.0,null_team_field,Cole Tucker,657061,,,<team_abbrev>,NULL,Player has null/empty team field - breaks team-based filters
P2,C,4.0,null_team_field,Nick Tanielu,657027,,,<team_abbrev>,NULL,Player has null/empty team field - breaks team-based filters
P2,C,4.0,null_team_field,Alexander Vargas,683061,,,<team_abbrev>,NULL,Player has null/empty team field - breaks team-based filters
P2,C,4.0,null_team_field,Will Holland,683735,,,<team_abbrev>,NULL,Player has null/empty team field - breaks team-based filters
P2,C,4.0,null_team_field,Jackson Glenn,690107,,,<team_abbrev>,NULL,Player has null/empty team field - breaks team-based filters
P2,C,4.0,null_team_field,Kale Emshoff,668860,,,<team_abbrev>,NULL,Player has null/empty team field - breaks team-based filters
P2,C,4.0,null_team_field,Brenden Dixon,686981,,,<team_abbrev>,NULL,Player has null/empty team field - breaks team-based filters
P2,C,4.0,null_team_field,Paul Witt,700685,,,<team_abbrev>,NULL,Player has null/empty team field - breaks team-based filters
P2,C,4.0,null_team_field,Brandon Parker,688556,,,<team_abbrev>,NULL,Player has null/empty team field - breaks team-based filters
P2,C,4.0,null_team_field,Viandel Pena,678854,,,<team_abbrev>,NULL,Player has null/empty team field - breaks team-based filters
P2,C,4.0,null_team_field,Ben DeLuzio,641512,,,<team_abbrev>,NULL,Player has null/empty team field - breaks team-based filters
P2,C,4.0,null_team_field,Nerwilian Cedeño,683481,,,<team_abbrev>,NULL,Player has null/empty team field - breaks team-based filters
P2,C,4.0,null_team_field,Jancarlos Cintron,676857,,,<team_abbrev>,NULL,Player has null/empty team field - breaks team-based filters
P2,C,4.0,null_team_field,Hunter Dozier,641531,,,<team_abbrev>,NULL,Player has null/empty team field - breaks team-based filters
P2,C,4.0,null_team_field,Hunter Bishop,666183,,,<team_abbrev>,NULL,Player has null/empty team field - breaks team-based filters
P2,C,4.0,null_team_field,Garrett Wolforth,663446,,,<team_abbrev>,NULL,Player has null/empty team field - breaks team-based filters
P2,C,4.0,null_team_field,Dylan Rock,676423,,,<team_abbrev>,NULL,Player has null/empty team field - breaks team-based filters
P2,C,4.0,null_team_field,Jantzen Witte,642220,,,<team_abbrev>,NULL,Player has null/empty team field - breaks team-based filters
P2,C,4.0,null_team_field,José Sánchez,672566,,,<team_abbrev>,NULL,Player has null/empty team field - breaks team-based filters
P2,C,4.0,null_team_field,Beau Philip,685121,,,<team_abbrev>,NULL,Player has null/empty team field - breaks team-based filters
P2,C,4.0,null_team_field,Vaun Brown,673901,,,<team_abbrev>,NULL,Player has null/empty team field - breaks team-based filters
P2,C,4.0,null_team_field,Brandon Martorano,668785,,,<team_abbrev>,NULL,Player has null/empty team field - breaks team-based filters
P2,C,4.0,null_team_field,Donta' Williams,676024,,,<team_abbrev>,NULL,Player has null/empty team field - breaks team-based filters
P2,C,4.0,null_team_field,Diego Hernandez,678746,,,<team_abbrev>,NULL,Player has null/empty team field - breaks team-based filters
P2,C,4.0,null_team_field,Lyle Lin,670076,,,<team_abbrev>,NULL,Player has null/empty team field - breaks team-based filters
P2,C,4.0,null_team_field,John Rhodes,687981,,,<team_abbrev>,NULL,Player has null/empty team field - breaks team-based filters
P2,C,4.0,null_team_field,Joey Wendle,621563,,,<team_abbrev>,NULL,Player has null/empty team field - breaks team-based filters
P2,C,4.0,null_team_field,Mateo Gil,680771,,,<team_abbrev>,NULL,Player has null/empty team field - breaks team-based filters
P2,C,4.0,null_team_field,Hiroyuki Nakajima,493141,,,<team_abbrev>,NULL,Player has null/empty team field - breaks team-based filters
P2,C,4.0,null_team_field,Sheng-Ping Chen,691283,,,<team_abbrev>,NULL,Player has null/empty team field - breaks team-based filters
P2,C,4.0,null_team_field,Patrick Mazeika,664850,,,<team_abbrev>,NULL,Player has null/empty team field - breaks team-based filters
P2,C,4.0,null_team_field,Juan Zabala,668558,,,<team_abbrev>,NULL,Player has null/empty team field - breaks team-based filters
P2,C,4.0,null_team_field,Lucas Dunn,690903,,,<team_abbrev>,NULL,Player has null/empty team field - breaks team-based filters
P2,C,4.0,null_team_field,Tyler Miller,682011,,,<team_abbrev>,NULL,Player has null/empty team field - breaks team-based filters
P2,C,4.0,null_team_field,Brett Phillips,621433,,,<team_abbrev>,NULL,Player has null/empty team field - breaks team-based filters
P2,C,4.0,null_team_field,Mat Nelson,680756,,,<team_abbrev>,NULL,Player has null/empty team field - breaks team-based filters
P2,C,4.0,null_team_field,Phillip Sikes,689651,,,<team_abbrev>,NULL,Player has null/empty team field - breaks team-based filters
P2,C,4.0,null_team_field,Bubba Alleyne,804588,,,<team_abbrev>,NULL,Player has null/empty team field - breaks team-based filters
P2,C,4.0,null_team_field,Maikol Escotto,683500,,,<team_abbrev>,NULL,Player has null/empty team field - breaks team-based filters
P2,C,4.0,null_team_field,Nick Decker,678006,,,<team_abbrev>,NULL,Player has null/empty team field - breaks team-based filters
P2,C,4.0,null_team_field,Logan Cerny,681488,,,<team_abbrev>,NULL,Player has null/empty team field - breaks team-based filters
P2,C,4.0,null_team_field,Preston Palmeiro,641945,,,<team_abbrev>,NULL,Player has null/empty team field - breaks team-based filters
P2,C,4.0,null_team_field,Jaylen Palmer,681941,,,<team_abbrev>,NULL,Player has null/empty team field - breaks team-based filters
P2,C,4.0,null_team_field,Alex De Goti,621008,,,<team_abbrev>,NULL,Player has null/empty team field - breaks team-based filters
P2,C,4.0,null_team_field,Connor Hoover,676803,,,<team_abbrev>,NULL,Player has null/empty team field - breaks team-based filters
P2,C,4.0,null_team_field,Cody Milligan,687862,,,<team_abbrev>,NULL,Player has null/empty team field - breaks team-based filters
P2,C,4.0,null_team_field,Taylor Snyder,643549,,,<team_abbrev>,NULL,Player has null/empty team field - breaks team-based filters
P2,C,4.0,null_team_field,Michael Berglund,668842,,,<team_abbrev>,NULL,Player has null/empty team field - breaks team-based filters
P2,C,4.0,null_team_field,Cody Roberts,663944,,,<team_abbrev>,NULL,Player has null/empty team field - breaks team-based filters
P2,C,4.0,null_team_field,Konner Piotto,702920,,,<team_abbrev>,NULL,Player has null/empty team field - breaks team-based filters
P2,C,4.0,null_team_field,Jake Means,689374,,,<team_abbrev>,NULL,Player has null/empty team field - breaks team-based filters
P2,C,4.0,null_team_field,Ashton Creal,689328,,,<team_abbrev>,NULL,Player has null/empty team field - breaks team-based filters
P2,C,4.0,null_team_field,Jan Mercado,676286,,,<team_abbrev>,NULL,Player has null/empty team field - breaks team-based filters
P2,C,4.0,null_team_field,Pat Valaika,642162,,,<team_abbrev>,NULL,Player has null/empty team field - breaks team-based filters
P2,C,4.0,null_team_field,Hector Nieves,695758,,,<team_abbrev>,NULL,Player has null/empty team field - breaks team-based filters
P2,C,4.0,null_team_field,Julio Carreras,679734,,,<team_abbrev>,NULL,Player has null/empty team field - breaks team-based filters
P2,C,4.0,null_team_field,Jacob Pearson,669245,,,<team_abbrev>,NULL,Player has null/empty team field - breaks team-based filters
P2,C,4.0,null_team_field,Jose Gomez,650506,,,<team_abbrev>,NULL,Player has null/empty team field - breaks team-based filters
P2,C,4.0,null_team_field,Gilbert Lara,658677,,,<team_abbrev>,NULL,Player has null/empty team field - breaks team-based filters
P2,C,4.0,null_team_field,Shervyen Newton,665989,,,<team_abbrev>,NULL,Player has null/empty team field - breaks team-based filters
P2,C,4.0,null_team_field,Juan Chacon,691370,,,<team_abbrev>,NULL,Player has null/empty team field - breaks team-based filters
P2,C,4.0,null_team_field,Aaron Whitefield,664334,,,<team_abbrev>,NULL,Player has null/empty team field - breaks team-based filters
P2,C,4.0,null_team_field,Christopher Familia,683532,,,<team_abbrev>,NULL,Player has null/empty team field - breaks team-based filters
P2,C,4.0,null_team_field,William Lugo,683493,,,<team_abbrev>,NULL,Player has null/empty team field - breaks team-based filters
P2,C,4.0,null_team_field,Caleb Hamilton,643348,,,<team_abbrev>,NULL,Player has null/empty team field - breaks team-based filters
P2,C,4.0,null_team_field,Korey Holland,680690,,,<team_abbrev>,NULL,Player has null/empty team field - breaks team-based filters
P2,C,4.0,null_team_field,Kevin Maitan,670867,,,<team_abbrev>,NULL,Player has null/empty team field - breaks team-based filters
P2,C,4.0,null_team_field,Andy Atwood,664762,,,<team_abbrev>,NULL,Player has null/empty team field - breaks team-based filters
P2,C,4.0,null_team_field,Jadiel Sanchez,689909,,,<team_abbrev>,NULL,Player has null/empty team field - breaks team-based filters
P2,C,4.0,null_team_field,Chris Seise,669451,,,<team_abbrev>,NULL,Player has null/empty team field - breaks team-based filters
P2,C,4.0,null_team_field,Caleb Knight,676332,,,<team_abbrev>,NULL,Player has null/empty team field - breaks team-based filters
P2,C,4.0,null_team_field,Caeden Trenkle,689959,,,<team_abbrev>,NULL,Player has null/empty team field - breaks team-based filters
P2,C,4.0,null_team_field,Ray-Patrick Didder,642720,,,<team_abbrev>,NULL,Player has null/empty team field - breaks team-based filters
P2,C,4.0,null_team_field,Nick Ahmed,605113,,,<team_abbrev>,NULL,Player has null/empty team field - breaks team-based filters
P2,C,4.0,null_team_field,Stephen Paolini,688500,,,<team_abbrev>,NULL,Player has null/empty team field - breaks team-based filters
P2,C,4.0,null_team_field,Parker Chavers,685091,,,<team_abbrev>,NULL,Player has null/empty team field - breaks team-based filters
P2,C,4.0,null_team_field,Anthony Garcia,678803,,,<team_abbrev>,NULL,Player has null/empty team field - breaks team-based filters
P2,C,4.0,null_team_field,Jake Gatewood,656449,,,<team_abbrev>,NULL,Player has null/empty team field - breaks team-based filters
P2,C,4.0,null_team_field,Oliver Carrillo,701324,,,<team_abbrev>,NULL,Player has null/empty team field - breaks team-based filters
P2,C,4.0,null_team_field,Chris Okey,608360,,,<team_abbrev>,NULL,Player has null/empty team field - breaks team-based filters
P2,C,4.0,null_team_field,Ryan Wrobleski,696141,,,<team_abbrev>,NULL,Player has null/empty team field - breaks team-based filters
P2,C,4.0,null_team_field,Jared Wegner,808767,,,<team_abbrev>,NULL,Player has null/empty team field - breaks team-based filters
P2,C,4.0,null_team_field,Ryan Higgins,696287,,,<team_abbrev>,NULL,Player has null/empty team field - breaks team-based filters
P2,C,4.0,null_team_field,Chris Roller,676896,,,<team_abbrev>,NULL,Player has null/empty team field - breaks team-based filters
P2,C,4.0,null_team_field,Nelson Medina,678729,,,<team_abbrev>,NULL,Player has null/empty team field - breaks team-based filters
P2,C,4.0,null_team_field,Trevor Boone,685392,,,<team_abbrev>,NULL,Player has null/empty team field - breaks team-based filters
P2,C,4.0,null_team_field,Jalen Vasquez,694884,,,<team_abbrev>,NULL,Player has null/empty team field - breaks team-based filters
P2,C,4.0,null_team_field,Justin Janas,805332,,,<team_abbrev>,NULL,Player has null/empty team field - breaks team-based filters
P2,C,4.0,null_team_field,Hudson Potts,668888,,,<team_abbrev>,NULL,Player has null/empty team field - breaks team-based filters
P2,C,4.0,null_team_field,Omar De Los Santos,684519,,,<team_abbrev>,NULL,Player has null/empty team field - breaks team-based filters
P2,C,4.0,null_team_field,Marwin Gonzalez,503556,,,<team_abbrev>,NULL,Player has null/empty team field - breaks team-based filters
P2,C,4.0,null_team_field,Kyler Castillo,689763,,,<team_abbrev>,NULL,Player has null/empty team field - breaks team-based filters
P2,C,4.0,null_team_field,Joe Hudson,621529,,,<team_abbrev>,NULL,Player has null/empty team field - breaks team-based filters
P2,C,4.0,null_team_field,Jorge Caballero,672850,,,<team_abbrev>,NULL,Player has null/empty team field - breaks team-based filters
P2,C,4.0,null_team_field,Tanner Murphy,669282,,,<team_abbrev>,NULL,Player has null/empty team field - breaks team-based filters
P2,C,4.0,null_team_field,Kekai Rios,663519,,,<team_abbrev>,NULL,Player has null/empty team field - breaks team-based filters
P2,C,4.0,null_team_field,Loidel Chapelli,703070,,,<team_abbrev>,NULL,Player has null/empty team field - breaks team-based filters
P2,C,4.0,null_team_field,Jefrey De Los Santos,691645,,,<team_abbrev>,NULL,Player has null/empty team field - breaks team-based filters
P2,C,4.0,null_team_field,Arturo De Freitas,679972,,,<team_abbrev>,NULL,Player has null/empty team field - breaks team-based filters
P2,C,4.0,null_team_field,Torin Montgomery,687942,,,<team_abbrev>,NULL,Player has null/empty team field - breaks team-based filters
P2,C,4.0,null_team_field,Misael Urbina,682618,,,<team_abbrev>,NULL,Player has null/empty team field - breaks team-based filters
P2,C,4.0,null_team_field,David Fletcher,664058,,,<team_abbrev>,NULL,Player has null/empty team field - breaks team-based filters
P2,C,4.0,null_team_field,Trey Harris,674677,,,<team_abbrev>,NULL,Player has null/empty team field - breaks team-based filters
P2,C,4.0,null_team_field,Jesus Chirinos,678652,,,<team_abbrev>,NULL,Player has null/empty team field - breaks team-based filters
P2,C,4.0,null_team_field,Zach Arnold,689984,,,<team_abbrev>,NULL,Player has null/empty team field - breaks team-based filters
P2,C,4.0,null_team_field,Justin Boyd,687628,,,<team_abbrev>,NULL,Player has null/empty team field - breaks team-based filters
P2,C,4.0,null_team_field,Diego Cartaya,682616,,,<team_abbrev>,NULL,Player has null/empty team field - breaks team-based filters
P2,C,4.0,null_team_field,Kevin Graham,681184,,,<team_abbrev>,NULL,Player has null/empty team field - breaks team-based filters
P2,C,4.0,null_team_field,Matt Hogan,681375,,,<team_abbrev>,NULL,Player has null/empty team field - breaks team-based filters
P2,C,4.0,null_team_field,Bryan Gonzalez,682793,,,<team_abbrev>,NULL,Player has null/empty team field - breaks team-based filters
P2,C,4.0,null_team_field,Nick Dalesandro,663807,,,<team_abbrev>,NULL,Player has null/empty team field - breaks team-based filters
P2,C,4.0,null_team_field,Fabian Pertuz,678285,,,<team_abbrev>,NULL,Player has null/empty team field - breaks team-based filters
P2,C,4.0,null_team_field,Adam Hall,647228,,,<team_abbrev>,NULL,Player has null/empty team field - breaks team-based filters
P2,C,4.0,null_team_field,Caleb Ketchup,810053,,,<team_abbrev>,NULL,Player has null/empty team field - breaks team-based filters
P2,C,4.0,null_team_field,Eduardo Lopez,682637,,,<team_abbrev>,NULL,Player has null/empty team field - breaks team-based filters
P2,C,4.0,null_team_field,Bradley Zimmer,605548,,,<team_abbrev>,NULL,Player has null/empty team field - breaks team-based filters
P2,C,4.0,null_team_field,Adam Engel,641553,,,<team_abbrev>,NULL,Player has null/empty team field - breaks team-based filters
P2,C,4.0,null_team_field,Milkar Perez,683529,,,<team_abbrev>,NULL,Player has null/empty team field - breaks team-based filters
P2,C,4.0,null_team_field,Jared McKenzie,686982,,,<team_abbrev>,NULL,Player has null/empty team field - breaks team-based filters
P2,C,4.0,null_team_field,Jack López,605346,,,<team_abbrev>,NULL,Player has null/empty team field - breaks team-based filters
P2,C,4.0,null_team_field,David Martin,688808,,,<team_abbrev>,NULL,Player has null/empty team field - breaks team-based filters
P2,C,4.0,null_team_field,Jordy Barley,672357,,,<team_abbrev>,NULL,Player has null/empty team field - breaks team-based filters
P2,C,4.0,null_team_field,Israel Pineda,672832,,,<team_abbrev>,NULL,Player has null/empty team field - breaks team-based filters
P2,C,4.0,null_team_field,Anthony Mulrine,688226,,,<team_abbrev>,NULL,Player has null/empty team field - breaks team-based filters
P2,C,4.0,null_team_field,Guillermo Williamson,702908,,,<team_abbrev>,NULL,Player has null/empty team field - breaks team-based filters
P2,C,4.0,null_team_field,Austin Callahan,702472,,,<team_abbrev>,NULL,Player has null/empty team field - breaks team-based filters
P2,C,4.0,null_team_field,Griffin Doersching,701864,,,<team_abbrev>,NULL,Player has null/empty team field - breaks team-based filters
P2,C,4.0,null_team_field,Bryson Horne,695587,,,<team_abbrev>,NULL,Player has null/empty team field - breaks team-based filters
P2,C,4.0,null_team_field,Kaden Hollow,687701,,,<team_abbrev>,NULL,Player has null/empty team field - breaks team-based filters
P2,C,4.0,null_team_field,Cade Bunnell,685298,,,<team_abbrev>,NULL,Player has null/empty team field - breaks team-based filters
P2,C,4.0,null_team_field,Mikey Perez,668882,,,<team_abbrev>,NULL,Player has null/empty team field - breaks team-based filters
P2,C,4.0,null_team_field,Robby Martin Jr.,680910,,,<team_abbrev>,NULL,Player has null/empty team field - breaks team-based filters
P2,C,4.0,null_team_field,Max McDowell,664120,,,<team_abbrev>,NULL,Player has null/empty team field - breaks team-based filters
P2,C,4.0,null_team_field,Walking Cabrera,676004,,,<team_abbrev>,NULL,Player has null/empty team field - breaks team-based filters
P2,C,4.0,null_team_field,Gionti Turner,682090,,,<team_abbrev>,NULL,Player has null/empty team field - breaks team-based filters
P2,C,4.0,null_team_field,Jose Sanabria,692027,,,<team_abbrev>,NULL,Player has null/empty team field - breaks team-based filters
P2,C,4.0,null_team_field,Kade Kretzschmar,811210,,,<team_abbrev>,NULL,Player has null/empty team field - breaks team-based filters
P2,C,4.0,null_team_field,Tyler Reichenborn,682218,,,<team_abbrev>,NULL,Player has null/empty team field - breaks team-based filters
P2,C,4.0,null_team_field,Luis Ravelo,699144,,,<team_abbrev>,NULL,Player has null/empty team field - breaks team-based filters
P2,C,4.0,null_team_field,Brady Lindsly,686251,,,<team_abbrev>,NULL,Player has null/empty team field - breaks team-based filters
P2,C,4.0,null_team_field,Herard Gonzalez,678648,,,<team_abbrev>,NULL,Player has null/empty team field - breaks team-based filters
P2,C,4.0,null_team_field,Chris Lanzilli,687811,,,<team_abbrev>,NULL,Player has null/empty team field - breaks team-based filters
P2,C,4.0,null_team_field,Marcus Smith,687526,,,<team_abbrev>,NULL,Player has null/empty team field - breaks team-based filters
P2,C,4.0,null_team_field,Cole Urman,805366,,,<team_abbrev>,NULL,Player has null/empty team field - breaks team-based filters
P2,C,4.0,null_team_field,Robert Brooks,806394,,,<team_abbrev>,NULL,Player has null/empty team field - breaks team-based filters
P2,C,4.0,null_team_field,Jackie Bradley Jr.,598265,,,<team_abbrev>,NULL,Player has null/empty team field - breaks team-based filters
P2,C,4.0,null_team_field,Yunior Garcia,678832,,,<team_abbrev>,NULL,Player has null/empty team field - breaks team-based filters
P2,C,4.0,null_team_field,Beau Brewer,806314,,,<team_abbrev>,NULL,Player has null/empty team field - breaks team-based filters
P2,C,4.0,null_team_field,Pierce Bennett,803139,,,<team_abbrev>,NULL,Player has null/empty team field - breaks team-based filters
P2,C,4.0,null_team_field,Dalvy Rosario,672537,,,<team_abbrev>,NULL,Player has null/empty team field - breaks team-based filters
P2,C,4.0,null_team_field,Jeffrey Wehler,694292,,,<team_abbrev>,NULL,Player has null/empty team field - breaks team-based filters
P2,C,4.0,null_team_field,Quinn McDaniel,814194,,,<team_abbrev>,NULL,Player has null/empty team field - breaks team-based filters
P2,C,4.0,null_team_field,Spencer Henson,687136,,,<team_abbrev>,NULL,Player has null/empty team field - breaks team-based filters
P2,C,4.0,null_team_field,Elliot Soto,519303,,,<team_abbrev>,NULL,Player has null/empty team field - breaks team-based filters
P2,C,4.0,null_team_field,Blake Robertson,687545,,,<team_abbrev>,NULL,Player has null/empty team field - breaks team-based filters
P2,C,4.0,null_team_field,Anthony Sherwin,815448,,,<team_abbrev>,NULL,Player has null/empty team field - breaks team-based filters
P2,C,4.0,null_team_field,Grant Koch,667428,,,<team_abbrev>,NULL,Player has null/empty team field - breaks team-based filters
P2,C,4.0,null_team_field,Carlos Luis,672861,,,<team_abbrev>,NULL,Player has null/empty team field - breaks team-based filters
P2,C,4.0,null_team_field,Jacob Wetzel,689047,,,<team_abbrev>,NULL,Player has null/empty team field - breaks team-based filters
P2,C,4.0,null_team_field,Rodolfo Nolasco,683616,,,<team_abbrev>,NULL,Player has null/empty team field - breaks team-based filters
P2,C,4.0,null_team_field,Ryan Johnson,802459,,,<team_abbrev>,NULL,Player has null/empty team field - breaks team-based filters
P2,C,4.0,null_team_field,Sahid Valenzuela,684541,,,<team_abbrev>,NULL,Player has null/empty team field - breaks team-based filters
P2,C,4.0,null_team_field,Dylan Neuse,681540,,,<team_abbrev>,NULL,Player has null/empty team field - breaks team-based filters
P2,C,4.0,null_team_field,Joo-Hyung Kim,692729,,,<team_abbrev>,NULL,Player has null/empty team field - breaks team-based filters
P2,C,4.0,null_team_field,Brian Kalmer,687260,,,<team_abbrev>,NULL,Player has null/empty team field - breaks team-based filters
P2,C,4.0,null_team_field,Jalen Battles,689216,,,<team_abbrev>,NULL,Player has null/empty team field - breaks team-based filters
P2,C,4.0,null_team_field,Angel Zarate,702311,,,<team_abbrev>,NULL,Player has null/empty team field - breaks team-based filters
P2,C,4.0,null_team_field,Jose Mena,670548,,,<team_abbrev>,NULL,Player has null/empty team field - breaks team-based filters
P2,C,4.0,null_team_field,Carlos Rojas,692334,,,<team_abbrev>,NULL,Player has null/empty team field - breaks team-based filters
P2,C,4.0,null_team_field,Luke Gold,688780,,,<team_abbrev>,NULL,Player has null/empty team field - breaks team-based filters
P2,C,4.0,null_team_field,Justin Lavey,669671,,,<team_abbrev>,NULL,Player has null/empty team field - breaks team-based filters
P2,C,4.0,null_team_field,Kiko Romero,687340,,,<team_abbrev>,NULL,Player has null/empty team field - breaks team-based filters
P2,C,4.0,null_team_field,Kevin Watson Jr,675982,,,<team_abbrev>,NULL,Player has null/empty team field - breaks team-based filters
P2,C,4.0,null_team_field,Cristopher Navarro,665888,,,<team_abbrev>,NULL,Player has null/empty team field - breaks team-based filters
P2,C,4.0,null_team_field,Branden Fryman,670210,,,<team_abbrev>,NULL,Player has null/empty team field - breaks team-based filters
P2,C,4.0,null_team_field,Jose Acosta,678584,,,<team_abbrev>,NULL,Player has null/empty team field - breaks team-based filters
P2,C,4.0,null_team_field,James Parker,681466,,,<team_abbrev>,NULL,Player has null/empty team field - breaks team-based filters
P2,C,4.0,null_team_field,Tanner O'Tremba,681201,,,<team_abbrev>,NULL,Player has null/empty team field - breaks team-based filters
P2,C,4.0,null_team_field,Alex Hall,673064,,,<team_abbrev>,NULL,Player has null/empty team field - breaks team-based filters
P2,C,4.0,null_team_field,Bryce Arnold,683301,,,<team_abbrev>,NULL,Player has null/empty team field - breaks team-based filters
P2,C,4.0,null_team_field,Mikey Kane,815097,,,<team_abbrev>,NULL,Player has null/empty team field - breaks team-based filters
P2,C,4.0,null_team_field,Micah McDowell,678093,,,<team_abbrev>,NULL,Player has null/empty team field - breaks team-based filters
P2,C,4.0,null_team_field,Matt Whatley,675662,,,<team_abbrev>,NULL,Player has null/empty team field - breaks team-based filters
P2,C,4.0,null_team_field,Yosy Galan,696045,,,<team_abbrev>,NULL,Player has null/empty team field - breaks team-based filters
P2,C,4.0,null_team_field,Cole Turney,669318,,,<team_abbrev>,NULL,Player has null/empty team field - breaks team-based filters
P2,C,4.0,null_team_field,Juan Corniel,691284,,,<team_abbrev>,NULL,Player has null/empty team field - breaks team-based filters
P2,C,4.0,null_team_field,Sammy Infante,692221,,,<team_abbrev>,NULL,Player has null/empty team field - breaks team-based filters
P2,C,4.0,null_team_field,Karell Paz,801740,,,<team_abbrev>,NULL,Player has null/empty team field - breaks team-based filters
P2,C,4.0,null_team_field,Jeffry Parra,670399,,,<team_abbrev>,NULL,Player has null/empty team field - breaks team-based filters
P2,C,4.0,null_team_field,Mike Peabody,675440,,,<team_abbrev>,NULL,Player has null/empty team field - breaks team-based filters
P2,C,4.0,null_team_field,Carlos Aguiar,678690,,,<team_abbrev>,NULL,Player has null/empty team field - breaks team-based filters
P2,C,4.0,null_team_field,Brett Roberts,689355,,,<team_abbrev>,NULL,Player has null/empty team field - breaks team-based filters
P2,C,4.0,null_team_field,Ty Duvall,669649,,,<team_abbrev>,NULL,Player has null/empty team field - breaks team-based filters
P2,C,4.0,null_team_field,Hak-Ju Lee,573349,,,<team_abbrev>,NULL,Player has null/empty team field - breaks team-based filters
P2,C,4.0,null_team_field,Carlos Dominguez,683364,,,<team_abbrev>,NULL,Player has null/empty team field - breaks team-based filters
P2,C,4.0,null_team_field,Wade Stauss,702328,,,<team_abbrev>,NULL,Player has null/empty team field - breaks team-based filters
P2,C,4.0,null_team_field,Ghordy Santos,672775,,,<team_abbrev>,NULL,Player has null/empty team field - breaks team-based filters
P2,C,4.0,null_team_field,Will Bartlett,686673,,,<team_abbrev>,NULL,Player has null/empty team field - breaks team-based filters
P2,C,4.0,null_team_field,Yhoswar Garcia,694070,,,<team_abbrev>,NULL,Player has null/empty team field - breaks team-based filters
P2,C,4.0,null_team_field,Roismar Quintana,692453,,,<team_abbrev>,NULL,Player has null/empty team field - breaks team-based filters
P2,C,4.0,null_team_field,Cam Gallagher,595956,,,<team_abbrev>,NULL,Player has null/empty team field - breaks team-based filters
P2,C,4.0,null_team_field,Thomas Francisco,695370,,,<team_abbrev>,NULL,Player has null/empty team field - breaks team-based filters
P2,C,4.0,null_team_field,Michael Curialle,683152,,,<team_abbrev>,NULL,Player has null/empty team field - breaks team-based filters
P2,C,4.0,null_team_field,Kyle Hess,680740,,,<team_abbrev>,NULL,Player has null/empty team field - breaks team-based filters
P2,C,4.0,null_team_field,Francisco Hernandez,677731,,,<team_abbrev>,NULL,Player has null/empty team field - breaks team-based filters
P2,C,4.0,null_team_field,Cam Williams,668769,,,<team_abbrev>,NULL,Player has null/empty team field - breaks team-based filters
P2,C,4.0,null_team_field,Osvaldo Tovalin,694976,,,<team_abbrev>,NULL,Player has null/empty team field - breaks team-based filters
P2,C,4.0,null_team_field,Osiris Johnson,677341,,,<team_abbrev>,NULL,Player has null/empty team field - breaks team-based filters
P2,C,4.0,null_team_field,Yassel Pino,689235,,,<team_abbrev>,NULL,Player has null/empty team field - breaks team-based filters
P2,C,4.0,null_team_field,Shane Muntz,675992,,,<team_abbrev>,NULL,Player has null/empty team field - breaks team-based filters
P2,C,4.0,null_team_field,Isaac De León,682722,,,<team_abbrev>,NULL,Player has null/empty team field - breaks team-based filters
P2,C,4.0,null_team_field,Jack Reinheimer,595373,,,<team_abbrev>,NULL,Player has null/empty team field - breaks team-based filters
P2,C,4.0,null_team_field,Ryan Wilson,801698,,,<team_abbrev>,NULL,Player has null/empty team field - breaks team-based filters
P2,C,4.0,null_team_field,Brayden Jobert,801430,,,<team_abbrev>,NULL,Player has null/empty team field - breaks team-based filters
P2,C,4.0,null_team_field,Lyle Miller-Green,688509,,,<team_abbrev>,NULL,Player has null/empty team field - breaks team-based filters
P2,C,4.0,null_team_field,Jaden Rudd,701437,,,<team_abbrev>,NULL,Player has null/empty team field - breaks team-based filters
P2,C,4.0,null_team_field,Luis Valdez,687667,,,<team_abbrev>,NULL,Player has null/empty team field - breaks team-based filters
P2,C,4.0,null_team_field,Gabriel Moncada,682732,,,<team_abbrev>,NULL,Player has null/empty team field - breaks team-based filters
P2,C,4.0,null_team_field,Leandro Emiliani,678247,,,<team_abbrev>,NULL,Player has null/empty team field - breaks team-based filters
P2,C,4.0,null_team_field,Gilberto Jimenez,678362,,,<team_abbrev>,NULL,Player has null/empty team field - breaks team-based filters
P2,C,4.0,null_team_field,Troy Schreffler Jr.,687285,,,<team_abbrev>,NULL,Player has null/empty team field - breaks team-based filters
P2,C,4.0,null_team_field,Mario Gomez,694034,,,<team_abbrev>,NULL,Player has null/empty team field - breaks team-based filters
P2,C,4.0,null_team_field,Joshwan Wright,678428,,,<team_abbrev>,NULL,Player has null/empty team field - breaks team-based filters
P2,C,4.0,null_team_field,Caberea Weaver,669015,,,<team_abbrev>,NULL,Player has null/empty team field - breaks team-based filters
P2,C,4.0,null_team_field,Ernny Ordonez,688658,,,<team_abbrev>,NULL,Player has null/empty team field - breaks team-based filters
P2,C,4.0,null_team_field,Luke Brown,687493,,,<team_abbrev>,NULL,Player has null/empty team field - breaks team-based filters
P2,C,4.0,null_team_field,Enmanuel Terrero,691927,,,<team_abbrev>,NULL,Player has null/empty team field - breaks team-based filters
P2,C,4.0,null_team_field,Yordys Valdes,686798,,,<team_abbrev>,NULL,Player has null/empty team field - breaks team-based filters
P2,C,4.0,null_team_field,Eduarqui Fernandez,682631,,,<team_abbrev>,NULL,Player has null/empty team field - breaks team-based filters
P2,C,4.0,null_team_field,Jackson Feltner,801822,,,<team_abbrev>,NULL,Player has null/empty team field - breaks team-based filters
P2,C,4.0,null_team_field,Jorge Puerta,692333,,,<team_abbrev>,NULL,Player has null/empty team field - breaks team-based filters
P2,C,4.0,null_team_field,Jake Anchia,680971,,,<team_abbrev>,NULL,Player has null/empty team field - breaks team-based filters
P2,C,4.0,null_team_field,Juan Alonso,699076,,,<team_abbrev>,NULL,Player has null/empty team field - breaks team-based filters
P2,C,4.0,null_team_field,Channy Ortiz,671495,,,<team_abbrev>,NULL,Player has null/empty team field - breaks team-based filters
P2,C,4.0,null_team_field,Werner Blakely,690956,,,<team_abbrev>,NULL,Player has null/empty team field - breaks team-based filters
P2,C,4.0,null_team_field,Bryce Madron,809244,,,<team_abbrev>,NULL,Player has null/empty team field - breaks team-based filters
P2,C,4.0,null_team_field,Kadon Morton,683170,,,<team_abbrev>,NULL,Player has null/empty team field - breaks team-based filters
P2,C,4.0,null_team_field,Colin Summerhill,814394,,,<team_abbrev>,NULL,Player has null/empty team field - breaks team-based filters
P2,C,4.0,null_team_field,Anthony Hall,689141,,,<team_abbrev>,NULL,Player has null/empty team field - breaks team-based filters
P2,C,4.0,null_team_field,Estiven Machado,692497,,,<team_abbrev>,NULL,Player has null/empty team field - breaks team-based filters
P2,C,4.0,null_team_field,Dom Johnson,694336,,,<team_abbrev>,NULL,Player has null/empty team field - breaks team-based filters
P2,C,4.0,null_team_field,Wooyeoul Shin,703813,,,<team_abbrev>,NULL,Player has null/empty team field - breaks team-based filters
P2,C,4.0,null_team_field,Jesus Bugarin,684109,,,<team_abbrev>,NULL,Player has null/empty team field - breaks team-based filters
P2,C,4.0,null_team_field,Ynmanol Mariñez,677577,,,<team_abbrev>,NULL,Player has null/empty team field - breaks team-based filters
P2,C,4.0,null_team_field,Jared Dupere,684855,,,<team_abbrev>,NULL,Player has null/empty team field - breaks team-based filters
P2,C,4.0,null_team_field,Jace Grady,800056,,,<team_abbrev>,NULL,Player has null/empty team field - breaks team-based filters
P2,C,4.0,null_team_field,Jayce Easley,681068,,,<team_abbrev>,NULL,Player has null/empty team field - breaks team-based filters
P2,C,4.0,null_team_field,William Sullivan,688963,,,<team_abbrev>,NULL,Player has null/empty team field - breaks team-based filters
P2,C,4.0,null_team_field,Peyton Powell,687334,,,<team_abbrev>,NULL,Player has null/empty team field - breaks team-based filters
P2,C,4.0,null_team_field,Albertson Asigen,692694,,,<team_abbrev>,NULL,Player has null/empty team field - breaks team-based filters
P2,C,4.0,null_team_field,Lizandro Rodriguez,691497,,,<team_abbrev>,NULL,Player has null/empty team field - breaks team-based filters
P2,C,4.0,null_team_field,Jake Vogel,691949,,,<team_abbrev>,NULL,Player has null/empty team field - breaks team-based filters
P2,C,4.0,null_team_field,Mike Salvatore,663682,,,<team_abbrev>,NULL,Player has null/empty team field - breaks team-based filters
P2,C,4.0,null_team_field,Roque Salinas,701010,,,<team_abbrev>,NULL,Player has null/empty team field - breaks team-based filters
P2,C,4.0,null_team_field,Jake DeLeo,691939,,,<team_abbrev>,NULL,Player has null/empty team field - breaks team-based filters
P2,C,4.0,null_team_field,Manuel Sequera,691456,,,<team_abbrev>,NULL,Player has null/empty team field - breaks team-based filters
P2,C,4.0,null_team_field,Jonathan Guzmán,666695,,,<team_abbrev>,NULL,Player has null/empty team field - breaks team-based filters
P2,C,4.0,null_team_field,Jean Arnaez,692484,,,<team_abbrev>,NULL,Player has null/empty team field - breaks team-based filters
P2,C,4.0,null_team_field,Joe Stewart,680396,,,<team_abbrev>,NULL,Player has null/empty team field - breaks team-based filters
P2,C,4.0,null_team_field,Brandon Pimentel,699615,,,<team_abbrev>,NULL,Player has null/empty team field - breaks team-based filters
P2,C,4.0,null_team_field,Harrison Spohn,695461,,,<team_abbrev>,NULL,Player has null/empty team field - breaks team-based filters
P2,C,4.0,null_team_field,EJ Andrews Jr.,681044,,,<team_abbrev>,NULL,Player has null/empty team field - breaks team-based filters
P2,C,4.0,null_team_field,Stiven Acevedo,685776,,,<team_abbrev>,NULL,Player has null/empty team field - breaks team-based filters
P2,C,4.0,null_team_field,Tim Borden II,680874,,,<team_abbrev>,NULL,Player has null/empty team field - breaks team-based filters
P2,C,4.0,null_team_field,Jefferson Valladares,686338,,,<team_abbrev>,NULL,Player has null/empty team field - breaks team-based filters
P2,C,4.0,null_team_field,Ben Metzinger,690902,,,<team_abbrev>,NULL,Player has null/empty team field - breaks team-based filters
P2,C,4.0,null_team_field,Carlos Santiago,678807,,,<team_abbrev>,NULL,Player has null/empty team field - breaks team-based filters
P2,C,4.0,null_team_field,Jose Sibrian,665715,,,<team_abbrev>,NULL,Player has null/empty team field - breaks team-based filters
P2,C,4.0,null_team_field,Ronaldo Flores,683612,,,<team_abbrev>,NULL,Player has null/empty team field - breaks team-based filters
P2,C,4.0,null_team_field,Zac Fascia,659359,,,<team_abbrev>,NULL,Player has null/empty team field - breaks team-based filters
P2,C,4.0,null_team_field,Jommer Hernandez,678912,,,<team_abbrev>,NULL,Player has null/empty team field - breaks team-based filters
P2,C,4.0,null_team_field,Steven Rivas,677004,,,<team_abbrev>,NULL,Player has null/empty team field - breaks team-based filters
P2,C,4.0,null_team_field,Dylan Shockley,686758,,,<team_abbrev>,NULL,Player has null/empty team field - breaks team-based filters
P2,C,4.0,null_team_field,Wilman Diaz,694180,,,<team_abbrev>,NULL,Player has null/empty team field - breaks team-based filters
P2,C,4.0,null_team_field,Justin Bench,699478,,,<team_abbrev>,NULL,Player has null/empty team field - breaks team-based filters
P2,C,4.0,null_team_field,David Smith,808818,,,<team_abbrev>,NULL,Player has null/empty team field - breaks team-based filters
P2,C,4.0,null_team_field,Ryan Leitch,683318,,,<team_abbrev>,NULL,Player has null/empty team field - breaks team-based filters
P2,C,4.0,null_team_field,Cody Wilson,680963,,,<team_abbrev>,NULL,Player has null/empty team field - breaks team-based filters
P2,C,4.0,null_team_field,Jack Herman,681075,,,<team_abbrev>,NULL,Player has null/empty team field - breaks team-based filters
P2,C,4.0,null_team_field,Brenny Escanio,691601,,,<team_abbrev>,NULL,Player has null/empty team field - breaks team-based filters
P2,C,4.0,null_team_field,Aneudis Mordán,698937,,,<team_abbrev>,NULL,Player has null/empty team field - breaks team-based filters
P2,C,4.0,null_team_field,Jesus Ordonez,691116,,,<team_abbrev>,NULL,Player has null/empty team field - breaks team-based filters
P2,C,4.0,null_team_field,Myles Smith,701737,,,<team_abbrev>,NULL,Player has null/empty team field - breaks team-based filters
P2,C,4.0,null_team_field,Chase Luttrell,702292,,,<team_abbrev>,NULL,Player has null/empty team field - breaks team-based filters
P2,C,4.0,null_team_field,Chad Castillo,674913,,,<team_abbrev>,NULL,Player has null/empty team field - breaks team-based filters
P2,C,4.0,null_team_field,Jordan Viars,701833,,,<team_abbrev>,NULL,Player has null/empty team field - breaks team-based filters
P2,C,4.0,null_team_field,Rafael Morel,682662,,,<team_abbrev>,NULL,Player has null/empty team field - breaks team-based filters
P2,C,4.0,null_team_field,Kevin Sim,691726,,,<team_abbrev>,NULL,Player has null/empty team field - breaks team-based filters
P2,C,4.0,null_team_field,Kellum Clark,690969,,,<team_abbrev>,NULL,Player has null/empty team field - breaks team-based filters
P2,C,4.0,null_team_field,Kade Kern,807746,,,<team_abbrev>,NULL,Player has null/empty team field - breaks team-based filters
P2,C,4.0,null_team_field,Daury Arias,693808,,,<team_abbrev>,NULL,Player has null/empty team field - breaks team-based filters
P2,C,4.0,null_team_field,Lexer Saduy,691418,,,<team_abbrev>,NULL,Player has null/empty team field - breaks team-based filters
P2,C,4.0,null_team_field,Christopher Espinola,699053,,,<team_abbrev>,NULL,Player has null/empty team field - breaks team-based filters
P2,C,4.0,null_team_field,Garrett Frechette,683102,,,<team_abbrev>,NULL,Player has null/empty team field - breaks team-based filters
P2,C,4.0,null_team_field,Jackson Loftin,699816,,,<team_abbrev>,NULL,Player has null/empty team field - breaks team-based filters
P2,C,4.0,null_team_field,Ricardo Rosario,691905,,,<team_abbrev>,NULL,Player has null/empty team field - breaks team-based filters
P2,C,4.0,null_team_field,Cam Fisher,801176,,,<team_abbrev>,NULL,Player has null/empty team field - breaks team-based filters
P2,C,4.0,null_team_field,Elio Campos,699069,,,<team_abbrev>,NULL,Player has null/empty team field - breaks team-based filters
P2,C,4.0,null_team_field,Roger Lasso,699068,,,<team_abbrev>,NULL,Player has null/empty team field - breaks team-based filters
P2,C,4.0,null_team_field,Demetrio Nadal,702391,,,<team_abbrev>,NULL,Player has null/empty team field - breaks team-based filters
P2,C,4.0,null_team_field,Darlyn Montero,683887,,,<team_abbrev>,NULL,Player has null/empty team field - breaks team-based filters
P2,C,4.0,null_team_field,Blaze O'Saben,835031,,,<team_abbrev>,NULL,Player has null/empty team field - breaks team-based filters
P2,C,4.0,null_team_field,Jaxx Groshans,686755,,,<team_abbrev>,NULL,Player has null/empty team field - breaks team-based filters
P2,C,4.0,null_team_field,Angel Tejada,698941,,,<team_abbrev>,NULL,Player has null/empty team field - breaks team-based filters
P2,C,4.0,null_team_field,Luis Reyes,699105,,,<team_abbrev>,NULL,Player has null/empty team field - breaks team-based filters
P2,C,4.0,null_team_field,Estanlin Cassiani,693790,,,<team_abbrev>,NULL,Player has null/empty team field - breaks team-based filters
P2,C,4.0,null_team_field,Jose De La Cruz,682627,,,<team_abbrev>,NULL,Player has null/empty team field - breaks team-based filters
P2,C,4.0,null_team_field,Angel Diaz,801225,,,<team_abbrev>,NULL,Player has null/empty team field - breaks team-based filters
P2,C,4.0,null_team_field,Cole Roberts,689731,,,<team_abbrev>,NULL,Player has null/empty team field - breaks team-based filters
P2,C,4.0,null_team_field,Jose De Jesus,703183,,,<team_abbrev>,NULL,Player has null/empty team field - breaks team-based filters
P2,C,4.0,null_team_field,Yohander Martinez,682695,,,<team_abbrev>,NULL,Player has null/empty team field - breaks team-based filters
P2,C,4.0,null_team_field,Carlos Amaya,692650,,,<team_abbrev>,NULL,Player has null/empty team field - breaks team-based filters
P2,C,4.0,null_team_field,Cristopher Barete,683539,,,<team_abbrev>,NULL,Player has null/empty team field - breaks team-based filters
P2,C,4.0,null_team_field,Cristian Gonzalez,682685,,,<team_abbrev>,NULL,Player has null/empty team field - breaks team-based filters
P2,C,4.0,null_team_field,Randy Bednar,676419,,,<team_abbrev>,NULL,Player has null/empty team field - breaks team-based filters
P2,C,4.0,null_team_field,Anthony Servideo,676545,,,<team_abbrev>,NULL,Player has null/empty team field - breaks team-based filters
P2,C,4.0,null_team_field,Nick Roselli,815874,,,<team_abbrev>,NULL,Player has null/empty team field - breaks team-based filters
P2,C,4.0,null_team_field,Jose Colmenares,683511,,,<team_abbrev>,NULL,Player has null/empty team field - breaks team-based filters
P2,C,4.0,null_team_field,Ismael Mena,691190,,,<team_abbrev>,NULL,Player has null/empty team field - breaks team-based filters
P2,C,4.0,null_team_field,Peyton Carr,804726,,,<team_abbrev>,NULL,Player has null/empty team field - breaks team-based filters
P2,C,4.0,null_team_field,Luis Pineda,682867,,,<team_abbrev>,NULL,Player has null/empty team field - breaks team-based filters
P2,C,4.0,null_team_field,Mahki Backstrom,683106,,,<team_abbrev>,NULL,Player has null/empty team field - breaks team-based filters
P2,C,4.0,null_team_field,Andrew Miller,685460,,,<team_abbrev>,NULL,Player has null/empty team field - breaks team-based filters
P2,C,4.0,null_team_field,Yoander Rivero,682714,,,<team_abbrev>,NULL,Player has null/empty team field - breaks team-based filters
P2,C,4.0,null_team_field,Charles Mack,680698,,,<team_abbrev>,NULL,Player has null/empty team field - breaks team-based filters
P2,C,4.0,null_team_field,Luis Torres,801230,,,<team_abbrev>,NULL,Player has null/empty team field - breaks team-based filters
P2,C,4.0,null_team_field,Harry Owen,702214,,,<team_abbrev>,NULL,Player has null/empty team field - breaks team-based filters
P2,C,4.0,null_team_field,Yeuni Munoz,699097,,,<team_abbrev>,NULL,Player has null/empty team field - breaks team-based filters
P2,C,4.0,null_team_field,Erick Alvarez,801248,,,<team_abbrev>,NULL,Player has null/empty team field - breaks team-based filters
P2,C,4.0,null_team_field,Jhoneiker Betancourt,672501,,,<team_abbrev>,NULL,Player has null/empty team field - breaks team-based filters
P2,C,4.0,null_team_field,Reidy Mercado,680586,,,<team_abbrev>,NULL,Player has null/empty team field - breaks team-based filters
P2,C,4.0,null_team_field,Alberto Mendez,800160,,,<team_abbrev>,NULL,Player has null/empty team field - breaks team-based filters
P2,C,4.0,null_team_field,Danyer Cueva,694227,,,<team_abbrev>,NULL,Player has null/empty team field - breaks team-based filters
P2,C,4.0,null_team_field,Colton Bender,701209,,,<team_abbrev>,NULL,Player has null/empty team field - breaks team-based filters
P2,C,4.0,null_team_field,Jean Perez,691685,,,<team_abbrev>,NULL,Player has null/empty team field - breaks team-based filters
P2,C,4.0,null_team_field,Jair Casanova,698911,,,<team_abbrev>,NULL,Player has null/empty team field - breaks team-based filters
P2,C,4.0,null_team_field,Felix Tena,700170,,,<team_abbrev>,NULL,Player has null/empty team field - breaks team-based filters
P2,C,4.0,null_team_field,Will McGillis,702217,,,<team_abbrev>,NULL,Player has null/empty team field - breaks team-based filters
P2,C,4.0,null_team_field,Eddy Rodriguez,699014,,,<team_abbrev>,NULL,Player has null/empty team field - breaks team-based filters
P2,C,4.0,null_team_field,Wilber Sanchez,684712,,,<team_abbrev>,NULL,Player has null/empty team field - breaks team-based filters
P2,C,4.0,null_team_field,Juan Jerez,683563,,,<team_abbrev>,NULL,Player has null/empty team field - breaks team-based filters
P2,C,4.0,null_team_field,Ryan McCarthy,804884,,,<team_abbrev>,NULL,Player has null/empty team field - breaks team-based filters
P2,C,4.0,null_team_field,Jose Caguana,683588,,,<team_abbrev>,NULL,Player has null/empty team field - breaks team-based filters
P2,C,4.0,null_team_field,Justin Miknis,687242,,,<team_abbrev>,NULL,Player has null/empty team field - breaks team-based filters
P2,C,4.0,null_team_field,Barrett Riebock,814806,,,<team_abbrev>,NULL,Player has null/empty team field - breaks team-based filters
P2,C,4.0,null_team_field,Dillon Tatum,702208,,,<team_abbrev>,NULL,Player has null/empty team field - breaks team-based filters
P2,C,4.0,null_team_field,Sergio Campana,682656,,,<team_abbrev>,NULL,Player has null/empty team field - breaks team-based filters
P2,C,4.0,null_team_field,Rafael Cruz,699269,,,<team_abbrev>,NULL,Player has null/empty team field - breaks team-based filters
P2,C,4.0,null_team_field,Aldrin Lucas,691492,,,<team_abbrev>,NULL,Player has null/empty team field - breaks team-based filters
P2,C,4.0,null_team_field,Wyatt Crenshaw,809846,,,<team_abbrev>,NULL,Player has null/empty team field - breaks team-based filters
P2,C,4.0,null_team_field,Devin Hurdle,701152,,,<team_abbrev>,NULL,Player has null/empty team field - breaks team-based filters
P2,C,4.0,null_team_field,Elian Rayo,692378,,,<team_abbrev>,NULL,Player has null/empty team field - breaks team-based filters
P2,C,4.0,null_team_field,Chandler Seagle,676882,,,<team_abbrev>,NULL,Player has null/empty team field - breaks team-based filters
P2,C,4.0,null_team_field,Kalae Harrison,695013,,,<team_abbrev>,NULL,Player has null/empty team field - breaks team-based filters
P2,C,4.0,null_team_field,Daneurys De La Cruz,681453,,,<team_abbrev>,NULL,Player has null/empty team field - breaks team-based filters
P2,C,4.0,null_team_field,Jose Pastrano,691261,,,<team_abbrev>,NULL,Player has null/empty team field - breaks team-based filters
P2,C,4.0,null_team_field,Luis Chevalier,682728,,,<team_abbrev>,NULL,Player has null/empty team field - breaks team-based filters
P2,C,4.0,null_team_field,Keoni Cavaco,686577,,,<team_abbrev>,NULL,Player has null/empty team field - breaks team-based filters
P2,C,4.0,null_team_field,Justin Williams,681334,,,<team_abbrev>,NULL,Player has null/empty team field - breaks team-based filters
P2,C,4.0,null_team_field,Enzo Paulino,703890,,,<team_abbrev>,NULL,Player has null/empty team field - breaks team-based filters
P2,C,4.0,null_team_field,Elis Barreat,692412,,,<team_abbrev>,NULL,Player has null/empty team field - breaks team-based filters
P2,C,4.0,null_team_field,Alexander Benua,699229,,,<team_abbrev>,NULL,Player has null/empty team field - breaks team-based filters
P2,C,4.0,null_team_field,Anthony Quirion,688815,,,<team_abbrev>,NULL,Player has null/empty team field - breaks team-based filters
P2,C,4.0,null_team_field,Robert Lopez,694209,,,<team_abbrev>,NULL,Player has null/empty team field - breaks team-based filters
P2,C,4.0,null_team_field,Fadriel Cruz,677571,,,<team_abbrev>,NULL,Player has null/empty team field - breaks team-based filters
P2,C,4.0,null_team_field,Miguel Pabon,682196,,,<team_abbrev>,NULL,Player has null/empty team field - breaks team-based filters
P2,C,4.0,null_team_field,Jeremy Celedonio,684494,,,<team_abbrev>,NULL,Player has null/empty team field - breaks team-based filters
P2,C,4.0,null_team_field,Benjamin Blackwell,701295,,,<team_abbrev>,NULL,Player has null/empty team field - breaks team-based filters
P2,C,4.0,null_team_field,Alvaro Aguero,693763,,,<team_abbrev>,NULL,Player has null/empty team field - breaks team-based filters
P2,C,4.0,null_team_field,Albert Feliz,682765,,,<team_abbrev>,NULL,Player has null/empty team field - breaks team-based filters
P2,C,4.0,null_team_field,Carlos Gutierrez,699049,,,<team_abbrev>,NULL,Player has null/empty team field - breaks team-based filters
P2,C,4.0,null_team_field,Jarrod Belbin,684008,,,<team_abbrev>,NULL,Player has null/empty team field - breaks team-based filters
P2,C,4.0,null_team_field,Isaac Pena,800068,,,<team_abbrev>,NULL,Player has null/empty team field - breaks team-based filters
P2,C,4.0,null_team_field,Juan Santander,691466,,,<team_abbrev>,NULL,Player has null/empty team field - breaks team-based filters
P2,C,4.0,null_team_field,Angel Galarraga,687679,,,<team_abbrev>,NULL,Player has null/empty team field - breaks team-based filters
P2,C,4.0,null_team_field,John McHenry,806538,,,<team_abbrev>,NULL,Player has null/empty team field - breaks team-based filters
P2,C,4.0,null_team_field,Marco Soto,699709,,,<team_abbrev>,NULL,Player has null/empty team field - breaks team-based filters
P2,C,4.0,null_team_field,Angel Del Rosario,692489,,,<team_abbrev>,NULL,Player has null/empty team field - breaks team-based filters
P2,C,4.0,null_team_field,Jeral Toledo,691926,,,<team_abbrev>,NULL,Player has null/empty team field - breaks team-based filters
P2,C,4.0,null_team_field,Jared Thomas,683228,,,<team_abbrev>,NULL,Player has null/empty team field - breaks team-based filters
P2,C,4.0,null_team_field,Cristian Garcia,701661,,,<team_abbrev>,NULL,Player has null/empty team field - breaks team-based filters
P2,C,4.0,null_team_field,Nick Schwartz,813859,,,<team_abbrev>,NULL,Player has null/empty team field - breaks team-based filters
P2,C,4.0,null_team_field,Angelo DiSpigna,805701,,,<team_abbrev>,NULL,Player has null/empty team field - breaks team-based filters
P2,C,4.0,null_team_field,Robert Robertis,692508,,,<team_abbrev>,NULL,Player has null/empty team field - breaks team-based filters
P2,C,4.0,null_team_field,Jhonny Perdomo,692615,,,<team_abbrev>,NULL,Player has null/empty team field - breaks team-based filters
P2,C,4.0,null_team_field,Beycker Barroso,692852,,,<team_abbrev>,NULL,Player has null/empty team field - breaks team-based filters
P2,C,4.0,null_team_field,Renny Hidalgo,691586,,,<team_abbrev>,NULL,Player has null/empty team field - breaks team-based filters
P2,C,4.0,null_team_field,Javier Francisco,695223,,,<team_abbrev>,NULL,Player has null/empty team field - breaks team-based filters
P2,C,4.0,null_team_field,Marcos De La Rosa,691988,,,<team_abbrev>,NULL,Player has null/empty team field - breaks team-based filters
P2,C,4.0,null_team_field,Odalys Peguero,692422,,,<team_abbrev>,NULL,Player has null/empty team field - breaks team-based filters
P2,C,4.0,null_team_field,Ross Friedrick,815459,,,<team_abbrev>,NULL,Player has null/empty team field - breaks team-based filters
P2,C,4.0,null_team_field,Matthew Clayton,677329,,,<team_abbrev>,NULL,Player has null/empty team field - breaks team-based filters
P2,C,4.0,null_team_field,Nick Lucky,681879,,,<team_abbrev>,NULL,Player has null/empty team field - breaks team-based filters
P2,C,4.0,null_team_field,Yhoangel Aponte,699082,,,<team_abbrev>,NULL,Player has null/empty team field - breaks team-based filters
P2,C,4.0,null_team_field,Addison Kopack,688551,,,<team_abbrev>,NULL,Player has null/empty team field - breaks team-based filters
P2,C,4.0,null_team_field,Dionmy Salon,682934,,,<team_abbrev>,NULL,Player has null/empty team field - breaks team-based filters
P2,C,4.0,null_team_field,Enderso Lira,694229,,,<team_abbrev>,NULL,Player has null/empty team field - breaks team-based filters
P2,C,4.0,null_team_field,Jack Alexander,803009,,,<team_abbrev>,NULL,Player has null/empty team field - breaks team-based filters
P2,C,4.0,null_team_field,Kyle Battle,690350,,,<team_abbrev>,NULL,Player has null/empty team field - breaks team-based filters
P2,C,4.0,null_team_field,Jason Hinchman,695457,,,<team_abbrev>,NULL,Player has null/empty team field - breaks team-based filters
P2,C,4.0,null_team_field,Leosdany Molina,702416,,,<team_abbrev>,NULL,Player has null/empty team field - breaks team-based filters
P2,C,4.0,null_team_field,Jefferson Encarnacion,678893,,,<team_abbrev>,NULL,Player has null/empty team field - breaks team-based filters
P2,C,4.0,null_team_field,Yeniel Laboy,702596,,,<team_abbrev>,NULL,Player has null/empty team field - breaks team-based filters
P2,C,4.0,null_team_field,Jose Rodriguez,800412,,,<team_abbrev>,NULL,Player has null/empty team field - breaks team-based filters
P2,C,4.0,null_team_field,Wesley Zapata,699017,,,<team_abbrev>,NULL,Player has null/empty team field - breaks team-based filters
P2,C,4.0,null_team_field,Cristian Feliz,692490,,,<team_abbrev>,NULL,Player has null/empty team field - breaks team-based filters
P2,C,4.0,null_team_field,Cristhian Rodriguez,682725,,,<team_abbrev>,NULL,Player has null/empty team field - breaks team-based filters
P2,C,4.0,null_team_field,Brennon McNair,695707,,,<team_abbrev>,NULL,Player has null/empty team field - breaks team-based filters
P2,C,4.0,null_team_field,Cole Foster,694369,,,<team_abbrev>,NULL,Player has null/empty team field - breaks team-based filters
P2,C,4.0,null_team_field,Nicolas Deschamps,683324,,,<team_abbrev>,NULL,Player has null/empty team field - breaks team-based filters
P2,C,4.0,null_team_field,Braden Barry,802135,,,<team_abbrev>,NULL,Player has null/empty team field - breaks team-based filters
P2,C,4.0,null_team_field,Joel Mendez,693795,,,<team_abbrev>,NULL,Player has null/empty team field - breaks team-based filters
P2,C,4.0,null_team_field,Douglas Glod,800180,,,<team_abbrev>,NULL,Player has null/empty team field - breaks team-based filters
P2,C,4.0,null_team_field,Jose Escorche,683536,,,<team_abbrev>,NULL,Player has null/empty team field - breaks team-based filters
P2,C,4.0,null_team_field,Noah Williams,806304,,,<team_abbrev>,NULL,Player has null/empty team field - breaks team-based filters
P2,C,4.0,null_team_field,Deivis Nadal,683504,,,<team_abbrev>,NULL,Player has null/empty team field - breaks team-based filters
P2,C,4.0,null_team_field,Elvis Rijo,804879,,,<team_abbrev>,NULL,Player has null/empty team field - breaks team-based filters
P2,C,4.0,null_team_field,Abel Bastidas,694201,,,<team_abbrev>,NULL,Player has null/empty team field - breaks team-based filters
P2,C,4.0,null_team_field,Moises Gallardo,691865,,,<team_abbrev>,NULL,Player has null/empty team field - breaks team-based filters
P2,C,4.0,null_team_field,Chase Valentine,701106,,,<team_abbrev>,NULL,Player has null/empty team field - breaks team-based filters
P2,C,4.0,null_team_field,JoJo Blackmon,701424,,,<team_abbrev>,NULL,Player has null/empty team field - breaks team-based filters
P2,C,4.0,null_team_field,Dakota Kotowski,696282,,,<team_abbrev>,NULL,Player has null/empty team field - breaks team-based filters
P2,C,4.0,null_team_field,Diego Gonzalez,691897,,,<team_abbrev>,NULL,Player has null/empty team field - breaks team-based filters
P2,C,4.0,null_team_field,Jeffry Rosa,800251,,,<team_abbrev>,NULL,Player has null/empty team field - breaks team-based filters
P2,C,4.0,null_team_field,Hunter Haas,690983,,,<team_abbrev>,NULL,Player has null/empty team field - breaks team-based filters
P2,C,4.0,null_team_field,Jose Hernandez,684872,,,<team_abbrev>,NULL,Player has null/empty team field - breaks team-based filters
P2,C,4.0,null_team_field,Anderson Suriel,693798,,,<team_abbrev>,NULL,Player has null/empty team field - breaks team-based filters
P2,C,4.0,null_team_field,Ian Farrow,694786,,,<team_abbrev>,NULL,Player has null/empty team field - breaks team-based filters
P2,C,4.0,null_team_field,Johan Benitez,692551,,,<team_abbrev>,NULL,Player has null/empty team field - breaks team-based filters
P2,C,4.0,null_team_field,Yosander Asencio,800155,,,<team_abbrev>,NULL,Player has null/empty team field - breaks team-based filters
P2,C,4.0,null_team_field,Junior Sanchez,691265,,,<team_abbrev>,NULL,Player has null/empty team field - breaks team-based filters
P2,C,4.0,null_team_field,Ethan Lege,805356,,,<team_abbrev>,NULL,Player has null/empty team field - breaks team-based filters
P2,C,4.0,null_team_field,Caleb Pendleton,692228,,,<team_abbrev>,NULL,Player has null/empty team field - breaks team-based filters
P2,C,4.0,null_team_field,Carlos Arroyo,678863,,,<team_abbrev>,NULL,Player has null/empty team field - breaks team-based filters
P2,C,4.0,null_team_field,Weston Eberly,814440,,,<team_abbrev>,NULL,Player has null/empty team field - breaks team-based filters
P2,C,4.0,null_team_field,Jose Contreras,800451,,,<team_abbrev>,NULL,Player has null/empty team field - breaks team-based filters
P2,C,4.0,null_team_field,Xavier Guillen,806707,,,<team_abbrev>,NULL,Player has null/empty team field - breaks team-based filters
P2,C,4.0,null_team_field,Malvin Valdez,694216,,,<team_abbrev>,NULL,Player has null/empty team field - breaks team-based filters
P2,C,4.0,null_team_field,Nomar Fana,694049,,,<team_abbrev>,NULL,Player has null/empty team field - breaks team-based filters
P2,C,4.0,null_team_field,Richard Paz,678866,,,<team_abbrev>,NULL,Player has null/empty team field - breaks team-based filters
P2,C,4.0,null_team_field,Alain Camou,800126,,,<team_abbrev>,NULL,Player has null/empty team field - breaks team-based filters
P2,C,4.0,null_team_field,Daniel Perez,807949,,,<team_abbrev>,NULL,Player has null/empty team field - breaks team-based filters
P2,C,4.0,null_team_field,Rabel Colon,804521,,,<team_abbrev>,NULL,Player has null/empty team field - breaks team-based filters
P2,C,4.0,null_team_field,Nick Clarno,805339,,,<team_abbrev>,NULL,Player has null/empty team field - breaks team-based filters
P2,C,4.0,null_team_field,Iverson Espinoza,691396,,,<team_abbrev>,NULL,Player has null/empty team field - breaks team-based filters
P2,C,4.0,null_team_field,Carlos Monteverde,808272,,,<team_abbrev>,NULL,Player has null/empty team field - breaks team-based filters
P2,C,4.0,null_team_field,Kevin Guerrero,698931,,,<team_abbrev>,NULL,Player has null/empty team field - breaks team-based filters
P2,C,4.0,null_team_field,Milo Rushford,806299,,,<team_abbrev>,NULL,Player has null/empty team field - breaks team-based filters
P2,C,4.0,null_team_field,Nelson Beltran,683485,,,<team_abbrev>,NULL,Player has null/empty team field - breaks team-based filters
P2,C,4.0,null_team_field,Jackson Nicklaus,800715,,,<team_abbrev>,NULL,Player has null/empty team field - breaks team-based filters
P2,C,4.0,null_team_field,Riquelmin Cabral,691282,,,<team_abbrev>,NULL,Player has null/empty team field - breaks team-based filters
P2,C,4.0,null_team_field,Robert Gonzalez,800385,,,<team_abbrev>,NULL,Player has null/empty team field - breaks team-based filters
P2,C,4.0,null_team_field,Tommy Specht,702467,,,<team_abbrev>,NULL,Player has null/empty team field - breaks team-based filters
P2,C,4.0,null_team_field,Luis Rodriguez,677628,,,<team_abbrev>,NULL,Player has null/empty team field - breaks team-based filters
P2,C,4.0,null_team_field,Manuel Mejias,699052,,,<team_abbrev>,NULL,Player has null/empty team field - breaks team-based filters
P2,C,4.0,null_team_field,B.Y. Choi,815325,,,<team_abbrev>,NULL,Player has null/empty team field - breaks team-based filters
P2,C,4.0,null_team_field,Jordan McCants,696291,,,<team_abbrev>,NULL,Player has null/empty team field - breaks team-based filters
P2,C,4.0,null_team_field,Joseph Rodriguez,691867,,,<team_abbrev>,NULL,Player has null/empty team field - breaks team-based filters
P2,C,4.0,null_team_field,Christian Pregent,687315,,,<team_abbrev>,NULL,Player has null/empty team field - breaks team-based filters
P2,C,4.0,null_team_field,Fraymi De Leon,703205,,,<team_abbrev>,NULL,Player has null/empty team field - breaks team-based filters
P2,C,4.0,null_team_field,Kelvin Diaz,692556,,,<team_abbrev>,NULL,Player has null/empty team field - breaks team-based filters
P2,C,4.0,null_team_field,Jefferson Pena,694210,,,<team_abbrev>,NULL,Player has null/empty team field - breaks team-based filters
P2,C,4.0,null_team_field,Victor Torres,687436,,,<team_abbrev>,NULL,Player has null/empty team field - breaks team-based filters
P2,C,4.0,null_team_field,Ronny Polanco,692552,,,<team_abbrev>,NULL,Player has null/empty team field - breaks team-based filters
P2,C,4.0,null_team_field,Reece Walling,800617,,,<team_abbrev>,NULL,Player has null/empty team field - breaks team-based filters
P2,C,4.0,null_team_field,Xavier Casserilla,701786,,,<team_abbrev>,NULL,Player has null/empty team field - breaks team-based filters
P2,C,4.0,null_team_field,Alvaro Gonzalez,677572,,,<team_abbrev>,NULL,Player has null/empty team field - breaks team-based filters
P2,C,4.0,null_team_field,Solomon Maguire,693418,,,<team_abbrev>,NULL,Player has null/empty team field - breaks team-based filters
P2,C,4.0,null_team_field,Christian Molfetta,681538,,,<team_abbrev>,NULL,Player has null/empty team field - breaks team-based filters
P2,C,4.0,null_team_field,Adari Grant,699020,,,<team_abbrev>,NULL,Player has null/empty team field - breaks team-based filters
P2,C,4.0,null_team_field,Caleb McNeely,803001,,,<team_abbrev>,NULL,Player has null/empty team field - breaks team-based filters
P2,C,4.0,null_team_field,Frank Hernandez,693746,,,<team_abbrev>,NULL,Player has null/empty team field - breaks team-based filters
P2,C,4.0,null_team_field,Yendry Rojas,703180,,,<team_abbrev>,NULL,Player has null/empty team field - breaks team-based filters
P2,C,4.0,null_team_field,Willmer De La Cruz,692417,,,<team_abbrev>,NULL,Player has null/empty team field - breaks team-based filters
P2,C,4.0,null_team_field,Daniel McElveny,695772,,,<team_abbrev>,NULL,Player has null/empty team field - breaks team-based filters
P2,C,4.0,null_team_field,Yohander Linarez,800496,,,<team_abbrev>,NULL,Player has null/empty team field - breaks team-based filters
P2,C,4.0,null_team_field,Raynerd Ortega,800380,,,<team_abbrev>,NULL,Player has null/empty team field - breaks team-based filters
P2,C,4.0,null_team_field,Dayro Perez,683459,,,<team_abbrev>,NULL,Player has null/empty team field - breaks team-based filters
P2,C,4.0,null_team_field,Donovan Antonia,692190,,,<team_abbrev>,NULL,Player has null/empty team field - breaks team-based filters
P2,C,4.0,null_team_field,Karim Ayubi,699142,,,<team_abbrev>,NULL,Player has null/empty team field - breaks team-based filters
P2,C,4.0,null_team_field,Satchell Norman,695708,,,<team_abbrev>,NULL,Player has null/empty team field - breaks team-based filters
P2,C,4.0,null_team_field,Yanki Jean-Baptiste,800507,,,<team_abbrev>,NULL,Player has null/empty team field - breaks team-based filters
P2,C,4.0,null_team_field,Brayan Hernández,694045,,,<team_abbrev>,NULL,Player has null/empty team field - breaks team-based filters
P2,C,4.0,null_team_field,Tayler Aguilar,687012,,,<team_abbrev>,NULL,Player has null/empty team field - breaks team-based filters
P2,C,4.0,null_team_field,Jose Serrano,699112,,,<team_abbrev>,NULL,Player has null/empty team field - breaks team-based filters
P2,C,4.0,null_team_field,Ramon Peralta,698956,,,<team_abbrev>,NULL,Player has null/empty team field - breaks team-based filters
P2,C,4.0,null_team_field,Yeral Martinez,691701,,,<team_abbrev>,NULL,Player has null/empty team field - breaks team-based filters
P2,C,4.0,null_team_field,Victor Diaz,682770,,,<team_abbrev>,NULL,Player has null/empty team field - breaks team-based filters
P2,C,4.0,null_team_field,Maikel Hernandez,692397,,,<team_abbrev>,NULL,Player has null/empty team field - breaks team-based filters
P2,C,4.0,null_team_field,Isaias Dipre,692658,,,<team_abbrev>,NULL,Player has null/empty team field - breaks team-based filters
P2,C,4.0,null_team_field,Erick Peña,691179,,,<team_abbrev>,NULL,Player has null/empty team field - breaks team-based filters
P2,C,4.0,null_team_field,Edrick Felix,703742,,,<team_abbrev>,NULL,Player has null/empty team field - breaks team-based filters
P2,C,4.0,null_team_field,Edryn Rodriguez,692043,,,<team_abbrev>,NULL,Player has null/empty team field - breaks team-based filters
P2,C,4.0,null_team_field,Nik McClaughry,800597,,,<team_abbrev>,NULL,Player has null/empty team field - breaks team-based filters
P2,C,4.0,null_team_field,Geury Estevez,682882,,,<team_abbrev>,NULL,Player has null/empty team field - breaks team-based filters
P2,C,4.0,null_team_field,Darwin De Leon,805816,,,<team_abbrev>,NULL,Player has null/empty team field - breaks team-based filters
P2,C,4.0,null_team_field,Giullianno Allende,805125,,,<team_abbrev>,NULL,Player has null/empty team field - breaks team-based filters
P2,C,4.0,null_team_field,Peyton Holt,687428,,,<team_abbrev>,NULL,Player has null/empty team field - breaks team-based filters
P2,C,4.0,null_team_field,Gery Holguin,800368,,,<team_abbrev>,NULL,Player has null/empty team field - breaks team-based filters
P2,C,4.0,null_team_field,Yan Contreras,687073,,,<team_abbrev>,NULL,Player has null/empty team field - breaks team-based filters
P2,C,4.0,null_team_field,Nick Gile,806355,,,<team_abbrev>,NULL,Player has null/empty team field - breaks team-based filters
P2,C,4.0,null_team_field,Armando Cruz,694182,,,<team_abbrev>,NULL,Player has null/empty team field - breaks team-based filters
P2,C,4.0,null_team_field,Fran Alduey,694199,,,<team_abbrev>,NULL,Player has null/empty team field - breaks team-based filters
P2,C,4.0,null_team_field,JT Mabry,815842,,,<team_abbrev>,NULL,Player has null/empty team field - breaks team-based filters
P2,C,4.0,null_team_field,Francisco Garcia,693745,,,<team_abbrev>,NULL,Player has null/empty team field - breaks team-based filters
P2,C,4.0,null_team_field,Starlin Gill,678317,,,<team_abbrev>,NULL,Player has null/empty team field - breaks team-based filters
P2,C,4.0,null_team_field,Christopher Paciolla,800627,,,<team_abbrev>,NULL,Player has null/empty team field - breaks team-based filters
P2,C,4.0,null_team_field,Angel Arevalo,699002,,,<team_abbrev>,NULL,Player has null/empty team field - breaks team-based filters
P2,C,4.0,null_team_field,Leiker Figueroa,800303,,,<team_abbrev>,NULL,Player has null/empty team field - breaks team-based filters
P2,C,4.0,null_team_field,Diego Benitez,698902,,,<team_abbrev>,NULL,Player has null/empty team field - breaks team-based filters
P2,C,4.0,null_team_field,Willy Fanas,694217,,,<team_abbrev>,NULL,Player has null/empty team field - breaks team-based filters
P2,C,4.0,null_team_field,Efrenyer Narvaez,683534,,,<team_abbrev>,NULL,Player has null/empty team field - breaks team-based filters
P2,C,4.0,null_team_field,Arnold Prado,802102,,,<team_abbrev>,NULL,Player has null/empty team field - breaks team-based filters
P2,C,4.0,null_team_field,Darius Perry,683007,,,<team_abbrev>,NULL,Player has null/empty team field - breaks team-based filters
P2,C,4.0,null_team_field,Yoiber Ruiz,808099,,,<team_abbrev>,NULL,Player has null/empty team field - breaks team-based filters
P2,C,4.0,null_team_field,Javier Mora,694062,,,<team_abbrev>,NULL,Player has null/empty team field - breaks team-based filters
P2,C,4.0,null_team_field,Junior Gonzalez,680854,,,<team_abbrev>,NULL,Player has null/empty team field - breaks team-based filters
P2,C,4.0,null_team_field,Jesus Alexander,808377,,,<team_abbrev>,NULL,Player has null/empty team field - breaks team-based filters
P2,C,4.0,null_team_field,Taishi Nakawake,806012,,,<team_abbrev>,NULL,Player has null/empty team field - breaks team-based filters
P2,C,4.0,null_team_field,Pier-Olivier Boucher,815294,,,<team_abbrev>,NULL,Player has null/empty team field - breaks team-based filters
P2,C,4.0,null_team_field,Kelvin Diaz,692840,,,<team_abbrev>,NULL,Player has null/empty team field - breaks team-based filters
P2,C,4.0,null_team_field,Cesar Franco,694481,,,<team_abbrev>,NULL,Player has null/empty team field - breaks team-based filters
P2,C,4.0,null_team_field,Gabriel Terrero,808239,,,<team_abbrev>,NULL,Player has null/empty team field - breaks team-based filters
P2,C,4.0,null_team_field,Alexander Martinez,800329,,,<team_abbrev>,NULL,Player has null/empty team field - breaks team-based filters
P2,C,4.0,null_team_field,Oswaldo Patino,808157,,,<team_abbrev>,NULL,Player has null/empty team field - breaks team-based filters
P2,C,4.0,null_team_field,Cam Magee,695686,,,<team_abbrev>,NULL,Player has null/empty team field - breaks team-based filters
P2,C,4.0,null_team_field,Andry Javier,703906,,,<team_abbrev>,NULL,Player has null/empty team field - breaks team-based filters
P2,C,4.0,null_team_field,Luis Leones,692817,,,<team_abbrev>,NULL,Player has null/empty team field - breaks team-based filters
P2,C,4.0,null_team_field,Juan Machado,696015,,,<team_abbrev>,NULL,Player has null/empty team field - breaks team-based filters
P2,C,4.0,null_team_field,Armando Sierra,699152,,,<team_abbrev>,NULL,Player has null/empty team field - breaks team-based filters
P2,C,4.0,null_team_field,Heison Sanchez,800129,,,<team_abbrev>,NULL,Player has null/empty team field - breaks team-based filters
P2,C,4.0,null_team_field,Nathaniel Ochoa Leyva,692118,,,<team_abbrev>,NULL,Player has null/empty team field - breaks team-based filters
P2,C,4.0,null_team_field,Bairon Ledesma,813982,,,<team_abbrev>,NULL,Player has null/empty team field - breaks team-based filters
P2,C,4.0,null_team_field,Jjam Alvarez,807969,,,<team_abbrev>,NULL,Player has null/empty team field - breaks team-based filters
P2,C,4.0,null_team_field,Jhon Imbert,702211,,,<team_abbrev>,NULL,Player has null/empty team field - breaks team-based filters
P2,C,4.0,null_team_field,Gabriel Araujo,800250,,,<team_abbrev>,NULL,Player has null/empty team field - breaks team-based filters
P2,C,4.0,null_team_field,Karniel Pratt,805043,,,<team_abbrev>,NULL,Player has null/empty team field - breaks team-based filters
P2,C,4.0,null_team_field,Dawson Dimon,682191,,,<team_abbrev>,NULL,Player has null/empty team field - breaks team-based filters
P2,C,4.0,null_team_field,Andrew Patrick,814429,,,<team_abbrev>,NULL,Player has null/empty team field - breaks team-based filters
P2,C,4.0,null_team_field,Franyer Noria,800356,,,<team_abbrev>,NULL,Player has null/empty team field - breaks team-based filters
P2,C,4.0,null_team_field,Angel Cruz,682881,,,<team_abbrev>,NULL,Player has null/empty team field - breaks team-based filters
P2,C,4.0,null_team_field,Luis Ogando,703902,,,<team_abbrev>,NULL,Player has null/empty team field - breaks team-based filters
P2,C,4.0,null_team_field,Juan Perez,800327,,,<team_abbrev>,NULL,Player has null/empty team field - breaks team-based filters
P2,C,4.0,null_team_field,Jesus Moreno,678986,,,<team_abbrev>,NULL,Player has null/empty team field - breaks team-based filters
P2,C,4.0,null_team_field,Brad Cumbest,690898,,,<team_abbrev>,NULL,Player has null/empty team field - breaks team-based filters
P2,C,4.0,null_team_field,Edgar Basabe,699205,,,<team_abbrev>,NULL,Player has null/empty team field - breaks team-based filters
P2,C,4.0,null_team_field,Cleudis Valenzuela,821754,,,<team_abbrev>,NULL,Player has null/empty team field - breaks team-based filters
P2,C,4.0,null_team_field,Roosbert Tapia,800389,,,<team_abbrev>,NULL,Player has null/empty team field - breaks team-based filters
P2,C,4.0,null_team_field,Kleimir Lemos,800478,,,<team_abbrev>,NULL,Player has null/empty team field - breaks team-based filters
P2,C,4.0,null_team_field,Michael Guzman,808890,,,<team_abbrev>,NULL,Player has null/empty team field - breaks team-based filters
P2,C,4.0,null_team_field,Andres Villafane,808044,,,<team_abbrev>,NULL,Player has null/empty team field - breaks team-based filters
P2,C,4.0,null_team_field,Roinny Aguiar,800192,,,<team_abbrev>,NULL,Player has null/empty team field - breaks team-based filters
P2,C,4.0,null_team_field,Ewry Espinal,691919,,,<team_abbrev>,NULL,Player has null/empty team field - breaks team-based filters
P2,C,4.0,null_team_field,Oscar Colina,698928,,,<team_abbrev>,NULL,Player has null/empty team field - breaks team-based filters
P2,C,4.0,null_team_field,Darvin Cruz,808704,,,<team_abbrev>,NULL,Player has null/empty team field - breaks team-based filters
P2,C,4.0,null_team_field,Fernando Hernandez,691895,,,<team_abbrev>,NULL,Player has null/empty team field - breaks team-based filters
P2,C,4.0,null_team_field,Reminton Batista,800360,,,<team_abbrev>,NULL,Player has null/empty team field - breaks team-based filters
P2,C,4.0,null_team_field,Ramon Ramirez,802622,,,<team_abbrev>,NULL,Player has null/empty team field - breaks team-based filters
P2,C,4.0,null_team_field,Roiber Niazoa,808488,,,<team_abbrev>,NULL,Player has null/empty team field - breaks team-based filters
P2,C,4.0,null_team_field,Emiliano Galan,820987,,,<team_abbrev>,NULL,Player has null/empty team field - breaks team-based filters
P2,C,4.0,null_team_field,Mason Dinesen,828375,,,<team_abbrev>,NULL,Player has null/empty team field - breaks team-based filters
P2,C,4.0,null_team_field,Ramiro Altagracia,694219,,,<team_abbrev>,NULL,Player has null/empty team field - breaks team-based filters
P2,C,4.0,null_team_field,Jorge Julio,808336,,,<team_abbrev>,NULL,Player has null/empty team field - breaks team-based filters
P2,C,4.0,null_team_field,Toby Simmons,800524,,,<team_abbrev>,NULL,Player has null/empty team field - breaks team-based filters
P2,C,4.0,null_team_field,Adrian Meza,807977,,,<team_abbrev>,NULL,Player has null/empty team field - breaks team-based filters
P2,C,4.0,null_team_field,Heribert Silva,808137,,,<team_abbrev>,NULL,Player has null/empty team field - breaks team-based filters
P2,C,4.0,null_team_field,Ryan Castillo,801462,,,<team_abbrev>,NULL,Player has null/empty team field - breaks team-based filters
P2,C,4.0,null_team_field,Axell De Paula,800258,,,<team_abbrev>,NULL,Player has null/empty team field - breaks team-based filters
P2,C,4.0,null_team_field,Ruben Vizcaya,699006,,,<team_abbrev>,NULL,Player has null/empty team field - breaks team-based filters
P2,C,4.0,null_team_field,Yensi Reyes,813976,,,<team_abbrev>,NULL,Player has null/empty team field - breaks team-based filters
P2,C,4.0,null_team_field,Gabriel Gomes,806238,,,<team_abbrev>,NULL,Player has null/empty team field - breaks team-based filters
P2,C,4.0,null_team_field,Erick Bautista,805236,,,<team_abbrev>,NULL,Player has null/empty team field - breaks team-based filters
P2,C,4.0,null_team_field,Aniel Mendoza,807831,,,<team_abbrev>,NULL,Player has null/empty team field - breaks team-based filters
P2,C,4.0,null_team_field,Alonso Gallegos,821495,,,<team_abbrev>,NULL,Player has null/empty team field - breaks team-based filters
P2,C,4.0,null_team_field,Dauwin Gonzalez,809776,,,<team_abbrev>,NULL,Player has null/empty team field - breaks team-based filters
P2,C,4.0,null_team_field,Moises De La Rosa,800319,,,<team_abbrev>,NULL,Player has null/empty team field - breaks team-based filters
P2,C,4.0,null_team_field,Angel Herrera,808679,,,<team_abbrev>,NULL,Player has null/empty team field - breaks team-based filters
P2,C,4.0,null_team_field,Jerffson Pena,800011,,,<team_abbrev>,NULL,Player has null/empty team field - breaks team-based filters
P2,C,4.0,null_team_field,Enmanuel Ramirez,698990,,,<team_abbrev>,NULL,Player has null/empty team field - breaks team-based filters
P2,C,4.0,null_team_field,Herlinton Herrera,821824,,,<team_abbrev>,NULL,Player has null/empty team field - breaks team-based filters
P2,C,4.0,null_team_field,Williams Wong,806773,,,<team_abbrev>,NULL,Player has null/empty team field - breaks team-based filters
P2,C,4.0,null_team_field,Miguel Rivera,821819,,,<team_abbrev>,NULL,Player has null/empty team field - breaks team-based filters
P2,C,4.0,null_team_field,Yosmar Gimenez,807981,,,<team_abbrev>,NULL,Player has null/empty team field - breaks team-based filters
P2,C,4.0,null_team_field,Rainer Reyes,807384,,,<team_abbrev>,NULL,Player has null/empty team field - breaks team-based filters
P2,C,4.0,null_team_field,Ismael Javier,806973,,,<team_abbrev>,NULL,Player has null/empty team field - breaks team-based filters
P2,C,4.0,null_team_field,Jose Ferrer,678276,,,<team_abbrev>,NULL,Player has null/empty team field - breaks team-based filters
P2,C,4.0,null_team_field,Railin Tea,808038,,,<team_abbrev>,NULL,Player has null/empty team field - breaks team-based filters
P2,C,4.0,null_team_field,Justin Trimble,702293,,,<team_abbrev>,NULL,Player has null/empty team field - breaks team-based filters
P2,C,4.0,null_team_field,Enyel Rosario,821090,,,<team_abbrev>,NULL,Player has null/empty team field - breaks team-based filters
P2,C,4.0,null_team_field,Luis Marinez,692074,,,<team_abbrev>,NULL,Player has null/empty team field - breaks team-based filters
P2,C,4.0,null_team_field,Leny Carela,800143,,,<team_abbrev>,NULL,Player has null/empty team field - breaks team-based filters
P2,C,4.0,null_team_field,Derwin Laya,698978,,,<team_abbrev>,NULL,Player has null/empty team field - breaks team-based filters
P2,C,4.0,null_team_field,Brayan Guedez,800165,,,<team_abbrev>,NULL,Player has null/empty team field - breaks team-based filters
P2,C,4.0,null_team_field,Nixson Cueche,808304,,,<team_abbrev>,NULL,Player has null/empty team field - breaks team-based filters
P2,C,4.0,null_team_field,Jhon Diaz,807817,,,<team_abbrev>,NULL,Player has null/empty team field - breaks team-based filters
P2,C,4.0,null_team_field,Juan Frances,808080,,,<team_abbrev>,NULL,Player has null/empty team field - breaks team-based filters
P2,C,4.0,null_team_field,Sandy Sanchez,800367,,,<team_abbrev>,NULL,Player has null/empty team field - breaks team-based filters
P2,C,4.0,null_team_field,Miguel Blanco,808387,,,<team_abbrev>,NULL,Player has null/empty team field - breaks team-based filters
P2,C,4.0,null_team_field,Luis Vicioso,808050,,,<team_abbrev>,NULL,Player has null/empty team field - breaks team-based filters
P2,C,4.0,null_team_field,Joswuill Rondon,810048,,,<team_abbrev>,NULL,Player has null/empty team field - breaks team-based filters
P2,C,4.0,null_team_field,John Santana,808015,,,<team_abbrev>,NULL,Player has null/empty team field - breaks team-based filters
P2,C,4.0,null_team_field,Adrian Garcia,823785,,,<team_abbrev>,NULL,Player has null/empty team field - breaks team-based filters
P2,C,4.0,null_team_field,Erick Arosemena,800374,,,<team_abbrev>,NULL,Player has null/empty team field - breaks team-based filters
P2,C,4.0,null_team_field,Anderson Tovar,821076,,,<team_abbrev>,NULL,Player has null/empty team field - breaks team-based filters
P2,C,4.0,null_team_field,Daje Morales,800307,,,<team_abbrev>,NULL,Player has null/empty team field - breaks team-based filters
P2,C,4.0,null_team_field,Jhonson Pena,692670,,,<team_abbrev>,NULL,Player has null/empty team field - breaks team-based filters
P2,C,4.0,null_team_field,Antony Peguero,803433,,,<team_abbrev>,NULL,Player has null/empty team field - breaks team-based filters
P2,C,4.0,null_team_field,Nestor Urbina,821524,,,<team_abbrev>,NULL,Player has null/empty team field - breaks team-based filters
P2,C,4.0,null_team_field,Jayden Felicia,809337,,,<team_abbrev>,NULL,Player has null/empty team field - breaks team-based filters
P2,C,4.0,null_team_field,Miguel Tamares,800546,,,<team_abbrev>,NULL,Player has null/empty team field - breaks team-based filters
P2,C,4.0,null_team_field,Yorfran Medina,800337,,,<team_abbrev>,NULL,Player has null/empty team field - breaks team-based filters
P2,C,4.0,null_team_field,Deivis Mosquera,805108,,,<team_abbrev>,NULL,Player has null/empty team field - breaks team-based filters
P2,C,4.0,null_team_field,Hugo Sanchez,692033,,,<team_abbrev>,NULL,Player has null/empty team field - breaks team-based filters
P2,C,4.0,null_team_field,Anyelo Gonzalez,808342,,,<team_abbrev>,NULL,Player has null/empty team field - breaks team-based filters
P2,C,4.0,null_team_field,Albert Carpio,800330,,,<team_abbrev>,NULL,Player has null/empty team field - breaks team-based filters
P2,C,4.0,null_team_field,Abraham Cohen,808316,,,<team_abbrev>,NULL,Player has null/empty team field - breaks team-based filters
P2,C,4.0,null_team_field,Spence Coffman,806310,,,<team_abbrev>,NULL,Player has null/empty team field - breaks team-based filters
P2,C,4.0,null_team_field,Yelserth Ayala,808146,,,<team_abbrev>,NULL,Player has null/empty team field - breaks team-based filters
P2,C,4.0,null_team_field,Jairo Mendez,691493,,,<team_abbrev>,NULL,Player has null/empty team field - breaks team-based filters
P2,C,4.0,null_team_field,David Leon,699235,,,<team_abbrev>,NULL,Player has null/empty team field - breaks team-based filters
P2,C,4.0,null_team_field,Jesus Correa,800131,,,<team_abbrev>,NULL,Player has null/empty team field - breaks team-based filters
P2,C,4.0,null_team_field,Eduardo Acevedo,816145,,,<team_abbrev>,NULL,Player has null/empty team field - breaks team-based filters
P2,C,4.0,null_team_field,Remy Veldhuisen,820978,,,<team_abbrev>,NULL,Player has null/empty team field - breaks team-based filters
P2,C,4.0,null_team_field,Emilio Taveras,692582,,,<team_abbrev>,NULL,Player has null/empty team field - breaks team-based filters
P2,C,4.0,null_team_field,Jamesson Val,829688,,,<team_abbrev>,NULL,Player has null/empty team field - breaks team-based filters
P2,C,4.0,null_team_field,Kevin Novoa,801381,,,<team_abbrev>,NULL,Player has null/empty team field - breaks team-based filters
P2,C,4.0,null_team_field,Railin Tejada,800405,,,<team_abbrev>,NULL,Player has null/empty team field - breaks team-based filters
P2,C,4.0,null_team_field,Wilian Trinidad,808011,,,<team_abbrev>,NULL,Player has null/empty team field - breaks team-based filters
P2,C,4.0,null_team_field,Reinaldo De La Cruz,807970,,,<team_abbrev>,NULL,Player has null/empty team field - breaks team-based filters
P2,C,4.0,null_team_field,Raynier Ramirez,812749,,,<team_abbrev>,NULL,Player has null/empty team field - breaks team-based filters
P2,C,4.0,null_team_field,Jesus Machado,691454,,,<team_abbrev>,NULL,Player has null/empty team field - breaks team-based filters
P2,C,4.0,null_team_field,Jose Medina,802079,,,<team_abbrev>,NULL,Player has null/empty team field - breaks team-based filters
P2,C,4.0,null_team_field,Marcos Terrero,808261,,,<team_abbrev>,NULL,Player has null/empty team field - breaks team-based filters
P2,C,4.0,null_team_field,Jarol Capellan,815857,,,<team_abbrev>,NULL,Player has null/empty team field - breaks team-based filters
P2,C,4.0,null_team_field,Luis Colon,800026,,,<team_abbrev>,NULL,Player has null/empty team field - breaks team-based filters
P2,C,4.0,null_team_field,Keiver Garcia,808334,,,<team_abbrev>,NULL,Player has null/empty team field - breaks team-based filters
P2,C,4.0,null_team_field,Yimmy Diaz,699098,,,<team_abbrev>,NULL,Player has null/empty team field - breaks team-based filters
P2,C,4.0,null_team_field,Danny Puerta,808303,,,<team_abbrev>,NULL,Player has null/empty team field - breaks team-based filters
P2,C,4.0,null_team_field,Jancel Santana,800205,,,<team_abbrev>,NULL,Player has null/empty team field - breaks team-based filters
P2,C,4.0,null_team_field,Gustavo Marquez,808009,,,<team_abbrev>,NULL,Player has null/empty team field - breaks team-based filters
P2,C,4.0,null_team_field,Maykel Minoso,801460,,,<team_abbrev>,NULL,Player has null/empty team field - breaks team-based filters
P2,C,4.0,null_team_field,Jose Ochoa,692602,,,<team_abbrev>,NULL,Player has null/empty team field - breaks team-based filters
P2,C,4.0,null_team_field,Winder Diaz,698991,,,<team_abbrev>,NULL,Player has null/empty team field - breaks team-based filters
P2,C,4.0,null_team_field,Moises Molero,800186,,,<team_abbrev>,NULL,Player has null/empty team field - breaks team-based filters
P2,C,4.0,null_team_field,Andres Lacruz,805129,,,<team_abbrev>,NULL,Player has null/empty team field - breaks team-based filters
P2,C,4.0,null_team_field,Niurby Asigen,807820,,,<team_abbrev>,NULL,Player has null/empty team field - breaks team-based filters
P2,C,4.0,null_team_field,Lisandro Bonifacio,800520,,,<team_abbrev>,NULL,Player has null/empty team field - breaks team-based filters
P2,C,4.0,null_team_field,Juan Garcia,692450,,,<team_abbrev>,NULL,Player has null/empty team field - breaks team-based filters
P2,C,4.0,null_team_field,Enderson Asencio,808134,,,<team_abbrev>,NULL,Player has null/empty team field - breaks team-based filters
P2,C,4.0,null_team_field,Saul Ramirez,829952,,,<team_abbrev>,NULL,Player has null/empty team field - breaks team-based filters
P2,C,4.0,null_team_field,Carlos Vasquez,800199,,,<team_abbrev>,NULL,Player has null/empty team field - breaks team-based filters
P2,C,4.0,null_team_field,Sandy Ruiz,808709,,,<team_abbrev>,NULL,Player has null/empty team field - breaks team-based filters
P2,C,4.0,null_team_field,Grenyerbert Velasquez,808084,,,<team_abbrev>,NULL,Player has null/empty team field - breaks team-based filters
P2,C,4.0,null_team_field,Angelo Mora,807641,,,<team_abbrev>,NULL,Player has null/empty team field - breaks team-based filters
P2,C,4.0,null_team_field,Jehancarlos Mendez,823348,,,<team_abbrev>,NULL,Player has null/empty team field - breaks team-based filters
P2,C,4.0,null_team_field,Lennyn Nunez,805775,,,<team_abbrev>,NULL,Player has null/empty team field - breaks team-based filters
P2,C,4.0,null_team_field,Edwin Brito,821115,,,<team_abbrev>,NULL,Player has null/empty team field - breaks team-based filters
P2,C,4.0,null_team_field,Marco Marcelino,800264,,,<team_abbrev>,NULL,Player has null/empty team field - breaks team-based filters
P2,C,4.0,null_team_field,Adan Sanchez,703199,,,<team_abbrev>,NULL,Player has null/empty team field - breaks team-based filters
P2,C,4.0,null_team_field,Claudiel Lantigua,821676,,,<team_abbrev>,NULL,Player has null/empty team field - breaks team-based filters
P2,C,4.0,null_team_field,Randy Perea,700367,,,<team_abbrev>,NULL,Player has null/empty team field - breaks team-based filters
P2,C,4.0,null_team_field,Frandy Duran,812461,,,<team_abbrev>,NULL,Player has null/empty team field - breaks team-based filters
P2,C,4.0,null_team_field,Jose Gerardo,805103,,,<team_abbrev>,NULL,Player has null/empty team field - breaks team-based filters
P2,C,4.0,null_team_field,Ezequiel Surun,700332,,,<team_abbrev>,NULL,Player has null/empty team field - breaks team-based filters
P2,C,4.0,null_team_field,Luis Martinez,808370,,,<team_abbrev>,NULL,Player has null/empty team field - breaks team-based filters
P2,C,4.0,null_team_field,Adrian Reyes,800159,,,<team_abbrev>,NULL,Player has null/empty team field - breaks team-based filters
P2,C,4.0,null_team_field,Danny Gonzalez,801256,,,<team_abbrev>,NULL,Player has null/empty team field - breaks team-based filters
P2,C,4.0,null_team_field,Yoerny Junco,806922,,,<team_abbrev>,NULL,Player has null/empty team field - breaks team-based filters
P2,C,4.0,null_team_field,Manuel De Cesare,821699,,,<team_abbrev>,NULL,Player has null/empty team field - breaks team-based filters
P2,C,4.0,null_team_field,Charles Nova,803367,,,<team_abbrev>,NULL,Player has null/empty team field - breaks team-based filters
P2,C,4.0,null_team_field,Luis Suarez,800379,,,<team_abbrev>,NULL,Player has null/empty team field - breaks team-based filters
P2,C,4.0,null_team_field,Rafael Alvarez,808353,,,<team_abbrev>,NULL,Player has null/empty team field - breaks team-based filters
P2,C,4.0,null_team_field,Geyber Blanco,809770,,,<team_abbrev>,NULL,Player has null/empty team field - breaks team-based filters
P2,C,4.0,null_team_field,Johan Barrios,703179,,,<team_abbrev>,NULL,Player has null/empty team field - breaks team-based filters
P2,C,4.0,null_team_field,Antony Gomez,808315,,,<team_abbrev>,NULL,Player has null/empty team field - breaks team-based filters
P2,C,4.0,null_team_field,Angel Feliz,805467,,,<team_abbrev>,NULL,Player has null/empty team field - breaks team-based filters
P2,C,4.0,null_team_field,Alen Pineda,800572,,,<team_abbrev>,NULL,Player has null/empty team field - breaks team-based filters
P2,C,4.0,null_team_field,Gregori Cano,703939,,,<team_abbrev>,NULL,Player has null/empty team field - breaks team-based filters
P2,C,4.0,null_team_field,Pedro Tovar,808325,,,<team_abbrev>,NULL,Player has null/empty team field - breaks team-based filters
P2,C,4.0,null_team_field,Joan Gutierrez,808241,,,<team_abbrev>,NULL,Player has null/empty team field - breaks team-based filters
P2,C,4.0,null_team_field,Andrews Sosa,806237,,,<team_abbrev>,NULL,Player has null/empty team field - breaks team-based filters
P2,C,4.0,null_team_field,Moises Lopez,808321,,,<team_abbrev>,NULL,Player has null/empty team field - breaks team-based filters
P2,C,4.0,null_team_field,Adan Chacon,807960,,,<team_abbrev>,NULL,Player has null/empty team field - breaks team-based filters
P2,C,4.0,null_team_field,Albert Gutierrez,808212,,,<team_abbrev>,NULL,Player has null/empty team field - breaks team-based filters
P2,C,4.0,null_team_field,Eyke Ugueto,808711,,,<team_abbrev>,NULL,Player has null/empty team field - breaks team-based filters
P2,C,4.0,null_team_field,Yemil Rosario,699713,,,<team_abbrev>,NULL,Player has null/empty team field - breaks team-based filters
P2,C,4.0,null_team_field,Samuel Rojas,691446,,,<team_abbrev>,NULL,Player has null/empty team field - breaks team-based filters
P2,C,4.0,null_team_field,John Zorrilla,699005,,,<team_abbrev>,NULL,Player has null/empty team field - breaks team-based filters
P2,C,4.0,null_team_field,Adrian Ibarra,808532,,,<team_abbrev>,NULL,Player has null/empty team field - breaks team-based filters
P2,C,4.0,null_team_field,Juan Martínez,800417,,,<team_abbrev>,NULL,Player has null/empty team field - breaks team-based filters
P2,C,4.0,null_team_field,Junior Quezada,800296,,,<team_abbrev>,NULL,Player has null/empty team field - breaks team-based filters
P2,C,4.0,null_team_field,Angel Rodriguez,800261,,,<team_abbrev>,NULL,Player has null/empty team field - breaks team-based filters
P2,C,4.0,null_team_field,Drew Jemison,815054,,,<team_abbrev>,NULL,Player has null/empty team field - breaks team-based filters
P2,C,4.0,null_team_field,Alexander Garcia,808017,,,<team_abbrev>,NULL,Player has null/empty team field - breaks team-based filters
P2,C,4.0,null_team_field,Jorge Garcia,699721,,,<team_abbrev>,NULL,Player has null/empty team field - breaks team-based filters
P2,C,4.0,null_team_field,Carlos Avila,699066,,,<team_abbrev>,NULL,Player has null/empty team field - breaks team-based filters
P2,C,4.0,null_team_field,Yensi Rivas,820979,,,<team_abbrev>,NULL,Player has null/empty team field - breaks team-based filters
P2,C,4.0,null_team_field,Eduardo Oviedo,800130,,,<team_abbrev>,NULL,Player has null/empty team field - breaks team-based filters
P2,C,4.0,null_team_field,Jose Aular,702869,,,<team_abbrev>,NULL,Player has null/empty team field - breaks team-based filters
P2,C,4.0,null_team_field,Yorfran John,800135,,,<team_abbrev>,NULL,Player has null/empty team field - breaks team-based filters
P2,C,4.0,null_team_field,Daniel Bruzual,800362,,,<team_abbrev>,NULL,Player has null/empty team field - breaks team-based filters
P2,C,4.0,null_team_field,Yandro Hernandez,824771,,,<team_abbrev>,NULL,Player has null/empty team field - breaks team-based filters
P2,C,4.0,null_team_field,Elian Garcia,800326,,,<team_abbrev>,NULL,Player has null/empty team field - breaks team-based filters
P2,C,4.0,null_team_field,Leandro Morgado,823014,,,<team_abbrev>,NULL,Player has null/empty team field - breaks team-based filters
P2,C,4.0,null_team_field,Miguel Flores,828009,,,<team_abbrev>,NULL,Player has null/empty team field - breaks team-based filters
P2,C,4.0,null_team_field,Miguel Vargas,700295,,,<team_abbrev>,NULL,Player has null/empty team field - breaks team-based filters
P2,C,4.0,null_team_field,Kashon Conliffe,800244,,,<team_abbrev>,NULL,Player has null/empty team field - breaks team-based filters
P2,C,4.0,null_team_field,Joan Sierra,808043,,,<team_abbrev>,NULL,Player has null/empty team field - breaks team-based filters
P2,C,4.0,null_team_field,Elvis Rojas,808086,,,<team_abbrev>,NULL,Player has null/empty team field - breaks team-based filters
P2,C,4.0,null_team_field,Jason Hernandez,811593,,,<team_abbrev>,NULL,Player has null/empty team field - breaks team-based filters
P2,C,4.0,null_team_field,Estiven Giron,800396,,,<team_abbrev>,NULL,Player has null/empty team field - breaks team-based filters
P2,C,4.0,null_team_field,Renair Manrique,808294,,,<team_abbrev>,NULL,Player has null/empty team field - breaks team-based filters
P2,C,4.0,null_team_field,Albert Alberto,808293,,,<team_abbrev>,NULL,Player has null/empty team field - breaks team-based filters
P2,C,4.0,null_team_field,Daniel Gaitor,808688,,,<team_abbrev>,NULL,Player has null/empty team field - breaks team-based filters
P2,C,4.0,null_team_field,Erubiel Fuentes,691866,,,<team_abbrev>,NULL,Player has null/empty team field - breaks team-based filters
P2,C,4.0,null_team_field,Francisco Caldera,808530,,,<team_abbrev>,NULL,Player has null/empty team field - breaks team-based filters
P2,C,4.0,null_team_field,Jose Torrez,807404,,,<team_abbrev>,NULL,Player has null/empty team field - breaks team-based filters
P2,C,4.0,null_team_field,Tony Ruiz,806990,,,<team_abbrev>,NULL,Player has null/empty team field - breaks team-based filters
P2,C,4.0,null_team_field,Yidel Diaz,800271,,,<team_abbrev>,NULL,Player has null/empty team field - breaks team-based filters
P2,C,4.0,null_team_field,Jesus Mujica,808367,,,<team_abbrev>,NULL,Player has null/empty team field - breaks team-based filters
P2,C,4.0,null_team_field,Domingo Batista,820999,,,<team_abbrev>,NULL,Player has null/empty team field - breaks team-based filters
P2,C,4.0,null_team_field,Luis Ariza,699078,,,<team_abbrev>,NULL,Player has null/empty team field - breaks team-based filters
P2,C,4.0,null_team_field,Justin Rodriguez,699100,,,<team_abbrev>,NULL,Player has null/empty team field - breaks team-based filters
P2,C,4.0,null_team_field,Jose Rivera,801259,,,<team_abbrev>,NULL,Player has null/empty team field - breaks team-based filters
P2,C,4.0,null_team_field,Romtres Cabrera,699028,,,<team_abbrev>,NULL,Player has null/empty team field - breaks team-based filters
P2,C,4.0,null_team_field,Yancel Guerrero,699026,,,<team_abbrev>,NULL,Player has null/empty team field - breaks team-based filters
P2,C,4.0,null_team_field,Angel Nieblas,808635,,,<team_abbrev>,NULL,Player has null/empty team field - breaks team-based filters
P2,C,4.0,null_team_field,Cristian Benavides,800369,,,<team_abbrev>,NULL,Player has null/empty team field - breaks team-based filters
P2,C,4.0,null_team_field,Rafael Martinez,809778,,,<team_abbrev>,NULL,Player has null/empty team field - breaks team-based filters
P2,C,4.0,null_team_field,Rafael Castillo,809336,,,<team_abbrev>,NULL,Player has null/empty team field - breaks team-based filters
P2,C,4.0,null_team_field,Cherif Neymour,800578,,,<team_abbrev>,NULL,Player has null/empty team field - breaks team-based filters
P2,C,4.0,null_team_field,Carlos Blanco,814223,,,<team_abbrev>,NULL,Player has null/empty team field - breaks team-based filters
P2,C,4.0,null_team_field,Fernando Roquez,808078,,,<team_abbrev>,NULL,Player has null/empty team field - breaks team-based filters
P2,C,4.0,null_team_field,Donte Grant,815579,,,<team_abbrev>,NULL,Player has null/empty team field - breaks team-based filters
P2,C,4.0,null_team_field,Aneudi Escanio,800401,,,<team_abbrev>,NULL,Player has null/empty team field - breaks team-based filters
P2,C,4.0,null_team_field,Gilberto Rojas,801178,,,<team_abbrev>,NULL,Player has null/empty team field - breaks team-based filters
P2,C,4.0,null_team_field,Roiner Cespede,827415,,,<team_abbrev>,NULL,Player has null/empty team field - breaks team-based filters
P2,C,4.0,null_team_field,Idalberto Santiesteban,807755,,,<team_abbrev>,NULL,Player has null/empty team field - breaks team-based filters
P2,C,4.0,null_team_field,Ramses Velazquez,806647,,,<team_abbrev>,NULL,Player has null/empty team field - breaks team-based filters
P2,C,4.0,null_team_field,Rafael Ramirez,800269,,,<team_abbrev>,NULL,Player has null/empty team field - breaks team-based filters
P2,C,4.0,null_team_field,Jensy De Leon,699035,,,<team_abbrev>,NULL,Player has null/empty team field - breaks team-based filters
P2,C,4.0,null_team_field,Brayan Rijo,699113,,,<team_abbrev>,NULL,Player has null/empty team field - breaks team-based filters
P2,C,4.0,null_team_field,Diego Campos,823843,,,<team_abbrev>,NULL,Player has null/empty team field - breaks team-based filters
P2,C,4.0,null_team_field,Paris Johnson,807379,,,<team_abbrev>,NULL,Player has null/empty team field - breaks team-based filters
P2,C,4.0,null_team_field,Brayan Sanchez,800531,,,<team_abbrev>,NULL,Player has null/empty team field - breaks team-based filters
P2,C,4.0,null_team_field,Greyber Altamirano,805680,,,<team_abbrev>,NULL,Player has null/empty team field - breaks team-based filters
P2,C,4.0,null_team_field,Brahian Silva,691906,,,<team_abbrev>,NULL,Player has null/empty team field - breaks team-based filters
P2,C,4.0,null_team_field,Haniel German,815182,,,<team_abbrev>,NULL,Player has null/empty team field - breaks team-based filters
P2,C,4.0,null_team_field,Jose Marchan,808271,,,<team_abbrev>,NULL,Player has null/empty team field - breaks team-based filters
P2,C,4.0,null_team_field,Dayker Baldallo,698995,,,<team_abbrev>,NULL,Player has null/empty team field - breaks team-based filters
P2,C,4.0,null_team_field,Jonatan Yan,805470,,,<team_abbrev>,NULL,Player has null/empty team field - breaks team-based filters
P2,C,4.0,null_team_field,Jhoanjel Saez,821234,,,<team_abbrev>,NULL,Player has null/empty team field - breaks team-based filters
P2,C,4.0,null_team_field,Carlos Altuve,805061,,,<team_abbrev>,NULL,Player has null/empty team field - breaks team-based filters
P2,C,4.0,null_team_field,Nelson Marin,808372,,,<team_abbrev>,NULL,Player has null/empty team field - breaks team-based filters
P2,C,4.0,null_team_field,July Vittini,806655,,,<team_abbrev>,NULL,Player has null/empty team field - breaks team-based filters
P2,C,4.0,null_team_field,Wilmer Feliciano,698943,,,<team_abbrev>,NULL,Player has null/empty team field - breaks team-based filters
P2,C,4.0,null_team_field,Jose Guerra,808689,,,<team_abbrev>,NULL,Player has null/empty team field - breaks team-based filters
P2,C,4.0,null_team_field,Luis Maldonado,829994,,,<team_abbrev>,NULL,Player has null/empty team field - breaks team-based filters
P2,C,4.0,null_team_field,Kevin Tamburini,821780,,,<team_abbrev>,NULL,Player has null/empty team field - breaks team-based filters
P2,C,4.0,null_team_field,Phillando Williams,820974,,,<team_abbrev>,NULL,Player has null/empty team field - breaks team-based filters
P2,C,4.0,null_team_field,Railin Familia,812747,,,<team_abbrev>,NULL,Player has null/empty team field - breaks team-based filters
P2,C,4.0,null_team_field,Emil Turbi,807972,,,<team_abbrev>,NULL,Player has null/empty team field - breaks team-based filters
P2,C,4.0,null_team_field,Javier Castillo,698972,,,<team_abbrev>,NULL,Player has null/empty team field - breaks team-based filters
P2,C,4.0,null_team_field,Meylin De Leon,815006,,,<team_abbrev>,NULL,Player has null/empty team field - breaks team-based filters
P2,C,4.0,null_team_field,Alexander Orasma,801264,,,<team_abbrev>,NULL,Player has null/empty team field - breaks team-based filters
P2,C,4.0,null_team_field,Jesus Premoli,821600,,,<team_abbrev>,NULL,Player has null/empty team field - breaks team-based filters
P2,C,4.0,null_team_field,Jarold Montealto,807958,,,<team_abbrev>,NULL,Player has null/empty team field - breaks team-based filters
P2,C,4.0,null_team_field,Arnaldo Montano,808939,,,<team_abbrev>,NULL,Player has null/empty team field - breaks team-based filters
P2,C,4.0,null_team_field,Alexander Garcia,808517,,,<team_abbrev>,NULL,Player has null/empty team field - breaks team-based filters
P2,C,4.0,null_team_field,Jorge Ramirez,808525,,,<team_abbrev>,NULL,Player has null/empty team field - breaks team-based filters
P2,C,4.0,null_team_field,Johan Ferreira,703905,,,<team_abbrev>,NULL,Player has null/empty team field - breaks team-based filters
P2,C,4.0,null_team_field,Ramon Moreno,806104,,,<team_abbrev>,NULL,Player has null/empty team field - breaks team-based filters
P2,C,4.0,null_team_field,Jose Bericoto,821641,,,<team_abbrev>,NULL,Player has null/empty team field - breaks team-based filters
P2,C,4.0,null_team_field,Steven Santos,823857,,,<team_abbrev>,NULL,Player has null/empty team field - breaks team-based filters
P2,C,4.0,null_team_field,Gustavo Beltran,808492,,,<team_abbrev>,NULL,Player has null/empty team field - breaks team-based filters
P2,C,4.0,null_team_field,Javier Roman,800069,,,<team_abbrev>,NULL,Player has null/empty team field - breaks team-based filters
P2,C,4.0,null_team_field,Carlos Oviedo,703340,,,<team_abbrev>,NULL,Player has null/empty team field - breaks team-based filters
P2,C,4.0,null_team_field,Khris Almonte,808494,,,<team_abbrev>,NULL,Player has null/empty team field - breaks team-based filters
P2,C,4.0,null_team_field,Faruk De La Cruz,800410,,,<team_abbrev>,NULL,Player has null/empty team field - breaks team-based filters
P2,C,4.0,null_team_field,Kevin Ereu,807148,,,<team_abbrev>,NULL,Player has null/empty team field - breaks team-based filters
P2,C,4.0,null_team_field,Fidel Pinango,821189,,,<team_abbrev>,NULL,Player has null/empty team field - breaks team-based filters
P2,C,4.0,null_team_field,Samuel Capellan,800290,,,<team_abbrev>,NULL,Player has null/empty team field - breaks team-based filters
P2,C,4.0,null_team_field,Erick Lugo,821596,,,<team_abbrev>,NULL,Player has null/empty team field - breaks team-based filters
P2,C,4.0,null_team_field,Esmeiquel Arrieche,821056,,,<team_abbrev>,NULL,Player has null/empty team field - breaks team-based filters
P2,C,4.0,null_team_field,Santiago Prado,815016,,,<team_abbrev>,NULL,Player has null/empty team field - breaks team-based filters
P2,C,4.0,null_team_field,Emil Martinez,830422,,,<team_abbrev>,NULL,Player has null/empty team field - breaks team-based filters
P2,C,4.0,null_team_field,Dervin Andrade,699711,,,<team_abbrev>,NULL,Player has null/empty team field - breaks team-based filters
P2,C,4.0,null_team_field,Kevin Hacen,808032,,,<team_abbrev>,NULL,Player has null/empty team field - breaks team-based filters
P2,C,4.0,null_team_field,Louis Pierre,800133,,,<team_abbrev>,NULL,Player has null/empty team field - breaks team-based filters
P2,C,4.0,null_team_field,Anderson Machado,698999,,,<team_abbrev>,NULL,Player has null/empty team field - breaks team-based filters
P2,C,4.0,null_team_field,Yaisel Ramos,802066,,,<team_abbrev>,NULL,Player has null/empty team field - breaks team-based filters
P2,C,4.0,null_team_field,Angel Perez,808007,,,<team_abbrev>,NULL,Player has null/empty team field - breaks team-based filters
P2,C,4.0,null_team_field,Hector Liriano,808324,,,<team_abbrev>,NULL,Player has null/empty team field - breaks team-based filters
P2,C,4.0,null_team_field,Ibrahim Ruiz,815018,,,<team_abbrev>,NULL,Player has null/empty team field - breaks team-based filters
P2,C,4.0,null_team_field,Cristopfer Gonzalez,807837,,,<team_abbrev>,NULL,Player has null/empty team field - breaks team-based filters
P2,C,4.0,null_team_field,Dangelo Sarmiento,800289,,,<team_abbrev>,NULL,Player has null/empty team field - breaks team-based filters
P2,C,4.0,null_team_field,Alejandro Castellano,823489,,,<team_abbrev>,NULL,Player has null/empty team field - breaks team-based filters
P2,C,4.0,null_team_field,German Guilarte,692032,,,<team_abbrev>,NULL,Player has null/empty team field - breaks team-based filters
P2,C,4.0,null_team_field,Andres Hernandez,800309,,,<team_abbrev>,NULL,Player has null/empty team field - breaks team-based filters
P2,C,4.0,null_team_field,Reniel Diaz,808140,,,<team_abbrev>,NULL,Player has null/empty team field - breaks team-based filters
P2,C,4.0,null_team_field,Samuel Salcedo,827422,,,<team_abbrev>,NULL,Player has null/empty team field - breaks team-based filters
P2,C,4.0,null_team_field,Christopher Orelin,800298,,,<team_abbrev>,NULL,Player has null/empty team field - breaks team-based filters
P2,C,4.0,null_team_field,Moises Semerite,808320,,,<team_abbrev>,NULL,Player has null/empty team field - breaks team-based filters
P2,C,4.0,null_team_field,Arfeni Batista,800248,,,<team_abbrev>,NULL,Player has null/empty team field - breaks team-based filters
P2,C,4.0,null_team_field,Jean C. Gutierrez,808499,,,<team_abbrev>,NULL,Player has null/empty team field - breaks team-based filters
P2,C,4.0,null_team_field,Andruw Salcedo,691402,,,<team_abbrev>,NULL,Player has null/empty team field - breaks team-based filters
P2,C,4.0,null_team_field,Vladi Guerrero,821178,,,<team_abbrev>,NULL,Player has null/empty team field - breaks team-based filters
P2,C,4.0,null_team_field,Ovandy Frias,807836,,,<team_abbrev>,NULL,Player has null/empty team field - breaks team-based filters
P2,C,4.0,null_team_field,Carlos Batista,808251,,,<team_abbrev>,NULL,Player has null/empty team field - breaks team-based filters
P2,C,4.0,null_team_field,Jelson Coca,808258,,,<team_abbrev>,NULL,Player has null/empty team field - breaks team-based filters
P2,C,4.0,null_team_field,Alvaro Matos,828772,,,<team_abbrev>,NULL,Player has null/empty team field - breaks team-based filters
P2,C,4.0,null_team_field,Alan Frias,808021,,,<team_abbrev>,NULL,Player has null/empty team field - breaks team-based filters
P2,C,4.0,null_team_field,Daris Cordero,808075,,,<team_abbrev>,NULL,Player has null/empty team field - breaks team-based filters
P2,C,4.0,null_team_field,Jonathan Taveras,808077,,,<team_abbrev>,NULL,Player has null/empty team field - breaks team-based filters
P2,C,4.0,null_team_field,Delvis Matos,800151,,,<team_abbrev>,NULL,Player has null/empty team field - breaks team-based filters
P2,C,4.0,null_team_field,Luis Bolivar,699700,,,<team_abbrev>,NULL,Player has null/empty team field - breaks team-based filters
P2,C,4.0,null_team_field,Michael Baez,815686,,,<team_abbrev>,NULL,Player has null/empty team field - breaks team-based filters
P2,C,4.0,null_team_field,Cliuver Puello,835174,,,<team_abbrev>,NULL,Player has null/empty team field - breaks team-based filters
P2,C,4.0,null_team_field,Frailin Yan,820873,,,<team_abbrev>,NULL,Player has null/empty team field - breaks team-based filters
P2,C,4.0,null_team_field,Kenyon Simmons,821185,,,<team_abbrev>,NULL,Player has null/empty team field - breaks team-based filters
P2,C,4.0,null_team_field,Rafael Oropeza,827420,,,<team_abbrev>,NULL,Player has null/empty team field - breaks team-based filters
P2,C,4.0,null_team_field,Luis Abreu,829840,,,<team_abbrev>,NULL,Player has null/empty team field - breaks team-based filters
P2,C,4.0,null_team_field,Deshandro Tromp,820972,,,<team_abbrev>,NULL,Player has null/empty team field - breaks team-based filters
P2,C,4.0,null_team_field,Derek Cueto,814259,,,<team_abbrev>,NULL,Player has null/empty team field - breaks team-based filters
P2,C,4.0,null_team_field,Abel Pena,829918,,,<team_abbrev>,NULL,Player has null/empty team field - breaks team-based filters
P2,C,4.0,null_team_field,Hojans Hernandez,808518,,,<team_abbrev>,NULL,Player has null/empty team field - breaks team-based filters
P2,C,4.0,null_team_field,Joandrew Pena,821769,,,<team_abbrev>,NULL,Player has null/empty team field - breaks team-based filters
P2,C,4.0,null_team_field,Johan Contreras,805130,,,<team_abbrev>,NULL,Player has null/empty team field - breaks team-based filters
P2,C,4.0,null_team_field,Adriel Cuello,811231,,,<team_abbrev>,NULL,Player has null/empty team field - breaks team-based filters
P2,C,4.0,null_team_field,Endry Reyes,821418,,,<team_abbrev>,NULL,Player has null/empty team field - breaks team-based filters
P2,C,4.0,null_team_field,Yohangel Moris,808030,,,<team_abbrev>,NULL,Player has null/empty team field - breaks team-based filters
P2,C,4.0,null_team_field,Domingo Morla,827419,,,<team_abbrev>,NULL,Player has null/empty team field - breaks team-based filters
P2,C,4.0,null_team_field,Vicent Nunez,815105,,,<team_abbrev>,NULL,Player has null/empty team field - breaks team-based filters
P2,C,4.0,null_team_field,Leandy Mella,820985,,,<team_abbrev>,NULL,Player has null/empty team field - breaks team-based filters
P2,C,4.0,null_team_field,Alexander Alzi,821046,,,<team_abbrev>,NULL,Player has null/empty team field - breaks team-based filters
P2,C,4.0,null_team_field,Hancel Almonte,808114,,,<team_abbrev>,NULL,Player has null/empty team field - breaks team-based filters
P2,C,4.0,null_team_field,Edwin Solano,807006,,,<team_abbrev>,NULL,Player has null/empty team field - breaks team-based filters
P2,C,4.0,null_team_field,Yeicer Crespo,830405,,,<team_abbrev>,NULL,Player has null/empty team field - breaks team-based filters
P2,C,4.0,null_team_field,Tom Guerrero,821776,,,<team_abbrev>,NULL,Player has null/empty team field - breaks team-based filters
P2,C,4.0,null_team_field,Brayan Joseph,807646,,,<team_abbrev>,NULL,Player has null/empty team field - breaks team-based filters
P2,C,4.0,null_team_field,Andres Garza,823357,,,<team_abbrev>,NULL,Player has null/empty team field - breaks team-based filters
P2,C,4.0,null_team_field,Heudy Pena,821263,,,<team_abbrev>,NULL,Player has null/empty team field - breaks team-based filters
P2,C,4.0,null_team_field,Jesus Abreu,808672,,,<team_abbrev>,NULL,Player has null/empty team field - breaks team-based filters
P2,C,4.0,null_team_field,Helder Rosario,800293,,,<team_abbrev>,NULL,Player has null/empty team field - breaks team-based filters
P2,C,4.0,null_team_field,Yadimir Fuentes,815008,,,<team_abbrev>,NULL,Player has null/empty team field - breaks team-based filters
P2,C,4.0,null_team_field,Jhon Lucena,830033,,,<team_abbrev>,NULL,Player has null/empty team field - breaks team-based filters
P2,C,4.0,null_team_field,Brailin Pascual,808217,,,<team_abbrev>,NULL,Player has null/empty team field - breaks team-based filters
P2,C,4.0,null_team_field,Edgar Mota,808692,,,<team_abbrev>,NULL,Player has null/empty team field - breaks team-based filters
P2,C,4.0,null_team_field,Johmphy De La Cruz,821822,,,<team_abbrev>,NULL,Player has null/empty team field - breaks team-based filters
P2,C,4.0,null_team_field,Diego Felix,808034,,,<team_abbrev>,NULL,Player has null/empty team field - breaks team-based filters
P2,C,4.0,null_team_field,Angel Aquino,808673,,,<team_abbrev>,NULL,Player has null/empty team field - breaks team-based filters
P2,C,4.0,null_team_field,Ismael Del Rosario,820990,,,<team_abbrev>,NULL,Player has null/empty team field - breaks team-based filters
P2,C,4.0,null_team_field,Juan Martinez,821797,,,<team_abbrev>,NULL,Player has null/empty team field - breaks team-based filters
P2,C,4.0,null_team_field,Cristian Bonifacio,829752,,,<team_abbrev>,NULL,Player has null/empty team field - breaks team-based filters
P2,C,4.0,null_team_field,Zeus Nunez,821192,,,<team_abbrev>,NULL,Player has null/empty team field - breaks team-based filters
P2,C,4.0,null_team_field,Clay Winklaar,821686,,,<team_abbrev>,NULL,Player has null/empty team field - breaks team-based filters
P2,C,4.0,null_team_field,Jahni McPhee,829488,,,<team_abbrev>,NULL,Player has null/empty team field - breaks team-based filters
P2,C,4.0,null_team_field,Kay Robles,808073,,,<team_abbrev>,NULL,Player has null/empty team field - breaks team-based filters
P2,C,4.0,null_team_field,Brauli Diaz,808031,,,<team_abbrev>,NULL,Player has null/empty team field - breaks team-based filters
P2,C,4.0,null_team_field,Winifer Castillo,815020,,,<team_abbrev>,NULL,Player has null/empty team field - breaks team-based filters
P2,C,4.0,null_team_field,Luis Hernandez,829923,,,<team_abbrev>,NULL,Player has null/empty team field - breaks team-based filters
P2,C,4.0,null_team_field,Leonardo Carpio,827425,,,<team_abbrev>,NULL,Player has null/empty team field - breaks team-based filters
P2,C,4.0,null_team_field,Andres Sosa,703245,,,<team_abbrev>,NULL,Player has null/empty team field - breaks team-based filters
P2,C,4.0,null_team_field,Angel Ventura,815019,,,<team_abbrev>,NULL,Player has null/empty team field - breaks team-based filters
P2,C,4.0,null_team_field,Daniel Cope,684543,,,<team_abbrev>,NULL,Player has null/empty team field - breaks team-based filters
P2,C,4.0,null_team_field,Terrin Vavra,679631,,,<team_abbrev>,NULL,Player has null/empty team field - breaks team-based filters
P2,C,4.0,null_team_field,J.D. Davis,605204,,,<team_abbrev>,NULL,Player has null/empty team field - breaks team-based filters
P2,C,4.0,null_team_field,David Villar,681584,,,<team_abbrev>,NULL,Player has null/empty team field - breaks team-based filters
P2,C,4.0,null_team_field,Jeferson Morales,672373,,,<team_abbrev>,NULL,Player has null/empty team field - breaks team-based filters
P2,C,4.0,null_team_field,Greg Allen,656185,,,<team_abbrev>,NULL,Player has null/empty team field - breaks team-based filters
P2,C,4.0,null_team_field,Oscar Colás,693049,,,<team_abbrev>,NULL,Player has null/empty team field - breaks team-based filters
P2,C,4.0,null_team_field,Kyle Gibson,502043,,,<team_abbrev>,NULL,Player has null/empty team field - breaks team-based filters
P2,C,4.0,null_team_field,Clayton Kershaw,477132,,,<team_abbrev>,NULL,Player has null/empty team field - breaks team-based filters
P2,C,4.0,null_team_field,Jordan Lyles,543475,,,<team_abbrev>,NULL,Player has null/empty team field - breaks team-based filters
P2,C,4.0,null_team_field,Wade Miley,489119,,,<team_abbrev>,NULL,Player has null/empty team field - breaks team-based filters
P2,C,4.0,null_team_field,Drew Smyly,592767,,,<team_abbrev>,NULL,Player has null/empty team field - breaks team-based filters
P2,C,4.0,null_team_field,Dakota Hudson,641712,,,<team_abbrev>,NULL,Player has null/empty team field - breaks team-based filters
P2,C,4.0,null_team_field,Spencer Turnbull,605513,,,<team_abbrev>,NULL,Player has null/empty team field - breaks team-based filters
P2,C,4.0,null_team_field,Marcus Stroman,573186,,,<team_abbrev>,NULL,Player has null/empty team field - breaks team-based filters
P2,C,4.0,null_team_field,Cody Poteet,547001,,,<team_abbrev>,NULL,Player has null/empty team field - breaks team-based filters
P2,C,4.0,null_team_field,Zach Davies,605200,,,<team_abbrev>,NULL,Player has null/empty team field - breaks team-based filters
P2,C,4.0,null_team_field,Matt Sauer,669422,,,<team_abbrev>,NULL,Player has null/empty team field - breaks team-based filters
P2,C,4.0,null_team_field,Nick Ramirez,598286,,,<team_abbrev>,NULL,Player has null/empty team field - breaks team-based filters
P2,C,4.0,null_team_field,Julio Teheran,527054,,,<team_abbrev>,NULL,Player has null/empty team field - breaks team-based filters
P2,C,4.0,null_team_field,Danny Duffy,518633,,,<team_abbrev>,NULL,Player has null/empty team field - breaks team-based filters
P2,C,4.0,null_team_field,Alex Cobb,502171,,,<team_abbrev>,NULL,Player has null/empty team field - breaks team-based filters
P2,C,4.0,null_team_field,David Robertson,502085,,,<team_abbrev>,NULL,Player has null/empty team field - breaks team-based filters
P2,C,4.0,null_team_field,Jeurys Familia,544727,,,<team_abbrev>,NULL,Player has null/empty team field - breaks team-based filters
P2,C,4.0,null_team_field,Mark Melancon,453343,,,<team_abbrev>,NULL,Player has null/empty team field - breaks team-based filters
P2,C,4.0,null_team_field,Sergio Romo,489265,,,<team_abbrev>,NULL,Player has null/empty team field - breaks team-based filters
P2,C,4.0,null_team_field,Jake McGee,459429,,,<team_abbrev>,NULL,Player has null/empty team field - breaks team-based filters
P2,C,4.0,null_team_field,Darren O'Day,503285,,,<team_abbrev>,NULL,Player has null/empty team field - breaks team-based filters
P2,C,4.0,null_team_field,Taijuan Walker,592836,,,<team_abbrev>,NULL,Player has null/empty team field - breaks team-based filters
P2,C,4.0,null_team_field,Liam Hendriks,521230,,,<team_abbrev>,NULL,Player has null/empty team field - breaks team-based filters
P2,C,4.0,null_team_field,Michael Kopech,656629,,,<team_abbrev>,NULL,Player has null/empty team field - breaks team-based filters
P2,C,4.0,null_team_field,Joe Kelly,523260,,,<team_abbrev>,NULL,Player has null/empty team field - breaks team-based filters
P2,C,4.0,null_team_field,Jon Gray,592351,,,<team_abbrev>,NULL,Player has null/empty team field - breaks team-based filters
P2,C,4.0,null_team_field,Justin Wilson,458677,,,<team_abbrev>,NULL,Player has null/empty team field - breaks team-based filters
P2,C,4.0,null_team_field,Forrest Whitley,666215,,,<team_abbrev>,NULL,Player has null/empty team field - breaks team-based filters
P2,C,4.0,null_team_field,James Naile,664942,,,<team_abbrev>,NULL,Player has null/empty team field - breaks team-based filters
P2,C,4.0,null_team_field,Jimmy Cordero,622772,,,<team_abbrev>,NULL,Player has null/empty team field - breaks team-based filters
P2,C,4.0,null_team_field,Jeremy Beasley,676886,,,<team_abbrev>,NULL,Player has null/empty team field - breaks team-based filters
P2,C,4.0,null_team_field,Anderson Espinoza,659262,,,<team_abbrev>,NULL,Player has null/empty team field - breaks team-based filters
P2,C,4.0,null_team_field,Ryan Pressly,519151,,,<team_abbrev>,NULL,Player has null/empty team field - breaks team-based filters
P2,C,4.0,null_team_field,Dauri Moreta,664294,,,<team_abbrev>,NULL,Player has null/empty team field - breaks team-based filters
P2,C,4.0,null_team_field,Trey Wingenter,622259,,,<team_abbrev>,NULL,Player has null/empty team field - breaks team-based filters
P2,C,4.0,null_team_field,Thomas Szapucki,663378,,,<team_abbrev>,NULL,Player has null/empty team field - breaks team-based filters
P2,C,4.0,null_team_field,Andrés Machado,600921,,,<team_abbrev>,NULL,Player has null/empty team field - breaks team-based filters
P2,C,4.0,null_team_field,Freddy Tarnok,676206,,,<team_abbrev>,NULL,Player has null/empty team field - breaks team-based filters
P2,C,4.0,null_team_field,Sean Hjelle,663546,,,<team_abbrev>,NULL,Player has null/empty team field - breaks team-based filters
P2,C,4.0,null_team_field,Rafael Dolis,503569,,,<team_abbrev>,NULL,Player has null/empty team field - breaks team-based filters
P2,C,4.0,null_team_field,Josh Taylor,657031,,,<team_abbrev>,NULL,Player has null/empty team field - breaks team-based filters
P2,C,4.0,null_team_field,Daniel Hudson,543339,,,<team_abbrev>,NULL,Player has null/empty team field - breaks team-based filters
P2,C,4.0,null_team_field,Zach Logue,656657,,,<team_abbrev>,NULL,Player has null/empty team field - breaks team-based filters
P2,C,4.0,null_team_field,Tyler Cyr,664202,,,<team_abbrev>,NULL,Player has null/empty team field - breaks team-based filters
P2,C,4.0,null_team_field,David Price,456034,,,<team_abbrev>,NULL,Player has null/empty team field - breaks team-based filters
P2,C,4.0,null_team_field,Ben Heller,621294,,,<team_abbrev>,NULL,Player has null/empty team field - breaks team-based filters
P2,C,4.0,null_team_field,Brett Martin,656685,,,<team_abbrev>,NULL,Player has null/empty team field - breaks team-based filters
P2,C,4.0,null_team_field,José Castillo,620454,,,<team_abbrev>,NULL,Player has null/empty team field - breaks team-based filters
P2,C,4.0,null_team_field,Frank German,681464,,,<team_abbrev>,NULL,Player has null/empty team field - breaks team-based filters
P2,C,4.0,null_team_field,Héctor Neris,593576,,,<team_abbrev>,NULL,Player has null/empty team field - breaks team-based filters
P2,C,4.0,null_team_field,Andrew Chafin,605177,,,<team_abbrev>,NULL,Player has null/empty team field - breaks team-based filters
P2,C,4.0,null_team_field,Mitch White,669952,,,<team_abbrev>,NULL,Player has null/empty team field - breaks team-based filters
P2,C,4.0,null_team_field,Kyle Muller,666205,,,<team_abbrev>,NULL,Player has null/empty team field - breaks team-based filters
P2,C,4.0,null_team_field,Miguel Del Pozo,600887,,,<team_abbrev>,NULL,Player has null/empty team field - breaks team-based filters
P2,C,4.0,null_team_field,Aneurys Zabala,656008,,,<team_abbrev>,NULL,Player has null/empty team field - breaks team-based filters
P2,C,4.0,null_team_field,Oliver Ortega,661383,,,<team_abbrev>,NULL,Player has null/empty team field - breaks team-based filters
P2,C,4.0,null_team_field,Jesse Chavez,445926,,,<team_abbrev>,NULL,Player has null/empty team field - breaks team-based filters
P2,C,4.0,null_team_field,Wes Parsons,641149,,,<team_abbrev>,NULL,Player has null/empty team field - breaks team-based filters
P2,C,4.0,null_team_field,Taylor Hearn,621368,,,<team_abbrev>,NULL,Player has null/empty team field - breaks team-based filters
P2,C,4.0,null_team_field,Walter Pennington,679156,,,<team_abbrev>,NULL,Player has null/empty team field - breaks team-based filters
P2,C,4.0,null_team_field,Ian Anderson,666120,,,<team_abbrev>,NULL,Player has null/empty team field - breaks team-based filters
P2,C,4.0,null_team_field,Jordan Balazovic,666364,,,<team_abbrev>,NULL,Player has null/empty team field - breaks team-based filters
P2,C,4.0,null_team_field,José Cisnero,542585,,,<team_abbrev>,NULL,Player has null/empty team field - breaks team-based filters
P2,C,4.0,null_team_field,Kent Emanuel,592288,,,<team_abbrev>,NULL,Player has null/empty team field - breaks team-based filters
P2,C,4.0,null_team_field,Matt Bush,456713,,,<team_abbrev>,NULL,Player has null/empty team field - breaks team-based filters
P2,C,4.0,null_team_field,Darwinzon Hernández,650382,,,<team_abbrev>,NULL,Player has null/empty team field - breaks team-based filters
P2,C,4.0,null_team_field,Amir Garrett,607237,,,<team_abbrev>,NULL,Player has null/empty team field - breaks team-based filters
P2,C,4.0,null_team_field,Naoyuki Uwasawa,683822,,,<team_abbrev>,NULL,Player has null/empty team field - breaks team-based filters
P2,C,4.0,null_team_field,JT Chargois,608638,,,<team_abbrev>,NULL,Player has null/empty team field - breaks team-based filters
P2,C,4.0,null_team_field,Dylan Covey,592229,,,<team_abbrev>,NULL,Player has null/empty team field - breaks team-based filters
P2,C,4.0,null_team_field,Brady Feigl,621399,,,<team_abbrev>,NULL,Player has null/empty team field - breaks team-based filters
P2,C,4.0,null_team_field,Allan Winans,642216,,,<team_abbrev>,NULL,Player has null/empty team field - breaks team-based filters
P2,C,4.0,null_team_field,Manny Banuelos,544365,,,<team_abbrev>,NULL,Player has null/empty team field - breaks team-based filters
P2,C,4.0,null_team_field,Erik Swanson,657024,,,<team_abbrev>,NULL,Player has null/empty team field - breaks team-based filters
P2,C,4.0,null_team_field,Anthony Bass,542914,,,<team_abbrev>,NULL,Player has null/empty team field - breaks team-based filters
P2,C,4.0,null_team_field,Anthony DeSclafani,543101,,,<team_abbrev>,NULL,Player has null/empty team field - breaks team-based filters
P2,C,4.0,null_team_field,Kenny Rosenberg,670046,,,<team_abbrev>,NULL,Player has null/empty team field - breaks team-based filters
P2,C,4.0,null_team_field,Adam Ottavino,493603,,,<team_abbrev>,NULL,Player has null/empty team field - breaks team-based filters
P2,C,4.0,null_team_field,Luis González,593574,,,<team_abbrev>,NULL,Player has null/empty team field - breaks team-based filters
P2,C,4.0,null_team_field,Hector Perez,660431,,,<team_abbrev>,NULL,Player has null/empty team field - breaks team-based filters
P2,C,4.0,null_team_field,Garrett Richards,572070,,,<team_abbrev>,NULL,Player has null/empty team field - breaks team-based filters
P2,C,4.0,null_team_field,Robinson Piña,673820,,,<team_abbrev>,NULL,Player has null/empty team field - breaks team-based filters
P2,C,4.0,null_team_field,Jhon Romero,664584,,,<team_abbrev>,NULL,Player has null/empty team field - breaks team-based filters
P2,C,4.0,null_team_field,César Valdez,491624,,,<team_abbrev>,NULL,Player has null/empty team field - breaks team-based filters
P2,C,4.0,null_team_field,David Buchanan,571527,,,<team_abbrev>,NULL,Player has null/empty team field - breaks team-based filters
P2,C,4.0,null_team_field,Fernando Abad,472551,,,<team_abbrev>,NULL,Player has null/empty team field - breaks team-based filters
P2,C,4.0,null_team_field,Luis Ortiz,656814,,,<team_abbrev>,NULL,Player has null/empty team field - breaks team-based filters
P2,C,4.0,null_team_field,Sauryn Lao,666659,,,<team_abbrev>,NULL,Player has null/empty team field - breaks team-based filters
P2,C,4.0,null_team_field,Nick Duron,663975,,,<team_abbrev>,NULL,Player has null/empty team field - breaks team-based filters
P2,C,4.0,null_team_field,José Lopez,673111,,,<team_abbrev>,NULL,Player has null/empty team field - breaks team-based filters
P2,C,4.0,null_team_field,Drew VerHagen,572403,,,<team_abbrev>,NULL,Player has null/empty team field - breaks team-based filters
P2,C,4.0,null_team_field,Daniel Castano,641447,,,<team_abbrev>,NULL,Player has null/empty team field - breaks team-based filters
P2,C,4.0,null_team_field,Aaron Loup,571901,,,<team_abbrev>,NULL,Player has null/empty team field - breaks team-based filters
P2,C,4.0,null_team_field,Michael Byrne,680758,,,<team_abbrev>,NULL,Player has null/empty team field - breaks team-based filters
P2,C,4.0,null_team_field,J.C. Mejía,650496,,,<team_abbrev>,NULL,Player has null/empty team field - breaks team-based filters
P2,C,4.0,null_team_field,Coleman Huntley III,668319,,,<team_abbrev>,NULL,Player has null/empty team field - breaks team-based filters
P2,C,4.0,null_team_field,Keone Kela,605309,,,<team_abbrev>,NULL,Player has null/empty team field - breaks team-based filters
P2,C,4.0,null_team_field,José Quijada,650671,,,<team_abbrev>,NULL,Player has null/empty team field - breaks team-based filters
P2,C,4.0,null_team_field,Jacob Waguespack,621097,,,<team_abbrev>,NULL,Player has null/empty team field - breaks team-based filters
P2,C,4.0,null_team_field,Drew Carlton,656290,,,<team_abbrev>,NULL,Player has null/empty team field - breaks team-based filters
P2,C,4.0,null_team_field,José Ruiz,614179,,,<team_abbrev>,NULL,Player has null/empty team field - breaks team-based filters
P2,C,4.0,null_team_field,Cam Alldred,682027,,,<team_abbrev>,NULL,Player has null/empty team field - breaks team-based filters
P2,C,4.0,null_team_field,Jackson Stephens,623451,,,<team_abbrev>,NULL,Player has null/empty team field - breaks team-based filters
P2,C,4.0,null_team_field,Caleb Boushley,676961,,,<team_abbrev>,NULL,Player has null/empty team field - breaks team-based filters
P2,C,4.0,null_team_field,Sam Clay,621348,,,<team_abbrev>,NULL,Player has null/empty team field - breaks team-based filters
P2,C,4.0,null_team_field,Ian Gibaut,664139,,,<team_abbrev>,NULL,Player has null/empty team field - breaks team-based filters
P2,C,4.0,null_team_field,Spencer Howard,675921,,,<team_abbrev>,NULL,Player has null/empty team field - breaks team-based filters
P2,C,4.0,null_team_field,Dillon Tate,622253,,,<team_abbrev>,NULL,Player has null/empty team field - breaks team-based filters
P2,C,4.0,null_team_field,Kyle Dowdy,664871,,,<team_abbrev>,NULL,Player has null/empty team field - breaks team-based filters
P2,C,4.0,null_team_field,Tommy Eveld,669746,,,<team_abbrev>,NULL,Player has null/empty team field - breaks team-based filters
P2,C,4.0,null_team_field,Wily Peralta,503449,,,<team_abbrev>,NULL,Player has null/empty team field - breaks team-based filters
P2,C,4.0,null_team_field,Joe Record,682489,,,<team_abbrev>,NULL,Player has null/empty team field - breaks team-based filters
P2,C,4.0,null_team_field,Thyago Vieira,600986,,,<team_abbrev>,NULL,Player has null/empty team field - breaks team-based filters
P2,C,4.0,null_team_field,Josh Winder,680739,,,<team_abbrev>,NULL,Player has null/empty team field - breaks team-based filters
P2,C,4.0,null_team_field,Scott McGough,543518,,,<team_abbrev>,NULL,Player has null/empty team field - breaks team-based filters
P2,C,4.0,null_team_field,Casey Sadler,594987,,,<team_abbrev>,NULL,Player has null/empty team field - breaks team-based filters
P2,C,4.0,null_team_field,Zach McAllister,502083,,,<team_abbrev>,NULL,Player has null/empty team field - breaks team-based filters
P2,C,4.0,null_team_field,Jandel Gustave,594311,,,<team_abbrev>,NULL,Player has null/empty team field - breaks team-based filters
P2,C,4.0,null_team_field,Ken Giles,571704,,,<team_abbrev>,NULL,Player has null/empty team field - breaks team-based filters
P2,C,4.0,null_team_field,Roansy Contreras,672710,,,<team_abbrev>,NULL,Player has null/empty team field - breaks team-based filters
P2,C,4.0,null_team_field,Jake Diekman,518617,,,<team_abbrev>,NULL,Player has null/empty team field - breaks team-based filters
P2,C,4.0,null_team_field,Lucas Luetge,476595,,,<team_abbrev>,NULL,Player has null/empty team field - breaks team-based filters
P2,C,4.0,null_team_field,Kenta Maeda,628317,,,<team_abbrev>,NULL,Player has null/empty team field - breaks team-based filters
P2,C,4.0,null_team_field,Emmanuel Ramirez,642629,,,<team_abbrev>,NULL,Player has null/empty team field - breaks team-based filters
P2,C,4.0,null_team_field,Matt Carasiti,571539,,,<team_abbrev>,NULL,Player has null/empty team field - breaks team-based filters
P2,C,4.0,null_team_field,Wes Benjamin,605138,,,<team_abbrev>,NULL,Player has null/empty team field - breaks team-based filters
P2,C,4.0,null_team_field,Al Pesto,663875,,,<team_abbrev>,NULL,Player has null/empty team field - breaks team-based filters
P2,C,4.0,null_team_field,Dylan Floro,571670,,,<team_abbrev>,NULL,Player has null/empty team field - breaks team-based filters
P2,C,4.0,null_team_field,Jorge López,605347,,,<team_abbrev>,NULL,Player has null/empty team field - breaks team-based filters
P2,C,4.0,null_team_field,Jackson Rees,682448,,,<team_abbrev>,NULL,Player has null/empty team field - breaks team-based filters
P2,C,4.0,null_team_field,Ian Krol,571871,,,<team_abbrev>,NULL,Player has null/empty team field - breaks team-based filters
P2,C,4.0,null_team_field,Jay Jackson,543351,,,<team_abbrev>,NULL,Player has null/empty team field - breaks team-based filters
P2,C,4.0,null_team_field,Colten Brewer,605155,,,<team_abbrev>,NULL,Player has null/empty team field - breaks team-based filters
P2,C,4.0,null_team_field,Kyle Nelson,669459,,,<team_abbrev>,NULL,Player has null/empty team field - breaks team-based filters
P2,C,4.0,null_team_field,Patrick Murphy,688602,,,<team_abbrev>,NULL,Player has null/empty team field - breaks team-based filters
P2,C,4.0,null_team_field,Josh Maciejewski,656671,,,<team_abbrev>,NULL,Player has null/empty team field - breaks team-based filters
P2,C,4.0,null_team_field,Nathan Wiles,686249,,,<team_abbrev>,NULL,Player has null/empty team field - breaks team-based filters
P2,C,4.0,null_team_field,Chad Green,643338,,,<team_abbrev>,NULL,Player has null/empty team field - breaks team-based filters
P2,C,4.0,null_team_field,Steve Cishek,518553,,,<team_abbrev>,NULL,Player has null/empty team field - breaks team-based filters
P2,C,4.0,null_team_field,Sean Reid-Foley,656887,,,<team_abbrev>,NULL,Player has null/empty team field - breaks team-based filters
P2,C,4.0,null_team_field,Austin Adams,613534,,,<team_abbrev>,NULL,Player has null/empty team field - breaks team-based filters
P2,C,4.0,null_team_field,Andre Jackson,656578,,,<team_abbrev>,NULL,Player has null/empty team field - breaks team-based filters
P2,C,4.0,null_team_field,José Rodríguez,642578,,,<team_abbrev>,NULL,Player has null/empty team field - breaks team-based filters
P2,C,4.0,null_team_field,Jacob Barnes,606930,,,<team_abbrev>,NULL,Player has null/empty team field - breaks team-based filters
P2,C,4.0,null_team_field,Zack Burdi,641420,,,<team_abbrev>,NULL,Player has null/empty team field - breaks team-based filters
P2,C,4.0,null_team_field,Mark Washington,675976,,,<team_abbrev>,NULL,Player has null/empty team field - breaks team-based filters
P2,C,4.0,null_team_field,Cody Morris,663752,,,<team_abbrev>,NULL,Player has null/empty team field - breaks team-based filters
P2,C,4.0,null_team_field,Matt Dermody,571616,,,<team_abbrev>,NULL,Player has null/empty team field - breaks team-based filters
P2,C,4.0,null_team_field,Nick Kingham,592468,,,<team_abbrev>,NULL,Player has null/empty team field - breaks team-based filters
P2,C,4.0,null_team_field,Rob Kaminsky,641739,,,<team_abbrev>,NULL,Player has null/empty team field - breaks team-based filters
P2,C,4.0,null_team_field,Charlie Morton,450203,,,<team_abbrev>,NULL,Player has null/empty team field - breaks team-based filters
P2,C,4.0,null_team_field,Jon Duplantier,641541,,,<team_abbrev>,NULL,Player has null/empty team field - breaks team-based filters
P2,C,4.0,null_team_field,Eric Jokisch,518852,,,<team_abbrev>,NULL,Player has null/empty team field - breaks team-based filters
P2,C,4.0,null_team_field,Luis F. Castillo,622379,,,<team_abbrev>,NULL,Player has null/empty team field - breaks team-based filters
P2,C,4.0,null_team_field,Hyun Jin Ryu,547943,,,<team_abbrev>,NULL,Player has null/empty team field - breaks team-based filters
P2,C,4.0,null_team_field,Frankie Montas,593423,,,<team_abbrev>,NULL,Player has null/empty team field - breaks team-based filters
P2,C,4.0,null_team_field,Lance Lynn,458681,,,<team_abbrev>,NULL,Player has null/empty team field - breaks team-based filters
P2,C,4.0,null_team_field,Ariel Jurado,642558,,,<team_abbrev>,NULL,Player has null/empty team field - breaks team-based filters
P2,C,4.0,null_team_field,Nestor Cortes,641482,,,<team_abbrev>,NULL,Player has null/empty team field - breaks team-based filters
P2,C,4.0,null_team_field,Robert Colina,678783,,,<team_abbrev>,NULL,Player has null/empty team field - breaks team-based filters
P2,C,4.0,null_team_field,Ronald Herrera,622703,,,<team_abbrev>,NULL,Player has null/empty team field - breaks team-based filters
P2,C,4.0,null_team_field,Easton Lucas,687922,,,<team_abbrev>,NULL,Player has null/empty team field - breaks team-based filters
P2,C,4.0,null_team_field,Drew Rucinski,607968,,,<team_abbrev>,NULL,Player has null/empty team field - breaks team-based filters
P2,C,4.0,null_team_field,Dallas Keuchel,572971,,,<team_abbrev>,NULL,Player has null/empty team field - breaks team-based filters
P2,C,4.0,null_team_field,Scott Randall,695246,,,<team_abbrev>,NULL,Player has null/empty team field - breaks team-based filters
P2,C,4.0,null_team_field,Yonny Chirinos,630023,,,<team_abbrev>,NULL,Player has null/empty team field - breaks team-based filters
P2,C,4.0,null_team_field,Zack Greinke,425844,,,<team_abbrev>,NULL,Player has null/empty team field - breaks team-based filters
P2,C,4.0,null_team_field,James Paxton,572020,,,<team_abbrev>,NULL,Player has null/empty team field - breaks team-based filters
P2,C,4.0,null_team_field,Chris Clarke,669247,,,<team_abbrev>,NULL,Player has null/empty team field - breaks team-based filters
P2,C,4.0,null_team_field,Riley Thompson,663929,,,<team_abbrev>,NULL,Player has null/empty team field - breaks team-based filters
P2,C,4.0,null_team_field,Tsuyoshi Wada,493159,,,<team_abbrev>,NULL,Player has null/empty team field - breaks team-based filters
P2,C,4.0,null_team_field,Andrew Heaney,571760,,,<team_abbrev>,NULL,Player has null/empty team field - breaks team-based filters
P2,C,4.0,null_team_field,Kohei Arihara,685503,,,<team_abbrev>,NULL,Player has null/empty team field - breaks team-based filters
P2,C,4.0,null_team_field,Ricardo Sánchez,645307,,,<team_abbrev>,NULL,Player has null/empty team field - breaks team-based filters
P2,C,4.0,null_team_field,Ross Stripling,548389,,,<team_abbrev>,NULL,Player has null/empty team field - breaks team-based filters
P2,C,4.0,null_team_field,Gray Fenter,663383,,,<team_abbrev>,NULL,Player has null/empty team field - breaks team-based filters
P2,C,4.0,null_team_field,Angel Sánchez,605795,,,<team_abbrev>,NULL,Player has null/empty team field - breaks team-based filters
P2,C,4.0,null_team_field,Colten Schmidt,679793,,,<team_abbrev>,NULL,Player has null/empty team field - breaks team-based filters
P2,C,4.0,null_team_field,Alex Wood,622072,,,<team_abbrev>,NULL,Player has null/empty team field - breaks team-based filters
P2,C,4.0,null_team_field,Raúl Alcántara,593417,,,<team_abbrev>,NULL,Player has null/empty team field - breaks team-based filters
P2,C,4.0,null_team_field,John Parke,641949,,,<team_abbrev>,NULL,Player has null/empty team field - breaks team-based filters
P2,C,4.0,null_team_field,Corey Kluber,446372,,,<team_abbrev>,NULL,Player has null/empty team field - breaks team-based filters
P2,C,4.0,null_team_field,Matt Osterberg,684296,,,<team_abbrev>,NULL,Player has null/empty team field - breaks team-based filters
P2,C,4.0,null_team_field,Nolan Kingham,663884,,,<team_abbrev>,NULL,Player has null/empty team field - breaks team-based filters
P2,C,4.0,null_team_field,Walker Powell,689608,,,<team_abbrev>,NULL,Player has null/empty team field - breaks team-based filters
P2,C,4.0,null_team_field,Bryan Mata,667356,,,<team_abbrev>,NULL,Player has null/empty team field - breaks team-based filters
P2,C,4.0,null_team_field,Rony García,665621,,,<team_abbrev>,NULL,Player has null/empty team field - breaks team-based filters
P2,C,4.0,null_team_field,Trevor Bauer,545333,,,<team_abbrev>,NULL,Player has null/empty team field - breaks team-based filters
P2,C,4.0,null_team_field,James Marvel,621086,,,<team_abbrev>,NULL,Player has null/empty team field - breaks team-based filters
P2,C,4.0,null_team_field,Masahiro Tanaka,547888,,,<team_abbrev>,NULL,Player has null/empty team field - breaks team-based filters
P2,C,4.0,null_team_field,Kyle Hendricks,543294,,,<team_abbrev>,NULL,Player has null/empty team field - breaks team-based filters
P2,C,4.0,null_team_field,Kenny Hernandez,665789,,,<team_abbrev>,NULL,Player has null/empty team field - breaks team-based filters
P2,C,4.0,null_team_field,Luis De Avila,678752,,,<team_abbrev>,NULL,Player has null/empty team field - breaks team-based filters
P2,C,4.0,null_team_field,Joe Gunkel,641646,,,<team_abbrev>,NULL,Player has null/empty team field - breaks team-based filters
P2,C,4.0,null_team_field,Mario Sanchez,532936,,,<team_abbrev>,NULL,Player has null/empty team field - breaks team-based filters
P2,C,4.0,null_team_field,Jackson Tetreault,676194,,,<team_abbrev>,NULL,Player has null/empty team field - breaks team-based filters
P2,C,4.0,null_team_field,Won-Jun Chang,628355,,,<team_abbrev>,NULL,Player has null/empty team field - breaks team-based filters
P2,C,4.0,null_team_field,Marcus Walden,519393,,,<team_abbrev>,NULL,Player has null/empty team field - breaks team-based filters
P2,C,4.0,null_team_field,Yohander Méndez,622795,,,<team_abbrev>,NULL,Player has null/empty team field - breaks team-based filters
P2,C,4.0,null_team_field,Erick Leal,612797,,,<team_abbrev>,NULL,Player has null/empty team field - breaks team-based filters
P2,C,4.0,null_team_field,Peyton Plumlee,690183,,,<team_abbrev>,NULL,Player has null/empty team field - breaks team-based filters
P2,C,4.0,null_team_field,Ethan Hankins,677945,,,<team_abbrev>,NULL,Player has null/empty team field - breaks team-based filters
P2,C,4.0,null_team_field,Aaron Wilkerson,658792,,,<team_abbrev>,NULL,Player has null/empty team field - breaks team-based filters
P2,C,4.0,null_team_field,Odrisamer Despaigne,628333,,,<team_abbrev>,NULL,Player has null/empty team field - breaks team-based filters
P2,C,4.0,null_team_field,Jean Pinto,686645,,,<team_abbrev>,NULL,Player has null/empty team field - breaks team-based filters
P2,C,4.0,null_team_field,Rich Hill,448179,,,<team_abbrev>,NULL,Player has null/empty team field - breaks team-based filters
P2,C,4.0,null_team_field,Alemao Hernandez,672598,,,<team_abbrev>,NULL,Player has null/empty team field - breaks team-based filters
P2,C,4.0,null_team_field,Lachlan Wells,649143,,,<team_abbrev>,NULL,Player has null/empty team field - breaks team-based filters
P2,C,4.0,null_team_field,Blair Henley,668874,,,<team_abbrev>,NULL,Player has null/empty team field - breaks team-based filters
P2,C,4.0,null_team_field,John O'Reilly,682615,,,<team_abbrev>,NULL,Player has null/empty team field - breaks team-based filters
P2,C,4.0,null_team_field,Matt Shoemaker,533167,,,<team_abbrev>,NULL,Player has null/empty team field - breaks team-based filters
P2,C,4.0,null_team_field,Kwang Hyun Kim,547942,,,<team_abbrev>,NULL,Player has null/empty team field - breaks team-based filters
P2,C,4.0,null_team_field,Chris Archer,502042,,,<team_abbrev>,NULL,Player has null/empty team field - breaks team-based filters
P2,C,4.0,null_team_field,Matt Manning,666159,,,<team_abbrev>,NULL,Player has null/empty team field - breaks team-based filters
P2,C,4.0,null_team_field,Jake Kalish,592455,,,<team_abbrev>,NULL,Player has null/empty team field - breaks team-based filters
P2,C,4.0,null_team_field,Adam Wainwright,425794,,,<team_abbrev>,NULL,Player has null/empty team field - breaks team-based filters
P2,C,4.0,null_team_field,Pedro Fernandez,613548,,,<team_abbrev>,NULL,Player has null/empty team field - breaks team-based filters
P2,C,4.0,null_team_field,Rio Gomez,677013,,,<team_abbrev>,NULL,Player has null/empty team field - breaks team-based filters
P2,C,4.0,null_team_field,Grant Gambrell,669183,,,<team_abbrev>,NULL,Player has null/empty team field - breaks team-based filters
P2,C,4.0,null_team_field,Davis Feldman,680463,,,<team_abbrev>,NULL,Player has null/empty team field - breaks team-based filters
P2,C,4.0,null_team_field,Andrew Quezada,676768,,,<team_abbrev>,NULL,Player has null/empty team field - breaks team-based filters
P2,C,4.0,null_team_field,Kyle Tyler,667725,,,<team_abbrev>,NULL,Player has null/empty team field - breaks team-based filters
P2,C,4.0,null_team_field,Darius Vines,670241,,,<team_abbrev>,NULL,Player has null/empty team field - breaks team-based filters
P2,C,4.0,null_team_field,Manuel Espinoza,678429,,,<team_abbrev>,NULL,Player has null/empty team field - breaks team-based filters
P2,C,4.0,null_team_field,John Gant,607231,,,<team_abbrev>,NULL,Player has null/empty team field - breaks team-based filters
P2,C,4.0,null_team_field,Michael Pineda,501381,,,<team_abbrev>,NULL,Player has null/empty team field - breaks team-based filters
P2,C,4.0,null_team_field,Ryan Carpenter,543001,,,<team_abbrev>,NULL,Player has null/empty team field - breaks team-based filters
P2,C,4.0,null_team_field,David Parkinson,663982,,,<team_abbrev>,NULL,Player has null/empty team field - breaks team-based filters
P2,C,4.0,null_team_field,Carlos Luna,650690,,,<team_abbrev>,NULL,Player has null/empty team field - breaks team-based filters
P2,C,4.0,null_team_field,Noah Bremer,676084,,,<team_abbrev>,NULL,Player has null/empty team field - breaks team-based filters
P2,C,4.0,null_team_field,Spenser Watkins,657093,,,<team_abbrev>,NULL,Player has null/empty team field - breaks team-based filters
P2,C,4.0,null_team_field,Ronald Medrano,642574,,,<team_abbrev>,NULL,Player has null/empty team field - breaks team-based filters
P2,C,4.0,null_team_field,Jimmy Endersby,684544,,,<team_abbrev>,NULL,Player has null/empty team field - breaks team-based filters
P2,C,4.0,null_team_field,Jose Chacin,666658,,,<team_abbrev>,NULL,Player has null/empty team field - breaks team-based filters
P2,C,4.0,null_team_field,Troy Miller,663632,,,<team_abbrev>,NULL,Player has null/empty team field - breaks team-based filters
P2,C,4.0,null_team_field,José De León,592254,,,<team_abbrev>,NULL,Player has null/empty team field - breaks team-based filters
P2,C,4.0,null_team_field,Colton Eastman,663678,,,<team_abbrev>,NULL,Player has null/empty team field - breaks team-based filters
P2,C,4.0,null_team_field,Johnny Cueto,456501,,,<team_abbrev>,NULL,Player has null/empty team field - breaks team-based filters
P2,C,4.0,null_team_field,Noah Syndergaard,592789,,,<team_abbrev>,NULL,Player has null/empty team field - breaks team-based filters
P2,C,4.0,null_team_field,Julio Robaina,678789,,,<team_abbrev>,NULL,Player has null/empty team field - breaks team-based filters
P2,C,4.0,null_team_field,Seth Nordlin,676699,,,<team_abbrev>,NULL,Player has null/empty team field - breaks team-based filters
P2,C,4.0,null_team_field,Alex Troop,675960,,,<team_abbrev>,NULL,Player has null/empty team field - breaks team-based filters
P2,C,4.0,null_team_field,Riley Davis,695281,,,<team_abbrev>,NULL,Player has null/empty team field - breaks team-based filters
P2,C,4.0,null_team_field,Konnor Ash,680089,,,<team_abbrev>,NULL,Player has null/empty team field - breaks team-based filters
P2,C,4.0,null_team_field,Drake Fellows,666148,,,<team_abbrev>,NULL,Player has null/empty team field - breaks team-based filters
P2,C,4.0,null_team_field,John Swanda,676191,,,<team_abbrev>,NULL,Player has null/empty team field - breaks team-based filters
P2,C,4.0,null_team_field,Koyo Aoyagi,829460,,,<team_abbrev>,NULL,Player has null/empty team field - breaks team-based filters
P2,C,4.0,null_team_field,Aaron Leasher,669468,,,<team_abbrev>,NULL,Player has null/empty team field - breaks team-based filters
P2,C,4.0,null_team_field,Adam Scott,681792,,,<team_abbrev>,NULL,Player has null/empty team field - breaks team-based filters
P2,C,4.0,null_team_field,Cy Sneed,605482,,,<team_abbrev>,NULL,Player has null/empty team field - breaks team-based filters
P2,C,4.0,null_team_field,Adrian Alcantara,674220,,,<team_abbrev>,NULL,Player has null/empty team field - breaks team-based filters
P2,C,4.0,null_team_field,Curtis Taylor,668954,,,<team_abbrev>,NULL,Player has null/empty team field - breaks team-based filters
P2,C,4.0,null_team_field,Ethan Lindow,676600,,,<team_abbrev>,NULL,Player has null/empty team field - breaks team-based filters
P2,C,4.0,null_team_field,Chris McMahon,675657,,,<team_abbrev>,NULL,Player has null/empty team field - breaks team-based filters
P2,C,4.0,null_team_field,Joelvis Del Rosario,679052,,,<team_abbrev>,NULL,Player has null/empty team field - breaks team-based filters
P2,C,4.0,null_team_field,Jeff Bain,656206,,,<team_abbrev>,NULL,Player has null/empty team field - breaks team-based filters
P2,C,4.0,null_team_field,Anders Tolhurst,689434,,,<team_abbrev>,NULL,Player has null/empty team field - breaks team-based filters
P2,C,4.0,null_team_field,Nick Neidert,663734,,,<team_abbrev>,NULL,Player has null/empty team field - breaks team-based filters
P2,C,4.0,null_team_field,Nick Bennett,668711,,,<team_abbrev>,NULL,Player has null/empty team field - breaks team-based filters
P2,C,4.0,null_team_field,Enny Romero,544836,,,<team_abbrev>,NULL,Player has null/empty team field - breaks team-based filters
P2,C,4.0,null_team_field,Yon Castro,679005,,,<team_abbrev>,NULL,Player has null/empty team field - breaks team-based filters
P2,C,4.0,null_team_field,Shawn Semple,676111,,,<team_abbrev>,NULL,Player has null/empty team field - breaks team-based filters
P2,C,4.0,null_team_field,Zach Willeman,657116,,,<team_abbrev>,NULL,Player has null/empty team field - breaks team-based filters
P2,C,4.0,null_team_field,Dylan Bundy,605164,,,<team_abbrev>,NULL,Player has null/empty team field - breaks team-based filters
P2,C,4.0,null_team_field,Drew Hutchison,571800,,,<team_abbrev>,NULL,Player has null/empty team field - breaks team-based filters
P2,C,4.0,null_team_field,Nolan Watson,663649,,,<team_abbrev>,NULL,Player has null/empty team field - breaks team-based filters
P2,C,4.0,null_team_field,Matt Frisbee,663735,,,<team_abbrev>,NULL,Player has null/empty team field - breaks team-based filters
P2,C,4.0,null_team_field,T.J. Zeuch,643615,,,<team_abbrev>,NULL,Player has null/empty team field - breaks team-based filters
P2,C,4.0,null_team_field,Adrian Sampson,592716,,,<team_abbrev>,NULL,Player has null/empty team field - breaks team-based filters
P2,C,4.0,null_team_field,Danny Wirchansky,688024,,,<team_abbrev>,NULL,Player has null/empty team field - breaks team-based filters
P2,C,4.0,null_team_field,Juan Hillman,663535,,,<team_abbrev>,NULL,Player has null/empty team field - breaks team-based filters
P2,C,4.0,null_team_field,Sterling Sharp,643532,,,<team_abbrev>,NULL,Player has null/empty team field - breaks team-based filters
P2,C,4.0,null_team_field,Brooks Gosswein,694747,,,<team_abbrev>,NULL,Player has null/empty team field - breaks team-based filters
P2,C,4.0,null_team_field,Juan Daniel Encarnacion,683402,,,<team_abbrev>,NULL,Player has null/empty team field - breaks team-based filters
P2,C,4.0,null_team_field,Chad Donato,669942,,,<team_abbrev>,NULL,Player has null/empty team field - breaks team-based filters
P2,C,4.0,null_team_field,Matt Swarmer,664161,,,<team_abbrev>,NULL,Player has null/empty team field - breaks team-based filters
P2,C,4.0,null_team_field,Connor Overton,656818,,,<team_abbrev>,NULL,Player has null/empty team field - breaks team-based filters
P2,C,4.0,null_team_field,Christian Mejias,671781,,,<team_abbrev>,NULL,Player has null/empty team field - breaks team-based filters
P2,C,4.0,null_team_field,Christian MacLeod,681306,,,<team_abbrev>,NULL,Player has null/empty team field - breaks team-based filters
P2,C,4.0,null_team_field,Johan Dominguez,667339,,,<team_abbrev>,NULL,Player has null/empty team field - breaks team-based filters
P2,C,4.0,null_team_field,Rodney Theophile,682496,,,<team_abbrev>,NULL,Player has null/empty team field - breaks team-based filters
P2,C,4.0,null_team_field,Jake Odorizzi,543606,,,<team_abbrev>,NULL,Player has null/empty team field - breaks team-based filters
P2,C,4.0,null_team_field,Alex Valverde,663820,,,<team_abbrev>,NULL,Player has null/empty team field - breaks team-based filters
P2,C,4.0,null_team_field,Williander Moreno,678981,,,<team_abbrev>,NULL,Player has null/empty team field - breaks team-based filters
P2,C,4.0,null_team_field,Cesar Gomez,685461,,,<team_abbrev>,NULL,Player has null/empty team field - breaks team-based filters
P2,C,4.0,null_team_field,Joe Elbis,692544,,,<team_abbrev>,NULL,Player has null/empty team field - breaks team-based filters
P2,C,4.0,null_team_field,Trent Palmer,694382,,,<team_abbrev>,NULL,Player has null/empty team field - breaks team-based filters
P2,C,4.0,null_team_field,Nick Fraze,684946,,,<team_abbrev>,NULL,Player has null/empty team field - breaks team-based filters
P2,C,4.0,null_team_field,Deyni Olivero,666007,,,<team_abbrev>,NULL,Player has null/empty team field - breaks team-based filters
P2,C,4.0,null_team_field,Tony Dibrell,675914,,,<team_abbrev>,NULL,Player has null/empty team field - breaks team-based filters
P2,C,4.0,null_team_field,Norwith Gudiño,660508,,,<team_abbrev>,NULL,Player has null/empty team field - breaks team-based filters
P2,C,4.0,null_team_field,Mike Minor,501985,,,<team_abbrev>,NULL,Player has null/empty team field - breaks team-based filters
P2,C,4.0,null_team_field,Grant Gavin,667050,,,<team_abbrev>,NULL,Player has null/empty team field - breaks team-based filters
P2,C,4.0,null_team_field,Jaime Arias,671142,,,<team_abbrev>,NULL,Player has null/empty team field - breaks team-based filters
P2,C,4.0,null_team_field,Jake Walters,669476,,,<team_abbrev>,NULL,Player has null/empty team field - breaks team-based filters
P2,C,4.0,null_team_field,Jay Groome,666130,,,<team_abbrev>,NULL,Player has null/empty team field - breaks team-based filters
P2,C,4.0,null_team_field,Adrian Chaidez,686585,,,<team_abbrev>,NULL,Player has null/empty team field - breaks team-based filters
P2,C,4.0,null_team_field,Duncan Snider,805829,,,<team_abbrev>,NULL,Player has null/empty team field - breaks team-based filters
P2,C,4.0,null_team_field,Mike Montgomery,543557,,,<team_abbrev>,NULL,Player has null/empty team field - breaks team-based filters
P2,C,4.0,null_team_field,Manuel Urias,679893,,,<team_abbrev>,NULL,Player has null/empty team field - breaks team-based filters
P2,C,4.0,null_team_field,Victor Munoz,678756,,,<team_abbrev>,NULL,Player has null/empty team field - breaks team-based filters
P2,C,4.0,null_team_field,Juan Mercedes,675195,,,<team_abbrev>,NULL,Player has null/empty team field - breaks team-based filters
P2,C,4.0,null_team_field,Zach King,669915,,,<team_abbrev>,NULL,Player has null/empty team field - breaks team-based filters
P2,C,4.0,null_team_field,Morgan McSweeney,669682,,,<team_abbrev>,NULL,Player has null/empty team field - breaks team-based filters
P2,C,4.0,null_team_field,Mike Ruff,668736,,,<team_abbrev>,NULL,Player has null/empty team field - breaks team-based filters
P2,C,4.0,null_team_field,Luis Cessa,570666,,,<team_abbrev>,NULL,Player has null/empty team field - breaks team-based filters
P2,C,4.0,null_team_field,Justin Jarvis,680691,,,<team_abbrev>,NULL,Player has null/empty team field - breaks team-based filters
P2,C,4.0,null_team_field,Tommy Sommer,685311,,,<team_abbrev>,NULL,Player has null/empty team field - breaks team-based filters
P2,C,4.0,null_team_field,Aaron Brown,676345,,,<team_abbrev>,NULL,Player has null/empty team field - breaks team-based filters
P2,C,4.0,null_team_field,Chris Kachmar,690148,,,<team_abbrev>,NULL,Player has null/empty team field - breaks team-based filters
P2,C,4.0,null_team_field,Jairo Solis,672810,,,<team_abbrev>,NULL,Player has null/empty team field - breaks team-based filters
P2,C,4.0,null_team_field,Edgar Escobar,681592,,,<team_abbrev>,NULL,Player has null/empty team field - breaks team-based filters
P2,C,4.0,null_team_field,Luis Angel Rodriguez,678296,,,<team_abbrev>,NULL,Player has null/empty team field - breaks team-based filters
P2,C,4.0,null_team_field,Aníbal Sánchez,434671,,,<team_abbrev>,NULL,Player has null/empty team field - breaks team-based filters
P2,C,4.0,null_team_field,Bryan Garcia,650530,,,<team_abbrev>,NULL,Player has null/empty team field - breaks team-based filters
P2,C,4.0,null_team_field,Kevin Miranda,806656,,,<team_abbrev>,NULL,Player has null/empty team field - breaks team-based filters
P2,C,4.0,null_team_field,Tommy Milone,543548,,,<team_abbrev>,NULL,Player has null/empty team field - breaks team-based filters
P2,C,4.0,null_team_field,Jorge Bautista,682926,,,<team_abbrev>,NULL,Player has null/empty team field - breaks team-based filters
P2,C,4.0,null_team_field,Ike Buxton,702034,,,<team_abbrev>,NULL,Player has null/empty team field - breaks team-based filters
P2,C,4.0,null_team_field,Tommy Parsons,682418,,,<team_abbrev>,NULL,Player has null/empty team field - breaks team-based filters
P2,C,4.0,null_team_field,Nick Payero,809579,,,<team_abbrev>,NULL,Player has null/empty team field - breaks team-based filters
P2,C,4.0,null_team_field,Tyler Ivey,663959,,,<team_abbrev>,NULL,Player has null/empty team field - breaks team-based filters
P2,C,4.0,null_team_field,Madison Bumgarner,518516,,,<team_abbrev>,NULL,Player has null/empty team field - breaks team-based filters
P2,C,4.0,null_team_field,Humberto Mejía,650668,,,<team_abbrev>,NULL,Player has null/empty team field - breaks team-based filters
P2,C,4.0,null_team_field,Logan Clayton,700875,,,<team_abbrev>,NULL,Player has null/empty team field - breaks team-based filters
P2,C,4.0,null_team_field,Ian McKinney,641855,,,<team_abbrev>,NULL,Player has null/empty team field - breaks team-based filters
P2,C,4.0,null_team_field,James Kaprielian,621076,,,<team_abbrev>,NULL,Player has null/empty team field - breaks team-based filters
P2,C,4.0,null_team_field,Matthew Thompson,683010,,,<team_abbrev>,NULL,Player has null/empty team field - breaks team-based filters
P2,C,4.0,null_team_field,Wilkel Hernandez,665859,,,<team_abbrev>,NULL,Player has null/empty team field - breaks team-based filters
P2,C,4.0,null_team_field,Jamison Hill,695318,,,<team_abbrev>,NULL,Player has null/empty team field - breaks team-based filters
P2,C,4.0,null_team_field,Tommy Romero,676720,,,<team_abbrev>,NULL,Player has null/empty team field - breaks team-based filters
P2,C,4.0,null_team_field,Peyton Battenfield,685410,,,<team_abbrev>,NULL,Player has null/empty team field - breaks team-based filters
P2,C,4.0,null_team_field,Brandon Schaeffer,801755,,,<team_abbrev>,NULL,Player has null/empty team field - breaks team-based filters
P2,C,4.0,null_team_field,Brandon Dufault,679555,,,<team_abbrev>,NULL,Player has null/empty team field - breaks team-based filters
P2,C,4.0,null_team_field,Hunter Riggins,806329,,,<team_abbrev>,NULL,Player has null/empty team field - breaks team-based filters
P2,C,4.0,null_team_field,Jerad Eickhoff,595191,,,<team_abbrev>,NULL,Player has null/empty team field - breaks team-based filters
P2,C,4.0,null_team_field,Jake Lyons,676784,,,<team_abbrev>,NULL,Player has null/empty team field - breaks team-based filters
P2,C,4.0,null_team_field,Chris Ellis,595939,,,<team_abbrev>,NULL,Player has null/empty team field - breaks team-based filters
P2,C,4.0,null_team_field,Jared Kollar,806577,,,<team_abbrev>,NULL,Player has null/empty team field - breaks team-based filters
P2,C,4.0,null_team_field,Sam Whiting,688519,,,<team_abbrev>,NULL,Player has null/empty team field - breaks team-based filters
P2,C,4.0,null_team_field,Ben Braymer,664069,,,<team_abbrev>,NULL,Player has null/empty team field - breaks team-based filters
P2,C,4.0,null_team_field,Michael Dominguez,686597,,,<team_abbrev>,NULL,Player has null/empty team field - breaks team-based filters
P2,C,4.0,null_team_field,William Cuevas,571035,,,<team_abbrev>,NULL,Player has null/empty team field - breaks team-based filters
P2,C,4.0,null_team_field,Jordan Fowler,676821,,,<team_abbrev>,NULL,Player has null/empty team field - breaks team-based filters
P2,C,4.0,null_team_field,Kohl Simas,702030,,,<team_abbrev>,NULL,Player has null/empty team field - breaks team-based filters
P2,C,4.0,null_team_field,Kendall Williams,683086,,,<team_abbrev>,NULL,Player has null/empty team field - breaks team-based filters
P2,C,4.0,null_team_field,Christian Young,670405,,,<team_abbrev>,NULL,Player has null/empty team field - breaks team-based filters
P2,C,4.0,null_team_field,Jaime Melendez,686459,,,<team_abbrev>,NULL,Player has null/empty team field - breaks team-based filters
P2,C,4.0,null_team_field,Edinson Batista,685046,,,<team_abbrev>,NULL,Player has null/empty team field - breaks team-based filters
P2,C,4.0,null_team_field,Aaron Haase,700412,,,<team_abbrev>,NULL,Player has null/empty team field - breaks team-based filters
P2,C,4.0,null_team_field,Ty Weatherly,701541,,,<team_abbrev>,NULL,Player has null/empty team field - breaks team-based filters
P2,C,4.0,null_team_field,Jeremy Lee,814109,,,<team_abbrev>,NULL,Player has null/empty team field - breaks team-based filters
P2,C,4.0,null_team_field,Victor Vargas,678660,,,<team_abbrev>,NULL,Player has null/empty team field - breaks team-based filters
P2,C,4.0,null_team_field,Noah Skirrow,659418,,,<team_abbrev>,NULL,Player has null/empty team field - breaks team-based filters
P2,C,4.0,null_team_field,Cole Patten,696516,,,<team_abbrev>,NULL,Player has null/empty team field - breaks team-based filters
P2,C,4.0,null_team_field,Nick Nastrini,680897,,,<team_abbrev>,NULL,Player has null/empty team field - breaks team-based filters
P2,C,4.0,null_team_field,Ryan Cardona,701318,,,<team_abbrev>,NULL,Player has null/empty team field - breaks team-based filters
P2,C,4.0,null_team_field,Wyatt Wendell,690568,,,<team_abbrev>,NULL,Player has null/empty team field - breaks team-based filters
P2,C,4.0,null_team_field,Cullen Kafka,694394,,,<team_abbrev>,NULL,Player has null/empty team field - breaks team-based filters
P2,C,4.0,null_team_field,In-beom Kim,692728,,,<team_abbrev>,NULL,Player has null/empty team field - breaks team-based filters
P2,C,4.0,null_team_field,Jose Salvador,678358,,,<team_abbrev>,NULL,Player has null/empty team field - breaks team-based filters
P2,C,4.0,null_team_field,Christian Fernandez,668595,,,<team_abbrev>,NULL,Player has null/empty team field - breaks team-based filters
P2,C,4.0,null_team_field,Teddy Stankiewicz,621103,,,<team_abbrev>,NULL,Player has null/empty team field - breaks team-based filters
P2,C,4.0,null_team_field,Thomas Ponticelli,681856,,,<team_abbrev>,NULL,Player has null/empty team field - breaks team-based filters
P2,C,4.0,null_team_field,Gabriel Cotto,681813,,,<team_abbrev>,NULL,Player has null/empty team field - breaks team-based filters
P2,C,4.0,null_team_field,Deylen Miley,694657,,,<team_abbrev>,NULL,Player has null/empty team field - breaks team-based filters
P2,C,4.0,null_team_field,Lorenzo Encarnacion,699230,,,<team_abbrev>,NULL,Player has null/empty team field - breaks team-based filters
P2,C,4.0,null_team_field,Jose Luis Reyes,692271,,,<team_abbrev>,NULL,Player has null/empty team field - breaks team-based filters
P2,C,4.0,null_team_field,Mikell Manzano,692350,,,<team_abbrev>,NULL,Player has null/empty team field - breaks team-based filters
P2,C,4.0,null_team_field,Matt Allan,682929,,,<team_abbrev>,NULL,Player has null/empty team field - breaks team-based filters
P2,C,4.0,null_team_field,Orlando Rodriguez,689620,,,<team_abbrev>,NULL,Player has null/empty team field - breaks team-based filters
P2,C,4.0,null_team_field,Matt Walker,687028,,,<team_abbrev>,NULL,Player has null/empty team field - breaks team-based filters
P2,C,4.0,null_team_field,Chipper Menard,828598,,,<team_abbrev>,NULL,Player has null/empty team field - breaks team-based filters
P2,C,4.0,null_team_field,Jacob Meador,687138,,,<team_abbrev>,NULL,Player has null/empty team field - breaks team-based filters
P2,C,4.0,null_team_field,Yanquiel Sanchez,703417,,,<team_abbrev>,NULL,Player has null/empty team field - breaks team-based filters
P2,C,4.0,null_team_field,Angel Roman,800053,,,<team_abbrev>,NULL,Player has null/empty team field - breaks team-based filters
P2,C,4.0,null_team_field,Carlos Calderon,682684,,,<team_abbrev>,NULL,Player has null/empty team field - breaks team-based filters
P2,C,4.0,null_team_field,Harold Melenge,684266,,,<team_abbrev>,NULL,Player has null/empty team field - breaks team-based filters
P2,C,4.0,null_team_field,Starlyn Castillo,682623,,,<team_abbrev>,NULL,Player has null/empty team field - breaks team-based filters
P2,C,4.0,null_team_field,Norge Vera,694195,,,<team_abbrev>,NULL,Player has null/empty team field - breaks team-based filters
P2,C,4.0,null_team_field,Grant Judkins,680420,,,<team_abbrev>,NULL,Player has null/empty team field - breaks team-based filters
P2,C,4.0,null_team_field,Gabriel Aguilera,683733,,,<team_abbrev>,NULL,Player has null/empty team field - breaks team-based filters
P2,C,4.0,null_team_field,Braunny Munoz,679560,,,<team_abbrev>,NULL,Player has null/empty team field - breaks team-based filters
P2,C,4.0,null_team_field,Ricardo Brizuela,804870,,,<team_abbrev>,NULL,Player has null/empty team field - breaks team-based filters
P2,C,4.0,null_team_field,Cristian Nunez,800007,,,<team_abbrev>,NULL,Player has null/empty team field - breaks team-based filters
P2,C,4.0,null_team_field,Cole Kirschsieper,687243,,,<team_abbrev>,NULL,Player has null/empty team field - breaks team-based filters
P2,C,4.0,null_team_field,Zach Murray,694699,,,<team_abbrev>,NULL,Player has null/empty team field - breaks team-based filters
P2,C,4.0,null_team_field,Cristopher Castro,692486,,,<team_abbrev>,NULL,Player has null/empty team field - breaks team-based filters
P2,C,4.0,null_team_field,Elvis Soto,805472,,,<team_abbrev>,NULL,Player has null/empty team field - breaks team-based filters
P2,C,4.0,null_team_field,Denny Larrondo,682644,,,<team_abbrev>,NULL,Player has null/empty team field - breaks team-based filters
P2,C,4.0,null_team_field,Luis Valdez,692835,,,<team_abbrev>,NULL,Player has null/empty team field - breaks team-based filters
P2,C,4.0,null_team_field,Juan Martinez,700288,,,<team_abbrev>,NULL,Player has null/empty team field - breaks team-based filters
P2,C,4.0,null_team_field,Dualvert Gutierrez,692576,,,<team_abbrev>,NULL,Player has null/empty team field - breaks team-based filters
P2,C,4.0,null_team_field,Josh Wolf,683181,,,<team_abbrev>,NULL,Player has null/empty team field - breaks team-based filters
P2,C,4.0,null_team_field,Alex Ayala Jr.,694809,,,<team_abbrev>,NULL,Player has null/empty team field - breaks team-based filters
P2,C,4.0,null_team_field,Alex Vallecillo,699132,,,<team_abbrev>,NULL,Player has null/empty team field - breaks team-based filters
P2,C,4.0,null_team_field,Nomar Medina,695975,,,<team_abbrev>,NULL,Player has null/empty team field - breaks team-based filters
P2,C,4.0,null_team_field,Brock Jones,686809,,,<team_abbrev>,NULL,Player has null/empty team field - breaks team-based filters
P2,C,4.0,null_team_field,Jesus Rivero,701865,,,<team_abbrev>,NULL,Player has null/empty team field - breaks team-based filters
P2,C,4.0,null_team_field,Adolfo Ramirez,672666,,,<team_abbrev>,NULL,Player has null/empty team field - breaks team-based filters
P2,C,4.0,null_team_field,Yoscar Pimentel,683387,,,<team_abbrev>,NULL,Player has null/empty team field - breaks team-based filters
P2,C,4.0,null_team_field,Wilton Castillo,696063,,,<team_abbrev>,NULL,Player has null/empty team field - breaks team-based filters
P2,C,4.0,null_team_field,Adan Moreno,808489,,,<team_abbrev>,NULL,Player has null/empty team field - breaks team-based filters
P2,C,4.0,null_team_field,Ruben Castillo,692645,,,<team_abbrev>,NULL,Player has null/empty team field - breaks team-based filters
P2,C,4.0,null_team_field,Raúl Rangel,691348,,,<team_abbrev>,NULL,Player has null/empty team field - breaks team-based filters
P2,C,4.0,null_team_field,Yordan Nodal,685478,,,<team_abbrev>,NULL,Player has null/empty team field - breaks team-based filters
P2,C,4.0,null_team_field,Edgardo Ibarra,691453,,,<team_abbrev>,NULL,Player has null/empty team field - breaks team-based filters
P2,C,4.0,null_team_field,Javier Atencio,683450,,,<team_abbrev>,NULL,Player has null/empty team field - breaks team-based filters
P2,C,4.0,null_team_field,Gabriel Agostini,698989,,,<team_abbrev>,NULL,Player has null/empty team field - breaks team-based filters
P2,C,4.0,null_team_field,German Nunez,802077,,,<team_abbrev>,NULL,Player has null/empty team field - breaks team-based filters
P2,C,4.0,null_team_field,Juan Soto,699041,,,<team_abbrev>,NULL,Player has null/empty team field - breaks team-based filters
P2,C,4.0,null_team_field,Mason Pelio,680900,,,<team_abbrev>,NULL,Player has null/empty team field - breaks team-based filters
P2,C,4.0,null_team_field,Pedro Marquez,703938,,,<team_abbrev>,NULL,Player has null/empty team field - breaks team-based filters
P2,C,4.0,null_team_field,Victor Farias,693756,,,<team_abbrev>,NULL,Player has null/empty team field - breaks team-based filters
P2,C,4.0,null_team_field,Riley Bauman,809496,,,<team_abbrev>,NULL,Player has null/empty team field - breaks team-based filters
P2,C,4.0,null_team_field,Kaleb Sophy,815225,,,<team_abbrev>,NULL,Player has null/empty team field - breaks team-based filters
P2,C,4.0,null_team_field,Dheygler Gimenez,684080,,,<team_abbrev>,NULL,Player has null/empty team field - breaks team-based filters
P2,C,4.0,null_team_field,Adrian Herrera,805155,,,<team_abbrev>,NULL,Player has null/empty team field - breaks team-based filters
P2,C,4.0,null_team_field,Will Frisch,687137,,,<team_abbrev>,NULL,Player has null/empty team field - breaks team-based filters
P2,C,4.0,null_team_field,Develson Aria,684846,,,<team_abbrev>,NULL,Player has null/empty team field - breaks team-based filters
P2,C,4.0,null_team_field,Ronny Lopez,807832,,,<team_abbrev>,NULL,Player has null/empty team field - breaks team-based filters
P2,C,4.0,null_team_field,Franklin Gil,805046,,,<team_abbrev>,NULL,Player has null/empty team field - breaks team-based filters
P2,C,4.0,null_team_field,Andre Sanchez,700062,,,<team_abbrev>,NULL,Player has null/empty team field - breaks team-based filters
P2,C,4.0,null_team_field,Jhoniel Serrano,698934,,,<team_abbrev>,NULL,Player has null/empty team field - breaks team-based filters
P2,C,4.0,null_team_field,Eduardo Robles,810856,,,<team_abbrev>,NULL,Player has null/empty team field - breaks team-based filters
P2,C,4.0,null_team_field,Enmanuel Talavera,807637,,,<team_abbrev>,NULL,Player has null/empty team field - breaks team-based filters
P2,C,4.0,null_team_field,Zhiorman Imbriano,699391,,,<team_abbrev>,NULL,Player has null/empty team field - breaks team-based filters
P2,C,4.0,null_team_field,Nelvis Ochoa,691440,,,<team_abbrev>,NULL,Player has null/empty team field - breaks team-based filters
P2,C,4.0,null_team_field,Jharold Clemente,811230,,,<team_abbrev>,NULL,Player has null/empty team field - breaks team-based filters
P2,C,4.0,null_team_field,Samuel Perez,806951,,,<team_abbrev>,NULL,Player has null/empty team field - breaks team-based filters
P2,C,4.0,null_team_field,Robert Cruz,679004,,,<team_abbrev>,NULL,Player has null/empty team field - breaks team-based filters
P2,C,4.0,null_team_field,Frank Moreno,805064,,,<team_abbrev>,NULL,Player has null/empty team field - breaks team-based filters
P2,C,4.0,null_team_field,Noelin Cuevas,800075,,,<team_abbrev>,NULL,Player has null/empty team field - breaks team-based filters
P2,C,4.0,null_team_field,Luis Bermudez,800089,,,<team_abbrev>,NULL,Player has null/empty team field - breaks team-based filters
P2,C,4.0,null_team_field,Anderson Beltre,807852,,,<team_abbrev>,NULL,Player has null/empty team field - breaks team-based filters
P2,C,4.0,null_team_field,Juan Cota,802399,,,<team_abbrev>,NULL,Player has null/empty team field - breaks team-based filters
P2,C,4.0,null_team_field,Ronny Oliver,702390,,,<team_abbrev>,NULL,Player has null/empty team field - breaks team-based filters
P2,C,4.0,null_team_field,Jezler Baules,815196,,,<team_abbrev>,NULL,Player has null/empty team field - breaks team-based filters
P2,C,4.0,null_team_field,Biembenido  Brito,800105,,,<team_abbrev>,NULL,Player has null/empty team field - breaks team-based filters
P2,C,4.0,null_team_field,Jeffrey German,800262,,,<team_abbrev>,NULL,Player has null/empty team field - breaks team-based filters
P2,C,4.0,null_team_field,Diego Dugarte,805056,,,<team_abbrev>,NULL,Player has null/empty team field - breaks team-based filters
P2,C,4.0,null_team_field,Wander Ventura,802106,,,<team_abbrev>,NULL,Player has null/empty team field - breaks team-based filters
P2,C,4.0,null_team_field,Deybi Salcedo,815190,,,<team_abbrev>,NULL,Player has null/empty team field - breaks team-based filters
P2,C,4.0,null_team_field,Edwarlys Hidalgo,828348,,,<team_abbrev>,NULL,Player has null/empty team field - breaks team-based filters
P2,C,4.0,null_team_field,Michell Chirinos,807830,,,<team_abbrev>,NULL,Player has null/empty team field - breaks team-based filters
P2,C,4.0,null_team_field,Luis Morellis,807260,,,<team_abbrev>,NULL,Player has null/empty team field - breaks team-based filters
P2,C,4.0,null_team_field,Pedro Belisario,810044,,,<team_abbrev>,NULL,Player has null/empty team field - breaks team-based filters
P2,C,4.0,null_team_field,Damian Jimenez,807763,,,<team_abbrev>,NULL,Player has null/empty team field - breaks team-based filters
P2,C,4.0,null_team_field,Alvaro Pineda,802104,,,<team_abbrev>,NULL,Player has null/empty team field - breaks team-based filters
P2,C,4.0,null_team_field,Adrian Aray,821068,,,<team_abbrev>,NULL,Player has null/empty team field - breaks team-based filters
P2,C,4.0,null_team_field,Joshue De La Cruz,820849,,,<team_abbrev>,NULL,Player has null/empty team field - breaks team-based filters
P2,C,4.0,null_team_field,Carlos Lopez,693747,,,<team_abbrev>,NULL,Player has null/empty team field - breaks team-based filters
P2,C,4.0,null_team_field,Edwin Gonzalez,800245,,,<team_abbrev>,NULL,Player has null/empty team field - breaks team-based filters
P2,C,4.0,null_team_field,Jorge Geraldo,702876,,,<team_abbrev>,NULL,Player has null/empty team field - breaks team-based filters
P2,C,4.0,null_team_field,Brendan Morse,815311,,,<team_abbrev>,NULL,Player has null/empty team field - breaks team-based filters
P2,C,4.0,null_team_field,Joneiker Arellano,800189,,,<team_abbrev>,NULL,Player has null/empty team field - breaks team-based filters
P2,C,4.0,null_team_field,Wilmer Ramirez,800247,,,<team_abbrev>,NULL,Player has null/empty team field - breaks team-based filters
P2,C,4.0,null_team_field,Jonathan Batista,805121,,,<team_abbrev>,NULL,Player has null/empty team field - breaks team-based filters
P2,C,4.0,null_team_field,Yorvi Pirela,800459,,,<team_abbrev>,NULL,Player has null/empty team field - breaks team-based filters
P2,C,4.0,null_team_field,Sebastian Estiven,815276,,,<team_abbrev>,NULL,Player has null/empty team field - breaks team-based filters
P2,C,4.0,null_team_field,Oscar Romero,810047,,,<team_abbrev>,NULL,Player has null/empty team field - breaks team-based filters
P2,C,4.0,null_team_field,Moises Lira,800146,,,<team_abbrev>,NULL,Player has null/empty team field - breaks team-based filters
P2,C,4.0,null_team_field,Jorge Guzman,823010,,,<team_abbrev>,NULL,Player has null/empty team field - breaks team-based filters
P2,C,4.0,null_team_field,Darcy Longstaff,807629,,,<team_abbrev>,NULL,Player has null/empty team field - breaks team-based filters
P2,C,4.0,null_team_field,Jeremy Martinez,807578,,,<team_abbrev>,NULL,Player has null/empty team field - breaks team-based filters
P2,C,4.0,null_team_field,Greudis De Los Santos,808107,,,<team_abbrev>,NULL,Player has null/empty team field - breaks team-based filters
P2,C,4.0,null_team_field,Yannelbinson Lugo,807401,,,<team_abbrev>,NULL,Player has null/empty team field - breaks team-based filters
P2,C,4.0,null_team_field,Gabriel Torres,800512,,,<team_abbrev>,NULL,Player has null/empty team field - breaks team-based filters
P2,C,4.0,null_team_field,Jhon Nunez,806699,,,<team_abbrev>,NULL,Player has null/empty team field - breaks team-based filters
P2,C,4.0,null_team_field,Jeicol Surumay,807984,,,<team_abbrev>,NULL,Player has null/empty team field - breaks team-based filters
P2,C,4.0,null_team_field,Cesar Ayala,692480,,,<team_abbrev>,NULL,Player has null/empty team field - breaks team-based filters
P2,C,4.0,null_team_field,Maximo Martinez,699059,,,<team_abbrev>,NULL,Player has null/empty team field - breaks team-based filters
P2,C,4.0,null_team_field,Juan Archbold,808664,,,<team_abbrev>,NULL,Player has null/empty team field - breaks team-based filters
P2,C,4.0,null_team_field,Amauri Otero,802017,,,<team_abbrev>,NULL,Player has null/empty team field - breaks team-based filters
P2,C,4.0,null_team_field,Jesus Mejia,827767,,,<team_abbrev>,NULL,Player has null/empty team field - breaks team-based filters
P2,C,4.0,null_team_field,Jose De La Rosa,821825,,,<team_abbrev>,NULL,Player has null/empty team field - breaks team-based filters
P2,C,4.0,null_team_field,Stijn Van Der Schaaf,806780,,,<team_abbrev>,NULL,Player has null/empty team field - breaks team-based filters
P2,C,4.0,null_team_field,Joshawn Lampson,808068,,,<team_abbrev>,NULL,Player has null/empty team field - breaks team-based filters
P2,C,4.0,null_team_field,Emannoel Madeira,806892,,,<team_abbrev>,NULL,Player has null/empty team field - breaks team-based filters
P2,C,4.0,null_team_field,Jeison Sanchez,805985,,,<team_abbrev>,NULL,Player has null/empty team field - breaks team-based filters
P2,C,4.0,null_team_field,Wilson Betemit Jr.,699326,,,<team_abbrev>,NULL,Player has null/empty team field - breaks team-based filters
P2,C,4.0,null_team_field,Yohandry Gonzalez,821190,,,<team_abbrev>,NULL,Player has null/empty team field - breaks team-based filters
P2,C,4.0,null_team_field,Dariel Morillo,823871,,,<team_abbrev>,NULL,Player has null/empty team field - breaks team-based filters
P2,C,4.0,null_team_field,Baldemix Cabrera,808002,,,<team_abbrev>,NULL,Player has null/empty team field - breaks team-based filters
P2,C,4.0,null_team_field,Langston Burkett,814120,,,<team_abbrev>,NULL,Player has null/empty team field - breaks team-based filters
P2,C,4.0,null_team_field,Rudit Pina,808531,,,<team_abbrev>,NULL,Player has null/empty team field - breaks team-based filters
P2,C,4.0,null_team_field,Leonardo Rondon,821678,,,<team_abbrev>,NULL,Player has null/empty team field - breaks team-based filters
P2,C,4.0,null_team_field,Freilyn Silverio,800350,,,<team_abbrev>,NULL,Player has null/empty team field - breaks team-based filters
P2,C,4.0,null_team_field,Anferni Gonzalez,821051,,,<team_abbrev>,NULL,Player has null/empty team field - breaks team-based filters
P2,C,4.0,null_team_field,Yeferson Gonzalez,823885,,,<team_abbrev>,NULL,Player has null/empty team field - breaks team-based filters
P2,C,4.0,null_team_field,Juan Medina,821265,,,<team_abbrev>,NULL,Player has null/empty team field - breaks team-based filters
P2,C,4.0,null_team_field,Luis Velasquez,829798,,,<team_abbrev>,NULL,Player has null/empty team field - breaks team-based filters
P2,C,4.0,null_team_field,Humberto Castellanos,528748,,,<team_abbrev>,NULL,Player has null/empty team field - breaks team-based filters
P2,C,4.0,null_team_field,Wilking Rodríguez,516853,,,<team_abbrev>,NULL,Player has null/empty team field - breaks team-based filters
P2,C,4.0,null_team_field,Jarlín García,606424,,,<team_abbrev>,NULL,Player has null/empty team field - breaks team-based filters
P2,C,4.0,null_team_field,Alex Faedo,656412,,,<team_abbrev>,NULL,Player has null/empty team field - breaks team-based filters
P2,C,4.0,null_team_field,Francisco Pérez,660906,,,<team_abbrev>,NULL,Player has null/empty team field - breaks team-based filters
P2,C,4.0,null_team_field,Jesse Biddle,592145,,,<team_abbrev>,NULL,Player has null/empty team field - breaks team-based filters
P2,C,4.0,null_team_field,Mauricio Llovera,661440,,,<team_abbrev>,NULL,Player has null/empty team field - breaks team-based filters
P2,C,4.0,null_team_field,Craig Stammen,489334,,,<team_abbrev>,NULL,Player has null/empty team field - breaks team-based filters
P2,C,4.0,null_team_field,Riley Pint,666207,,,<team_abbrev>,NULL,Player has null/empty team field - breaks team-based filters
P2,C,4.0,null_team_field,Roenis Elías,606273,,,<team_abbrev>,NULL,Player has null/empty team field - breaks team-based filters
P2,C,4.0,null_team_field,Luke Bard,572703,,,<team_abbrev>,NULL,Player has null/empty team field - breaks team-based filters
P2,C,4.0,null_team_field,Ben Leeper,663510,,,<team_abbrev>,NULL,Player has null/empty team field - breaks team-based filters
P2,C,4.0,null_team_field,Cam Vieaux,664944,,,<team_abbrev>,NULL,Player has null/empty team field - breaks team-based filters
P2,C,4.0,null_team_field,Ryan Hendrix,641682,,,<team_abbrev>,NULL,Player has null/empty team field - breaks team-based filters
P2,C,4.0,null_team_field,Richard Bleier,542947,,,<team_abbrev>,NULL,Player has null/empty team field - breaks team-based filters
P2,C,4.0,null_team_field,Dinelson Lamet,659275,,,<team_abbrev>,NULL,Player has null/empty team field - breaks team-based filters
P2,C,4.0,null_team_field,Dillon Peters,596071,,,<team_abbrev>,NULL,Player has null/empty team field - breaks team-based filters
P2,C,4.0,null_team_field,Luis Frías,666818,,,<team_abbrev>,NULL,Player has null/empty team field - breaks team-based filters
P2,C,4.0,null_team_field,Michael Giacone,687870,,,<team_abbrev>,NULL,Player has null/empty team field - breaks team-based filters
P2,C,4.0,null_team_field,Phillips Valdez,570488,,,<team_abbrev>,NULL,Player has null/empty team field - breaks team-based filters
P2,C,4.0,null_team_field,Jaime Barria,642545,,,<team_abbrev>,NULL,Player has null/empty team field - breaks team-based filters
P2,C,4.0,null_team_field,Shintaro Fujinami,660261,,,<team_abbrev>,NULL,Player has null/empty team field - breaks team-based filters
P2,C,4.0,null_team_field,Zac Houston,667677,,,<team_abbrev>,NULL,Player has null/empty team field - breaks team-based filters
P2,C,4.0,null_team_field,Jake Sommers,667563,,,<team_abbrev>,NULL,Player has null/empty team field - breaks team-based filters
P2,C,4.0,null_team_field,Paul Fry,643316,,,<team_abbrev>,NULL,Player has null/empty team field - breaks team-based filters
P2,C,4.0,null_team_field,Dominic Leone,608678,,,<team_abbrev>,NULL,Player has null/empty team field - breaks team-based filters
P2,C,4.0,null_team_field,Matt Andriese,542882,,,<team_abbrev>,NULL,Player has null/empty team field - breaks team-based filters
P2,C,4.0,null_team_field,Brian Moran,572383,,,<team_abbrev>,NULL,Player has null/empty team field - breaks team-based filters
P2,C,4.0,null_team_field,Avery Weems,686830,,,<team_abbrev>,NULL,Player has null/empty team field - breaks team-based filters
P2,C,4.0,null_team_field,T.J. McFarland,519008,,,<team_abbrev>,NULL,Player has null/empty team field - breaks team-based filters
P2,C,4.0,null_team_field,Rubby De La Rosa,523989,,,<team_abbrev>,NULL,Player has null/empty team field - breaks team-based filters
P2,C,4.0,null_team_field,Cory Abbott,676265,,,<team_abbrev>,NULL,Player has null/empty team field - breaks team-based filters
P2,C,4.0,null_team_field,Tyler Chatwood,543022,,,<team_abbrev>,NULL,Player has null/empty team field - breaks team-based filters
P2,C,4.0,null_team_field,Simon Miller,815043,,,<team_abbrev>,NULL,Player has null/empty team field - breaks team-based filters
P2,C,4.0,null_team_field,Brad Hand,543272,,,<team_abbrev>,NULL,Player has null/empty team field - breaks team-based filters
P2,C,4.0,null_team_field,Kendall Graveman,608665,,,<team_abbrev>,NULL,Player has null/empty team field - breaks team-based filters
P2,C,4.0,null_team_field,Raymond Burgos,670103,,,<team_abbrev>,NULL,Player has null/empty team field - breaks team-based filters
P2,C,4.0,null_team_field,Miguel Castro,612434,,,<team_abbrev>,NULL,Player has null/empty team field - breaks team-based filters
P2,C,4.0,null_team_field,Cionel Pérez,672335,,,<team_abbrev>,NULL,Player has null/empty team field - breaks team-based filters
P2,C,4.0,null_team_field,Collin McHugh,543521,,,<team_abbrev>,NULL,Player has null/empty team field - breaks team-based filters
P2,C,4.0,null_team_field,Zach Thompson,605507,,,<team_abbrev>,NULL,Player has null/empty team field - breaks team-based filters
P2,C,4.0,null_team_field,Sean Doolittle,448281,,,<team_abbrev>,NULL,Player has null/empty team field - breaks team-based filters
P2,C,4.0,null_team_field,Miguel Díaz,622766,,,<team_abbrev>,NULL,Player has null/empty team field - breaks team-based filters
P2,C,4.0,null_team_field,Clayton Andrews,677076,,,<team_abbrev>,NULL,Player has null/empty team field - breaks team-based filters
P2,C,4.0,null_team_field,Jesús Liranzo,622338,,,<team_abbrev>,NULL,Player has null/empty team field - breaks team-based filters
P2,C,4.0,null_team_field,Hansel Robles,570663,,,<team_abbrev>,NULL,Player has null/empty team field - breaks team-based filters
P2,C,4.0,null_team_field,Tyler McKay,681473,,,<team_abbrev>,NULL,Player has null/empty team field - breaks team-based filters
P2,C,4.0,null_team_field,Brooks Wilson,676570,,,<team_abbrev>,NULL,Player has null/empty team field - breaks team-based filters
P2,C,4.0,null_team_field,Justin Anderson,605121,,,<team_abbrev>,NULL,Player has null/empty team field - breaks team-based filters
P2,C,4.0,null_team_field,Jake Jewell,657228,,,<team_abbrev>,NULL,Player has null/empty team field - breaks team-based filters
P2,C,4.0,null_team_field,Jose E. Hernandez,669796,,,<team_abbrev>,NULL,Player has null/empty team field - breaks team-based filters
P2,C,4.0,null_team_field,Domingo Germán,593334,,,<team_abbrev>,NULL,Player has null/empty team field - breaks team-based filters
P2,C,4.0,null_team_field,Brad Wieck,623364,,,<team_abbrev>,NULL,Player has null/empty team field - breaks team-based filters
P2,C,4.0,null_team_field,Trevor Brigden,688953,,,<team_abbrev>,NULL,Player has null/empty team field - breaks team-based filters
P2,C,4.0,null_team_field,Andrew McInvale,687534,,,<team_abbrev>,NULL,Player has null/empty team field - breaks team-based filters
P2,C,4.0,null_team_field,Jonathan Holder,656547,,,<team_abbrev>,NULL,Player has null/empty team field - breaks team-based filters
P2,C,4.0,null_team_field,Chasen Shreve,592741,,,<team_abbrev>,NULL,Player has null/empty team field - breaks team-based filters
P2,C,4.0,null_team_field,Conner Greene,641632,,,<team_abbrev>,NULL,Player has null/empty team field - breaks team-based filters
P2,C,4.0,null_team_field,Robbie Erlin,572362,,,<team_abbrev>,NULL,Player has null/empty team field - breaks team-based filters
P2,C,4.0,null_team_field,Royber Salinas,683690,,,<team_abbrev>,NULL,Player has null/empty team field - breaks team-based filters
P2,C,4.0,null_team_field,Chad Smith,663385,,,<team_abbrev>,NULL,Player has null/empty team field - breaks team-based filters
P2,C,4.0,null_team_field,Kyle Jones,675781,,,<team_abbrev>,NULL,Player has null/empty team field - breaks team-based filters
P2,C,4.0,null_team_field,Jackson Rose,679647,,,<team_abbrev>,NULL,Player has null/empty team field - breaks team-based filters
P2,C,4.0,null_team_field,Bryan Rodriguez,594029,,,<team_abbrev>,NULL,Player has null/empty team field - breaks team-based filters
P2,C,4.0,null_team_field,Angel Felipe,665734,,,<team_abbrev>,NULL,Player has null/empty team field - breaks team-based filters
P2,C,4.0,null_team_field,Jose Alvarez,501625,,,<team_abbrev>,NULL,Player has null/empty team field - breaks team-based filters
P2,C,4.0,null_team_field,Austin Pope,687166,,,<team_abbrev>,NULL,Player has null/empty team field - breaks team-based filters
P2,C,4.0,null_team_field,Alan Busenitz,641427,,,<team_abbrev>,NULL,Player has null/empty team field - breaks team-based filters
P2,C,4.0,null_team_field,Darien Núñez,628345,,,<team_abbrev>,NULL,Player has null/empty team field - breaks team-based filters
P2,C,4.0,null_team_field,Sam Coonrod,656322,,,<team_abbrev>,NULL,Player has null/empty team field - breaks team-based filters
P2,C,4.0,null_team_field,Tommy Doyle,656382,,,<team_abbrev>,NULL,Player has null/empty team field - breaks team-based filters
P2,C,4.0,null_team_field,Ethan Small,663629,,,<team_abbrev>,NULL,Player has null/empty team field - breaks team-based filters
P2,C,4.0,null_team_field,Tyler Matzek,554431,,,<team_abbrev>,NULL,Player has null/empty team field - breaks team-based filters
P2,C,4.0,null_team_field,Matt Peacock,676840,,,<team_abbrev>,NULL,Player has null/empty team field - breaks team-based filters
P2,C,4.0,null_team_field,Andrew Suárez,605498,,,<team_abbrev>,NULL,Player has null/empty team field - breaks team-based filters
P2,C,4.0,null_team_field,Vinny Nittoli,657697,,,<team_abbrev>,NULL,Player has null/empty team field - breaks team-based filters
P2,C,4.0,null_team_field,Leon Hunter Jr.,688456,,,<team_abbrev>,NULL,Player has null/empty team field - breaks team-based filters
P2,C,4.0,null_team_field,Matt Moore,519043,,,<team_abbrev>,NULL,Player has null/empty team field - breaks team-based filters
P2,C,4.0,null_team_field,McKinley Moore,686842,,,<team_abbrev>,NULL,Player has null/empty team field - breaks team-based filters
P2,C,4.0,null_team_field,Dakota Chalmers,663793,,,<team_abbrev>,NULL,Player has null/empty team field - breaks team-based filters
P2,C,4.0,null_team_field,Fraser Ellard,686642,,,<team_abbrev>,NULL,Player has null/empty team field - breaks team-based filters
P2,C,4.0,null_team_field,Jakob Hernandez,674342,,,<team_abbrev>,NULL,Player has null/empty team field - breaks team-based filters
P2,C,4.0,null_team_field,Anthony Castro,621593,,,<team_abbrev>,NULL,Player has null/empty team field - breaks team-based filters
P2,C,4.0,null_team_field,Yoan López,661255,,,<team_abbrev>,NULL,Player has null/empty team field - breaks team-based filters
P2,C,4.0,null_team_field,Justin Courtney,688896,,,<team_abbrev>,NULL,Player has null/empty team field - breaks team-based filters
P2,C,4.0,null_team_field,Kyle Crick,605195,,,<team_abbrev>,NULL,Player has null/empty team field - breaks team-based filters
P2,C,4.0,null_team_field,Raffi Vizcaíno,642563,,,<team_abbrev>,NULL,Player has null/empty team field - breaks team-based filters
P2,C,4.0,null_team_field,Conner Menez,669214,,,<team_abbrev>,NULL,Player has null/empty team field - breaks team-based filters
P2,C,4.0,null_team_field,Bubby Rossman,657745,,,<team_abbrev>,NULL,Player has null/empty team field - breaks team-based filters
P2,C,4.0,null_team_field,Brandon Komar,688162,,,<team_abbrev>,NULL,Player has null/empty team field - breaks team-based filters
P2,C,4.0,null_team_field,Trevor Clifton,641461,,,<team_abbrev>,NULL,Player has null/empty team field - breaks team-based filters
P2,C,4.0,null_team_field,Robert Corniel,642522,,,<team_abbrev>,NULL,Player has null/empty team field - breaks team-based filters
P2,C,4.0,null_team_field,J.B. Wendelken,605525,,,<team_abbrev>,NULL,Player has null/empty team field - breaks team-based filters
P2,C,4.0,null_team_field,Luis Ledo,644396,,,<team_abbrev>,NULL,Player has null/empty team field - breaks team-based filters
P2,C,4.0,null_team_field,Sean Nolin,543594,,,<team_abbrev>,NULL,Player has null/empty team field - breaks team-based filters
P2,C,4.0,null_team_field,Giovanny Gallegos,606149,,,<team_abbrev>,NULL,Player has null/empty team field - breaks team-based filters
P2,C,4.0,null_team_field,Sam McWilliams,656726,,,<team_abbrev>,NULL,Player has null/empty team field - breaks team-based filters
P2,C,4.0,null_team_field,Brian Howard,641709,,,<team_abbrev>,NULL,Player has null/empty team field - breaks team-based filters
P2,C,4.0,null_team_field,Johan Quezada,629498,,,<team_abbrev>,NULL,Player has null/empty team field - breaks team-based filters
P2,C,4.0,null_team_field,Skylar Arias,670404,,,<team_abbrev>,NULL,Player has null/empty team field - breaks team-based filters
P2,C,4.0,null_team_field,A.J. Block,670191,,,<team_abbrev>,NULL,Player has null/empty team field - breaks team-based filters
P2,C,4.0,null_team_field,Yanlun Zhang,802949,,,<team_abbrev>,NULL,Player has null/empty team field - breaks team-based filters
P2,C,4.0,null_team_field,Gabriel Yanez,673394,,,<team_abbrev>,NULL,Player has null/empty team field - breaks team-based filters
P2,C,4.0,null_team_field,Connor Lunn,674086,,,<team_abbrev>,NULL,Player has null/empty team field - breaks team-based filters
P2,C,4.0,null_team_field,Tim Naughton,676987,,,<team_abbrev>,NULL,Player has null/empty team field - breaks team-based filters
P2,C,4.0,null_team_field,Ryan Anderson,669243,,,<team_abbrev>,NULL,Player has null/empty team field - breaks team-based filters
P2,C,4.0,null_team_field,Wil Jensen,669192,,,<team_abbrev>,NULL,Player has null/empty team field - breaks team-based filters
P2,C,4.0,null_team_field,Peter Solomon,656981,,,<team_abbrev>,NULL,Player has null/empty team field - breaks team-based filters
P2,C,4.0,null_team_field,Melvin Adón,661536,,,<team_abbrev>,NULL,Player has null/empty team field - breaks team-based filters
P2,C,4.0,null_team_field,Nick Nelson,656793,,,<team_abbrev>,NULL,Player has null/empty team field - breaks team-based filters
P2,C,4.0,null_team_field,Chris Stratton,608717,,,<team_abbrev>,NULL,Player has null/empty team field - breaks team-based filters
P2,C,4.0,null_team_field,Noe Toribio,672848,,,<team_abbrev>,NULL,Player has null/empty team field - breaks team-based filters
P2,C,4.0,null_team_field,Sam Gardner,814217,,,<team_abbrev>,NULL,Player has null/empty team field - breaks team-based filters
P2,C,4.0,null_team_field,Domingo Tapia,593619,,,<team_abbrev>,NULL,Player has null/empty team field - breaks team-based filters
P2,C,4.0,null_team_field,Tommy Hunter,488984,,,<team_abbrev>,NULL,Player has null/empty team field - breaks team-based filters
P2,C,4.0,null_team_field,Alejandro Mateo,670376,,,<team_abbrev>,NULL,Player has null/empty team field - breaks team-based filters
P2,C,4.0,null_team_field,Kirk McCarty,668948,,,<team_abbrev>,NULL,Player has null/empty team field - breaks team-based filters
P2,C,4.0,null_team_field,Luis Romero,673603,,,<team_abbrev>,NULL,Player has null/empty team field - breaks team-based filters
P2,C,4.0,null_team_field,Kyle Cody,621129,,,<team_abbrev>,NULL,Player has null/empty team field - breaks team-based filters
P2,C,4.0,null_team_field,Nick Kennedy,663943,,,<team_abbrev>,NULL,Player has null/empty team field - breaks team-based filters
P2,C,4.0,null_team_field,Nick Avila,687014,,,<team_abbrev>,NULL,Player has null/empty team field - breaks team-based filters
P2,C,4.0,null_team_field,Luis Perdomo,606131,,,<team_abbrev>,NULL,Player has null/empty team field - breaks team-based filters
P2,C,4.0,null_team_field,José Ureña,570632,,,<team_abbrev>,NULL,Player has null/empty team field - breaks team-based filters
P2,C,4.0,null_team_field,Blair Calvo,663971,,,<team_abbrev>,NULL,Player has null/empty team field - breaks team-based filters
P2,C,4.0,null_team_field,Juan Minaya,573668,,,<team_abbrev>,NULL,Player has null/empty team field - breaks team-based filters
P2,C,4.0,null_team_field,Noah Denoyer,690374,,,<team_abbrev>,NULL,Player has null/empty team field - breaks team-based filters
P2,C,4.0,null_team_field,Cristian Hernandez,678707,,,<team_abbrev>,NULL,Player has null/empty team field - breaks team-based filters
P2,C,4.0,null_team_field,Cole McDonald,680423,,,<team_abbrev>,NULL,Player has null/empty team field - breaks team-based filters
P2,C,4.0,null_team_field,Touki Toussaint,657053,,,<team_abbrev>,NULL,Player has null/empty team field - breaks team-based filters
P2,C,4.0,null_team_field,Ryan Harbin,689877,,,<team_abbrev>,NULL,Player has null/empty team field - breaks team-based filters
P2,C,4.0,null_team_field,César Vargas,570714,,,<team_abbrev>,NULL,Player has null/empty team field - breaks team-based filters
P2,C,4.0,null_team_field,Billy Lescher,676737,,,<team_abbrev>,NULL,Player has null/empty team field - breaks team-based filters
P2,C,4.0,null_team_field,Daniel Norris,596057,,,<team_abbrev>,NULL,Player has null/empty team field - breaks team-based filters
P2,C,4.0,null_team_field,Reid Morgan,681539,,,<team_abbrev>,NULL,Player has null/empty team field - breaks team-based filters
P2,C,4.0,null_team_field,Jose Quezada,681835,,,<team_abbrev>,NULL,Player has null/empty team field - breaks team-based filters
P2,C,4.0,null_team_field,Trevor Bettencourt,670422,,,<team_abbrev>,NULL,Player has null/empty team field - breaks team-based filters
P2,C,4.0,null_team_field,Cameron Cotter,694650,,,<team_abbrev>,NULL,Player has null/empty team field - breaks team-based filters
P2,C,4.0,null_team_field,Jordi Martinez,679025,,,<team_abbrev>,NULL,Player has null/empty team field - breaks team-based filters
P2,C,4.0,null_team_field,Brett Schulze,679630,,,<team_abbrev>,NULL,Player has null/empty team field - breaks team-based filters
P2,C,4.0,null_team_field,Francisco Morales,672839,,,<team_abbrev>,NULL,Player has null/empty team field - breaks team-based filters
P2,C,4.0,null_team_field,Archie Bradley,605151,,,<team_abbrev>,NULL,Player has null/empty team field - breaks team-based filters
P2,C,4.0,null_team_field,Corey Knebel,608349,,,<team_abbrev>,NULL,Player has null/empty team field - breaks team-based filters
P2,C,4.0,null_team_field,Blake Workman,682002,,,<team_abbrev>,NULL,Player has null/empty team field - breaks team-based filters
P2,C,4.0,null_team_field,Miguel Sánchez,667376,,,<team_abbrev>,NULL,Player has null/empty team field - breaks team-based filters
P2,C,4.0,null_team_field,Alex Speas,666208,,,<team_abbrev>,NULL,Player has null/empty team field - breaks team-based filters
P2,C,4.0,null_team_field,Bear Bellomy,680804,,,<team_abbrev>,NULL,Player has null/empty team field - breaks team-based filters
P2,C,4.0,null_team_field,Antonio Santos,665733,,,<team_abbrev>,NULL,Player has null/empty team field - breaks team-based filters
P2,C,4.0,null_team_field,Yefri Del Rosario,672529,,,<team_abbrev>,NULL,Player has null/empty team field - breaks team-based filters
P2,C,4.0,null_team_field,Ricardo Pinto,620982,,,<team_abbrev>,NULL,Player has null/empty team field - breaks team-based filters
P2,C,4.0,null_team_field,Ryan Weber,543901,,,<team_abbrev>,NULL,Player has null/empty team field - breaks team-based filters
P2,C,4.0,null_team_field,Ryan Sherriff,595411,,,<team_abbrev>,NULL,Player has null/empty team field - breaks team-based filters
P2,C,4.0,null_team_field,Adrián Martinez,661309,,,<team_abbrev>,NULL,Player has null/empty team field - breaks team-based filters
P2,C,4.0,null_team_field,Chris Muller,676726,,,<team_abbrev>,NULL,Player has null/empty team field - breaks team-based filters
P2,C,4.0,null_team_field,Jack Cushing,681007,,,<team_abbrev>,NULL,Player has null/empty team field - breaks team-based filters
P2,C,4.0,null_team_field,Andrew Cabezas,663716,,,<team_abbrev>,NULL,Player has null/empty team field - breaks team-based filters
P2,C,4.0,null_team_field,Phil Bickford,641360,,,<team_abbrev>,NULL,Player has null/empty team field - breaks team-based filters
P2,C,4.0,null_team_field,Logan Sawyer,657752,,,<team_abbrev>,NULL,Player has null/empty team field - breaks team-based filters
P2,C,4.0,null_team_field,Denny Bentley,681025,,,<team_abbrev>,NULL,Player has null/empty team field - breaks team-based filters
P2,C,4.0,null_team_field,Garrett Davila,663657,,,<team_abbrev>,NULL,Player has null/empty team field - breaks team-based filters
P2,C,4.0,null_team_field,Keylan Killgore,681154,,,<team_abbrev>,NULL,Player has null/empty team field - breaks team-based filters
P2,C,4.0,null_team_field,Edgar Navarro,679346,,,<team_abbrev>,NULL,Player has null/empty team field - breaks team-based filters
P2,C,4.0,null_team_field,Nick Howard,656561,,,<team_abbrev>,NULL,Player has null/empty team field - breaks team-based filters
P2,C,4.0,null_team_field,Matt Cronin,669091,,,<team_abbrev>,NULL,Player has null/empty team field - breaks team-based filters
P2,C,4.0,null_team_field,Edwar Colina,666674,,,<team_abbrev>,NULL,Player has null/empty team field - breaks team-based filters
P2,C,4.0,null_team_field,Jake Higginbotham,663977,,,<team_abbrev>,NULL,Player has null/empty team field - breaks team-based filters
P2,C,4.0,null_team_field,Darrell Thompson,703710,,,<team_abbrev>,NULL,Player has null/empty team field - breaks team-based filters
P2,C,4.0,null_team_field,Hansel Marcelino,691322,,,<team_abbrev>,NULL,Player has null/empty team field - breaks team-based filters
P2,C,4.0,null_team_field,William Woods,682016,,,<team_abbrev>,NULL,Player has null/empty team field - breaks team-based filters
P2,C,4.0,null_team_field,Chris Flexen,623167,,,<team_abbrev>,NULL,Player has null/empty team field - breaks team-based filters
P2,C,4.0,null_team_field,Jake McSteen,701151,,,<team_abbrev>,NULL,Player has null/empty team field - breaks team-based filters
P2,C,4.0,null_team_field,Josh Dye,682023,,,<team_abbrev>,NULL,Player has null/empty team field - breaks team-based filters
P2,C,4.0,null_team_field,Josh Green,681401,,,<team_abbrev>,NULL,Player has null/empty team field - breaks team-based filters
P2,C,4.0,null_team_field,Anthony Vizcaya,622415,,,<team_abbrev>,NULL,Player has null/empty team field - breaks team-based filters
P2,C,4.0,null_team_field,Anthony Veneziano,685107,,,<team_abbrev>,NULL,Player has null/empty team field - breaks team-based filters
P2,C,4.0,null_team_field,Joel Valdez,683638,,,<team_abbrev>,NULL,Player has null/empty team field - breaks team-based filters
P2,C,4.0,null_team_field,Brendan Nail,678041,,,<team_abbrev>,NULL,Player has null/empty team field - breaks team-based filters
P2,C,4.0,null_team_field,Eric Stout,657770,,,<team_abbrev>,NULL,Player has null/empty team field - breaks team-based filters
P2,C,4.0,null_team_field,Joey Marciano,664006,,,<team_abbrev>,NULL,Player has null/empty team field - breaks team-based filters
P2,C,4.0,null_team_field,Tyler Thomas,668869,,,<team_abbrev>,NULL,Player has null/empty team field - breaks team-based filters
P2,C,4.0,null_team_field,Austin Krob,689474,,,<team_abbrev>,NULL,Player has null/empty team field - breaks team-based filters
P2,C,4.0,null_team_field,Shane McCarthy,676511,,,<team_abbrev>,NULL,Player has null/empty team field - breaks team-based filters
P2,C,4.0,null_team_field,Luis Amaya,661156,,,<team_abbrev>,NULL,Player has null/empty team field - breaks team-based filters
P2,C,4.0,null_team_field,Ryan Tepera,572193,,,<team_abbrev>,NULL,Player has null/empty team field - breaks team-based filters
P2,C,4.0,null_team_field,Patrick Ruotolo,669018,,,<team_abbrev>,NULL,Player has null/empty team field - breaks team-based filters
P2,C,4.0,null_team_field,Beau Sulser,676641,,,<team_abbrev>,NULL,Player has null/empty team field - breaks team-based filters
P2,C,4.0,null_team_field,Jack O'Loughlin,672552,,,<team_abbrev>,NULL,Player has null/empty team field - breaks team-based filters
P2,C,4.0,null_team_field,Erasmo Ramírez,541640,,,<team_abbrev>,NULL,Player has null/empty team field - breaks team-based filters
P2,C,4.0,null_team_field,Haylen Green,669662,,,<team_abbrev>,NULL,Player has null/empty team field - breaks team-based filters
P2,C,4.0,null_team_field,Zach Vennaro,691109,,,<team_abbrev>,NULL,Player has null/empty team field - breaks team-based filters
P2,C,4.0,null_team_field,Chase Wallace,675991,,,<team_abbrev>,NULL,Player has null/empty team field - breaks team-based filters
P2,C,4.0,null_team_field,Jake Reindl,667429,,,<team_abbrev>,NULL,Player has null/empty team field - breaks team-based filters
P2,C,4.0,null_team_field,Matt Ruppenthal,656919,,,<team_abbrev>,NULL,Player has null/empty team field - breaks team-based filters
P2,C,4.0,null_team_field,Zack Weiss,592848,,,<team_abbrev>,NULL,Player has null/empty team field - breaks team-based filters
P2,C,4.0,null_team_field,A.J. Puckett,643494,,,<team_abbrev>,NULL,Player has null/empty team field - breaks team-based filters
P2,C,4.0,null_team_field,Carson Ragsdale,685068,,,<team_abbrev>,NULL,Player has null/empty team field - breaks team-based filters
P2,C,4.0,null_team_field,Eric Hanhold,621098,,,<team_abbrev>,NULL,Player has null/empty team field - breaks team-based filters
P2,C,4.0,null_team_field,Jason Blanchard,687836,,,<team_abbrev>,NULL,Player has null/empty team field - breaks team-based filters
P2,C,4.0,null_team_field,Alex Colomé,517008,,,<team_abbrev>,NULL,Player has null/empty team field - breaks team-based filters
P2,C,4.0,null_team_field,Christian Montes De Oca,801216,,,<team_abbrev>,NULL,Player has null/empty team field - breaks team-based filters
P2,C,4.0,null_team_field,Nick Gallagher,676711,,,<team_abbrev>,NULL,Player has null/empty team field - breaks team-based filters
P2,C,4.0,null_team_field,Rylan Kaufman,676932,,,<team_abbrev>,NULL,Player has null/empty team field - breaks team-based filters
P2,C,4.0,null_team_field,Marcel Rentería,676344,,,<team_abbrev>,NULL,Player has null/empty team field - breaks team-based filters
P2,C,4.0,null_team_field,Jose Adames,600853,,,<team_abbrev>,NULL,Player has null/empty team field - breaks team-based filters
P2,C,4.0,null_team_field,Tyler Duffey,608648,,,<team_abbrev>,NULL,Player has null/empty team field - breaks team-based filters
P2,C,4.0,null_team_field,Carlo Reyes,683689,,,<team_abbrev>,NULL,Player has null/empty team field - breaks team-based filters
P2,C,4.0,null_team_field,Hunter McMahon,684937,,,<team_abbrev>,NULL,Player has null/empty team field - breaks team-based filters
P2,C,4.0,null_team_field,Jake Lemoine,621082,,,<team_abbrev>,NULL,Player has null/empty team field - breaks team-based filters
P2,C,4.0,null_team_field,José Mujica,620445,,,<team_abbrev>,NULL,Player has null/empty team field - breaks team-based filters
P2,C,4.0,null_team_field,Adam Kolarek,592473,,,<team_abbrev>,NULL,Player has null/empty team field - breaks team-based filters
P2,C,4.0,null_team_field,Austin Davis,656354,,,<team_abbrev>,NULL,Player has null/empty team field - breaks team-based filters
P2,C,4.0,null_team_field,Ben Holmes,592411,,,<team_abbrev>,NULL,Player has null/empty team field - breaks team-based filters
P2,C,4.0,null_team_field,Aaron Perry,676215,,,<team_abbrev>,NULL,Player has null/empty team field - breaks team-based filters
P2,C,4.0,null_team_field,Joe Harvey,642840,,,<team_abbrev>,NULL,Player has null/empty team field - breaks team-based filters
P2,C,4.0,null_team_field,Lane Ramsey,682010,,,<team_abbrev>,NULL,Player has null/empty team field - breaks team-based filters
P2,C,4.0,null_team_field,Mitchell Kilkenny,669435,,,<team_abbrev>,NULL,Player has null/empty team field - breaks team-based filters
P2,C,4.0,null_team_field,Osiris German,672870,,,<team_abbrev>,NULL,Player has null/empty team field - breaks team-based filters
P2,C,4.0,null_team_field,Wil Crowe,640444,,,<team_abbrev>,NULL,Player has null/empty team field - breaks team-based filters
P2,C,4.0,null_team_field,Ryan Nutof,657246,,,<team_abbrev>,NULL,Player has null/empty team field - breaks team-based filters
P2,C,4.0,null_team_field,Anderson Paulino,678255,,,<team_abbrev>,NULL,Player has null/empty team field - breaks team-based filters
P2,C,4.0,null_team_field,Jonah Scolaro,680493,,,<team_abbrev>,NULL,Player has null/empty team field - breaks team-based filters
P2,C,4.0,null_team_field,Kyle Hill,663540,,,<team_abbrev>,NULL,Player has null/empty team field - breaks team-based filters
P2,C,4.0,null_team_field,Jake Walsh,673904,,,<team_abbrev>,NULL,Player has null/empty team field - breaks team-based filters
P2,C,4.0,null_team_field,Roy Garcia,672418,,,<team_abbrev>,NULL,Player has null/empty team field - breaks team-based filters
P2,C,4.0,null_team_field,Bailey Dees,676442,,,<team_abbrev>,NULL,Player has null/empty team field - breaks team-based filters
P2,C,4.0,null_team_field,Max Roberts,676611,,,<team_abbrev>,NULL,Player has null/empty team field - breaks team-based filters
P2,C,4.0,null_team_field,Collin Wiles,621079,,,<team_abbrev>,NULL,Player has null/empty team field - breaks team-based filters
P2,C,4.0,null_team_field,Jake Fishman,670288,,,<team_abbrev>,NULL,Player has null/empty team field - breaks team-based filters
P2,C,4.0,null_team_field,Ty Tice,676709,,,<team_abbrev>,NULL,Player has null/empty team field - breaks team-based filters
P2,C,4.0,null_team_field,David Phelps,475479,,,<team_abbrev>,NULL,Player has null/empty team field - breaks team-based filters
P2,C,4.0,null_team_field,Max Castillo,666721,,,<team_abbrev>,NULL,Player has null/empty team field - breaks team-based filters
P2,C,4.0,null_team_field,Hayden Deal,677421,,,<team_abbrev>,NULL,Player has null/empty team field - breaks team-based filters
P2,C,4.0,null_team_field,Anderson Munoz,674468,,,<team_abbrev>,NULL,Player has null/empty team field - breaks team-based filters
P2,C,4.0,null_team_field,Tim Cate,669420,,,<team_abbrev>,NULL,Player has null/empty team field - breaks team-based filters
P2,C,4.0,null_team_field,Jacob Bosiokovic,670109,,,<team_abbrev>,NULL,Player has null/empty team field - breaks team-based filters
P2,C,4.0,null_team_field,Moises Lugo,674381,,,<team_abbrev>,NULL,Player has null/empty team field - breaks team-based filters
P2,C,4.0,null_team_field,Gerardo Reyes,622103,,,<team_abbrev>,NULL,Player has null/empty team field - breaks team-based filters
P2,C,4.0,null_team_field,Angel De Jesus,669804,,,<team_abbrev>,NULL,Player has null/empty team field - breaks team-based filters
P2,C,4.0,null_team_field,Gabriel Ponce,676362,,,<team_abbrev>,NULL,Player has null/empty team field - breaks team-based filters
P2,C,4.0,null_team_field,Duane Underwood Jr.,621249,,,<team_abbrev>,NULL,Player has null/empty team field - breaks team-based filters
P2,C,4.0,null_team_field,Antonio Velez,669163,,,<team_abbrev>,NULL,Player has null/empty team field - breaks team-based filters
P2,C,4.0,null_team_field,Enmanuel Mejia,684871,,,<team_abbrev>,NULL,Player has null/empty team field - breaks team-based filters
P2,C,4.0,null_team_field,J.B. Olson,667722,,,<team_abbrev>,NULL,Player has null/empty team field - breaks team-based filters
P2,C,4.0,null_team_field,Francis Peguero,677868,,,<team_abbrev>,NULL,Player has null/empty team field - breaks team-based filters
P2,C,4.0,null_team_field,Dalton Moats,641889,,,<team_abbrev>,NULL,Player has null/empty team field - breaks team-based filters
P2,C,4.0,null_team_field,Norge Ruiz,650204,,,<team_abbrev>,NULL,Player has null/empty team field - breaks team-based filters
P2,C,4.0,null_team_field,Albert Abreu,656061,,,<team_abbrev>,NULL,Player has null/empty team field - breaks team-based filters
P2,C,4.0,null_team_field,Pedro Garcia,690345,,,<team_abbrev>,NULL,Player has null/empty team field - breaks team-based filters
P2,C,4.0,null_team_field,Brett Kennedy,664028,,,<team_abbrev>,NULL,Player has null/empty team field - breaks team-based filters
P2,C,4.0,null_team_field,Geronimo Franzua,601980,,,<team_abbrev>,NULL,Player has null/empty team field - breaks team-based filters
P2,C,4.0,null_team_field,Cruz Noriega,679200,,,<team_abbrev>,NULL,Player has null/empty team field - breaks team-based filters
P2,C,4.0,null_team_field,Jeff Belge,666122,,,<team_abbrev>,NULL,Player has null/empty team field - breaks team-based filters
P2,C,4.0,null_team_field,Nash Walters,663534,,,<team_abbrev>,NULL,Player has null/empty team field - breaks team-based filters
P2,C,4.0,null_team_field,Cody Stashak,664054,,,<team_abbrev>,NULL,Player has null/empty team field - breaks team-based filters
P2,C,4.0,null_team_field,Chris Villaman,682994,,,<team_abbrev>,NULL,Player has null/empty team field - breaks team-based filters
P2,C,4.0,null_team_field,Ryan Brady,676433,,,<team_abbrev>,NULL,Player has null/empty team field - breaks team-based filters
P2,C,4.0,null_team_field,Justin Wilson,679655,,,<team_abbrev>,NULL,Player has null/empty team field - breaks team-based filters
P2,C,4.0,null_team_field,Peyton Williams,686964,,,<team_abbrev>,NULL,Player has null/empty team field - breaks team-based filters
P2,C,4.0,null_team_field,Bernie Martinez,689852,,,<team_abbrev>,NULL,Player has null/empty team field - breaks team-based filters
P2,C,4.0,null_team_field,Robert Gsellman,607229,,,<team_abbrev>,NULL,Player has null/empty team field - breaks team-based filters
P2,C,4.0,null_team_field,Matt Minnick,687953,,,<team_abbrev>,NULL,Player has null/empty team field - breaks team-based filters
P2,C,4.0,null_team_field,Kyle McGowin,641851,,,<team_abbrev>,NULL,Player has null/empty team field - breaks team-based filters
P2,C,4.0,null_team_field,Trey Cobb,641464,,,<team_abbrev>,NULL,Player has null/empty team field - breaks team-based filters
P2,C,4.0,null_team_field,Nik Turley,543867,,,<team_abbrev>,NULL,Player has null/empty team field - breaks team-based filters
P2,C,4.0,null_team_field,Max Kuhns,670138,,,<team_abbrev>,NULL,Player has null/empty team field - breaks team-based filters
P2,C,4.0,null_team_field,Samuel Reyes,672795,,,<team_abbrev>,NULL,Player has null/empty team field - breaks team-based filters
P2,C,4.0,null_team_field,Roberto Osuna,532077,,,<team_abbrev>,NULL,Player has null/empty team field - breaks team-based filters
P2,C,4.0,null_team_field,Jeong-Hyeon Yoon,650376,,,<team_abbrev>,NULL,Player has null/empty team field - breaks team-based filters
P2,C,4.0,null_team_field,Roel Ramírez,641995,,,<team_abbrev>,NULL,Player has null/empty team field - breaks team-based filters
P2,C,4.0,null_team_field,Ryan Hennen,802402,,,<team_abbrev>,NULL,Player has null/empty team field - breaks team-based filters
P2,C,4.0,null_team_field,Jesus Cruz,672911,,,<team_abbrev>,NULL,Player has null/empty team field - breaks team-based filters
P2,C,4.0,null_team_field,Angel Perdomo,622780,,,<team_abbrev>,NULL,Player has null/empty team field - breaks team-based filters
P2,C,4.0,null_team_field,Nelson L. Alvarez,670389,,,<team_abbrev>,NULL,Player has null/empty team field - breaks team-based filters
P2,C,4.0,null_team_field,Jordan Marks,671960,,,<team_abbrev>,NULL,Player has null/empty team field - breaks team-based filters
P2,C,4.0,null_team_field,Michael Bienlien,669624,,,<team_abbrev>,NULL,Player has null/empty team field - breaks team-based filters
P2,C,4.0,null_team_field,Listher Sosa,683538,,,<team_abbrev>,NULL,Player has null/empty team field - breaks team-based filters
P2,C,4.0,null_team_field,Yoelvin Silven,681185,,,<team_abbrev>,NULL,Player has null/empty team field - breaks team-based filters
P2,C,4.0,null_team_field,Kolton Ingram,688427,,,<team_abbrev>,NULL,Player has null/empty team field - breaks team-based filters
P2,C,4.0,null_team_field,Rodolfo Martinez,650869,,,<team_abbrev>,NULL,Player has null/empty team field - breaks team-based filters
P2,C,4.0,null_team_field,Josimar Cousin,814300,,,<team_abbrev>,NULL,Player has null/empty team field - breaks team-based filters
P2,C,4.0,null_team_field,Andrew Politi,681555,,,<team_abbrev>,NULL,Player has null/empty team field - breaks team-based filters
P2,C,4.0,null_team_field,Jace Vines,669114,,,<team_abbrev>,NULL,Player has null/empty team field - breaks team-based filters
P2,C,4.0,null_team_field,Sean Poppen,664092,,,<team_abbrev>,NULL,Player has null/empty team field - breaks team-based filters
P2,C,4.0,null_team_field,Zac Kristofak,670219,,,<team_abbrev>,NULL,Player has null/empty team field - breaks team-based filters
P2,C,4.0,null_team_field,Félix Peña,570240,,,<team_abbrev>,NULL,Player has null/empty team field - breaks team-based filters
P2,C,4.0,null_team_field,Aaron McGarity,641849,,,<team_abbrev>,NULL,Player has null/empty team field - breaks team-based filters
P2,C,4.0,null_team_field,Justin Grimm,518748,,,<team_abbrev>,NULL,Player has null/empty team field - breaks team-based filters
P2,C,4.0,null_team_field,Eddy Demurias,681493,,,<team_abbrev>,NULL,Player has null/empty team field - breaks team-based filters
P2,C,4.0,null_team_field,Diego Castillo,650895,,,<team_abbrev>,NULL,Player has null/empty team field - breaks team-based filters
P2,C,4.0,null_team_field,David Leal,687578,,,<team_abbrev>,NULL,Player has null/empty team field - breaks team-based filters
P2,C,4.0,null_team_field,Jong-hyun Won,673554,,,<team_abbrev>,NULL,Player has null/empty team field - breaks team-based filters
P2,C,4.0,null_team_field,Michael Stryffeler,691068,,,<team_abbrev>,NULL,Player has null/empty team field - breaks team-based filters
P2,C,4.0,null_team_field,Luis Contreras,664351,,,<team_abbrev>,NULL,Player has null/empty team field - breaks team-based filters
P2,C,4.0,null_team_field,Andrew Vasquez,607755,,,<team_abbrev>,NULL,Player has null/empty team field - breaks team-based filters
P2,C,4.0,null_team_field,Alex Segal,669393,,,<team_abbrev>,NULL,Player has null/empty team field - breaks team-based filters
P2,C,4.0,null_team_field,Kyle Johnston,656594,,,<team_abbrev>,NULL,Player has null/empty team field - breaks team-based filters
P2,C,4.0,null_team_field,Braden Zarbnisky,675640,,,<team_abbrev>,NULL,Player has null/empty team field - breaks team-based filters
P2,C,4.0,null_team_field,Tristan Stivors,690086,,,<team_abbrev>,NULL,Player has null/empty team field - breaks team-based filters
P2,C,4.0,null_team_field,Zach Greene,681891,,,<team_abbrev>,NULL,Player has null/empty team field - breaks team-based filters
P2,C,4.0,null_team_field,Will Smith,519293,,,<team_abbrev>,NULL,Player has null/empty team field - breaks team-based filters
P2,C,4.0,null_team_field,Mat Olsen,695296,,,<team_abbrev>,NULL,Player has null/empty team field - breaks team-based filters
P2,C,4.0,null_team_field,Josh Roberson,675963,,,<team_abbrev>,NULL,Player has null/empty team field - breaks team-based filters
P2,C,4.0,null_team_field,Hever Bueno,641416,,,<team_abbrev>,NULL,Player has null/empty team field - breaks team-based filters
P2,C,4.0,null_team_field,Jackson Goddard,680725,,,<team_abbrev>,NULL,Player has null/empty team field - breaks team-based filters
P2,C,4.0,null_team_field,Caleb Baragar,670056,,,<team_abbrev>,NULL,Player has null/empty team field - breaks team-based filters
P2,C,4.0,null_team_field,Nick Allgeyer,680430,,,<team_abbrev>,NULL,Player has null/empty team field - breaks team-based filters
P2,C,4.0,null_team_field,John Creel,663496,,,<team_abbrev>,NULL,Player has null/empty team field - breaks team-based filters
P2,C,4.0,null_team_field,Jorge Guzmán,660422,,,<team_abbrev>,NULL,Player has null/empty team field - breaks team-based filters
P2,C,4.0,null_team_field,Ivan Oviedo,699212,,,<team_abbrev>,NULL,Player has null/empty team field - breaks team-based filters
P2,C,4.0,null_team_field,Buck Farmer,571656,,,<team_abbrev>,NULL,Player has null/empty team field - breaks team-based filters
P2,C,4.0,null_team_field,Hunter Parsons,663500,,,<team_abbrev>,NULL,Player has null/empty team field - breaks team-based filters
P2,C,4.0,null_team_field,Jimmy Yacabonis,642231,,,<team_abbrev>,NULL,Player has null/empty team field - breaks team-based filters
P2,C,4.0,null_team_field,Josan Méndez,678424,,,<team_abbrev>,NULL,Player has null/empty team field - breaks team-based filters
P2,C,4.0,null_team_field,Gabriel Sequeira,679780,,,<team_abbrev>,NULL,Player has null/empty team field - breaks team-based filters
P2,C,4.0,null_team_field,Peter Van Loon,687967,,,<team_abbrev>,NULL,Player has null/empty team field - breaks team-based filters
P2,C,4.0,null_team_field,Brandon Hughes,676714,,,<team_abbrev>,NULL,Player has null/empty team field - breaks team-based filters
P2,C,4.0,null_team_field,Jasseel De La Cruz,665600,,,<team_abbrev>,NULL,Player has null/empty team field - breaks team-based filters
P2,C,4.0,null_team_field,Lucas Jacobsen,670437,,,<team_abbrev>,NULL,Player has null/empty team field - breaks team-based filters
P2,C,4.0,null_team_field,Jacob Maton,681388,,,<team_abbrev>,NULL,Player has null/empty team field - breaks team-based filters
P2,C,4.0,null_team_field,Collin Lowe,806331,,,<team_abbrev>,NULL,Player has null/empty team field - breaks team-based filters
P2,C,4.0,null_team_field,Andrew Misiaszek,667280,,,<team_abbrev>,NULL,Player has null/empty team field - breaks team-based filters
P2,C,4.0,null_team_field,Connor Cooke,701566,,,<team_abbrev>,NULL,Player has null/empty team field - breaks team-based filters
P2,C,4.0,null_team_field,Chad Kuhl,641771,,,<team_abbrev>,NULL,Player has null/empty team field - breaks team-based filters
P2,C,4.0,null_team_field,Nicholas Padilla,656820,,,<team_abbrev>,NULL,Player has null/empty team field - breaks team-based filters
P2,C,4.0,null_team_field,Triston Polley,687423,,,<team_abbrev>,NULL,Player has null/empty team field - breaks team-based filters
P2,C,4.0,null_team_field,Carter Loewen,659389,,,<team_abbrev>,NULL,Player has null/empty team field - breaks team-based filters
P2,C,4.0,null_team_field,Fernando Romero,622864,,,<team_abbrev>,NULL,Player has null/empty team field - breaks team-based filters
P2,C,4.0,null_team_field,Mike Morin,573046,,,<team_abbrev>,NULL,Player has null/empty team field - breaks team-based filters
P2,C,4.0,null_team_field,Bryce Bonnin,675655,,,<team_abbrev>,NULL,Player has null/empty team field - breaks team-based filters
P2,C,4.0,null_team_field,Thaddeus Ward,663658,,,<team_abbrev>,NULL,Player has null/empty team field - breaks team-based filters
P2,C,4.0,null_team_field,Jake Wong,673858,,,<team_abbrev>,NULL,Player has null/empty team field - breaks team-based filters
P2,C,4.0,null_team_field,Alberto Baldonado,593604,,,<team_abbrev>,NULL,Player has null/empty team field - breaks team-based filters
P2,C,4.0,null_team_field,Alex Claudio,592222,,,<team_abbrev>,NULL,Player has null/empty team field - breaks team-based filters
P2,C,4.0,null_team_field,Guillo Zuñiga,670871,,,<team_abbrev>,NULL,Player has null/empty team field - breaks team-based filters
P2,C,4.0,null_team_field,Jharel Cotton,605194,,,<team_abbrev>,NULL,Player has null/empty team field - breaks team-based filters
P2,C,4.0,null_team_field,Matt Foster,641582,,,<team_abbrev>,NULL,Player has null/empty team field - breaks team-based filters
P2,C,4.0,null_team_field,Sean Mellen,673920,,,<team_abbrev>,NULL,Player has null/empty team field - breaks team-based filters
P2,C,4.0,null_team_field,Layne Henderson,668203,,,<team_abbrev>,NULL,Player has null/empty team field - breaks team-based filters
P2,C,4.0,null_team_field,Robbie Baker,682595,,,<team_abbrev>,NULL,Player has null/empty team field - breaks team-based filters
P2,C,4.0,null_team_field,Miguel Pena,673663,,,<team_abbrev>,NULL,Player has null/empty team field - breaks team-based filters
P2,C,4.0,null_team_field,Justin Maese,663359,,,<team_abbrev>,NULL,Player has null/empty team field - breaks team-based filters
P2,C,4.0,null_team_field,Aaron Hernandez,669443,,,<team_abbrev>,NULL,Player has null/empty team field - breaks team-based filters
P2,C,4.0,null_team_field,Jake Sanchez,644425,,,<team_abbrev>,NULL,Player has null/empty team field - breaks team-based filters
P2,C,4.0,null_team_field,Joe Barlow,669618,,,<team_abbrev>,NULL,Player has null/empty team field - breaks team-based filters
P2,C,4.0,null_team_field,Clay Aguilar,679711,,,<team_abbrev>,NULL,Player has null/empty team field - breaks team-based filters
P2,C,4.0,null_team_field,Deivi García,665620,,,<team_abbrev>,NULL,Player has null/empty team field - breaks team-based filters
P2,C,4.0,null_team_field,Garrett Williams,624526,,,<team_abbrev>,NULL,Player has null/empty team field - breaks team-based filters
P2,C,4.0,null_team_field,Chance Kirby,656619,,,<team_abbrev>,NULL,Player has null/empty team field - breaks team-based filters
P2,C,4.0,null_team_field,Brett de Geus,676969,,,<team_abbrev>,NULL,Player has null/empty team field - breaks team-based filters
P2,C,4.0,null_team_field,Mychal Givens,571710,,,<team_abbrev>,NULL,Player has null/empty team field - breaks team-based filters
P2,C,4.0,null_team_field,Adam McKillican,688015,,,<team_abbrev>,NULL,Player has null/empty team field - breaks team-based filters
P2,C,4.0,null_team_field,Chris Vallimont,681808,,,<team_abbrev>,NULL,Player has null/empty team field - breaks team-based filters
P2,C,4.0,null_team_field,Trevor May,543507,,,<team_abbrev>,NULL,Player has null/empty team field - breaks team-based filters
P2,C,4.0,null_team_field,Sean Reynolds,669308,,,<team_abbrev>,NULL,Player has null/empty team field - breaks team-based filters
P2,C,4.0,null_team_field,Seth Mayberry,682255,,,<team_abbrev>,NULL,Player has null/empty team field - breaks team-based filters
P2,C,4.0,null_team_field,Kyle Wilcox,664048,,,<team_abbrev>,NULL,Player has null/empty team field - breaks team-based filters
P2,C,4.0,null_team_field,Daniel Bard,453268,,,<team_abbrev>,NULL,Player has null/empty team field - breaks team-based filters
P2,C,4.0,null_team_field,Andy Fisher,688585,,,<team_abbrev>,NULL,Player has null/empty team field - breaks team-based filters
P2,C,4.0,null_team_field,Erik Martinez,693044,,,<team_abbrev>,NULL,Player has null/empty team field - breaks team-based filters
P2,C,4.0,null_team_field,Joe Jones,691839,,,<team_abbrev>,NULL,Player has null/empty team field - breaks team-based filters
P2,C,4.0,null_team_field,Joan Adon,672851,,,<team_abbrev>,NULL,Player has null/empty team field - breaks team-based filters
P2,C,4.0,null_team_field,Zach Muckenhirn,669105,,,<team_abbrev>,NULL,Player has null/empty team field - breaks team-based filters
P2,C,4.0,null_team_field,Bryce Tassin,687001,,,<team_abbrev>,NULL,Player has null/empty team field - breaks team-based filters
P2,C,4.0,null_team_field,Jake Thompson,642141,,,<team_abbrev>,NULL,Player has null/empty team field - breaks team-based filters
P2,C,4.0,null_team_field,Brayan De Paula,675527,,,<team_abbrev>,NULL,Player has null/empty team field - breaks team-based filters
P2,C,4.0,null_team_field,Damian Mendoza,677604,,,<team_abbrev>,NULL,Player has null/empty team field - breaks team-based filters
P2,C,4.0,null_team_field,Ryan Boyer,801682,,,<team_abbrev>,NULL,Player has null/empty team field - breaks team-based filters
P2,C,4.0,null_team_field,Sam Selman,572125,,,<team_abbrev>,NULL,Player has null/empty team field - breaks team-based filters
P2,C,4.0,null_team_field,Tanner Kiest,641750,,,<team_abbrev>,NULL,Player has null/empty team field - breaks team-based filters
P2,C,4.0,null_team_field,Taylor Widener,642203,,,<team_abbrev>,NULL,Player has null/empty team field - breaks team-based filters
P2,C,4.0,null_team_field,Erich Uelmen,657272,,,<team_abbrev>,NULL,Player has null/empty team field - breaks team-based filters
P2,C,4.0,null_team_field,Jeremy Walker,668683,,,<team_abbrev>,NULL,Player has null/empty team field - breaks team-based filters
P2,C,4.0,null_team_field,Antonio Jimenez,682607,,,<team_abbrev>,NULL,Player has null/empty team field - breaks team-based filters
P2,C,4.0,null_team_field,Travis Lakins,664042,,,<team_abbrev>,NULL,Player has null/empty team field - breaks team-based filters
P2,C,4.0,null_team_field,Theo Denlinger,690281,,,<team_abbrev>,NULL,Player has null/empty team field - breaks team-based filters
P2,C,4.0,null_team_field,Nolan Clenney,669639,,,<team_abbrev>,NULL,Player has null/empty team field - breaks team-based filters
P2,C,4.0,null_team_field,Phoenix Sanders,676637,,,<team_abbrev>,NULL,Player has null/empty team field - breaks team-based filters
P2,C,4.0,null_team_field,Matt Willrodt,681585,,,<team_abbrev>,NULL,Player has null/empty team field - breaks team-based filters
P2,C,4.0,null_team_field,Jake Faria,607188,,,<team_abbrev>,NULL,Player has null/empty team field - breaks team-based filters
P2,C,4.0,null_team_field,Will Ethridge,669100,,,<team_abbrev>,NULL,Player has null/empty team field - breaks team-based filters
P2,C,4.0,null_team_field,Adonis Medina,658431,,,<team_abbrev>,NULL,Player has null/empty team field - breaks team-based filters
P2,C,4.0,null_team_field,Matt Koch,571863,,,<team_abbrev>,NULL,Player has null/empty team field - breaks team-based filters
P2,C,4.0,null_team_field,Owen White,669391,,,<team_abbrev>,NULL,Player has null/empty team field - breaks team-based filters
P2,C,4.0,null_team_field,Reinaldo De Paula,676005,,,<team_abbrev>,NULL,Player has null/empty team field - breaks team-based filters
P2,C,4.0,null_team_field,Dusten Knight,643400,,,<team_abbrev>,NULL,Player has null/empty team field - breaks team-based filters
P2,C,4.0,null_team_field,Emilio Marquez,679892,,,<team_abbrev>,NULL,Player has null/empty team field - breaks team-based filters
P2,C,4.0,null_team_field,Tanner Tully,668684,,,<team_abbrev>,NULL,Player has null/empty team field - breaks team-based filters
P2,C,4.0,null_team_field,Zach Linginfelter,666199,,,<team_abbrev>,NULL,Player has null/empty team field - breaks team-based filters
P2,C,4.0,null_team_field,Zach Neal,594943,,,<team_abbrev>,NULL,Player has null/empty team field - breaks team-based filters
P2,C,4.0,null_team_field,Chi Chi González,592346,,,<team_abbrev>,NULL,Player has null/empty team field - breaks team-based filters
P2,C,4.0,null_team_field,Carlos Betancourt,678640,,,<team_abbrev>,NULL,Player has null/empty team field - breaks team-based filters
P2,C,4.0,null_team_field,Luis Oviedo,665854,,,<team_abbrev>,NULL,Player has null/empty team field - breaks team-based filters
P2,C,4.0,null_team_field,Eury Ramos,660756,,,<team_abbrev>,NULL,Player has null/empty team field - breaks team-based filters
P2,C,4.0,null_team_field,Kyle Crigger,805732,,,<team_abbrev>,NULL,Player has null/empty team field - breaks team-based filters
P2,C,4.0,null_team_field,Nathan Burns,685124,,,<team_abbrev>,NULL,Player has null/empty team field - breaks team-based filters
P2,C,4.0,null_team_field,Parker Dunshee,670161,,,<team_abbrev>,NULL,Player has null/empty team field - breaks team-based filters
P2,C,4.0,null_team_field,Joe Wieland,543921,,,<team_abbrev>,NULL,Player has null/empty team field - breaks team-based filters
P2,C,4.0,null_team_field,Taylor Broadway,699479,,,<team_abbrev>,NULL,Player has null/empty team field - breaks team-based filters
P2,C,4.0,null_team_field,Kyu-min Woo,673555,,,<team_abbrev>,NULL,Player has null/empty team field - breaks team-based filters
P2,C,4.0,null_team_field,Tanner Myatt,669251,,,<team_abbrev>,NULL,Player has null/empty team field - breaks team-based filters
P2,C,4.0,null_team_field,Brody Rodning,676697,,,<team_abbrev>,NULL,Player has null/empty team field - breaks team-based filters
P2,C,4.0,null_team_field,D.J. Snelten,592769,,,<team_abbrev>,NULL,Player has null/empty team field - breaks team-based filters
P2,C,4.0,null_team_field,Diosmerky Taveras,677676,,,<team_abbrev>,NULL,Player has null/empty team field - breaks team-based filters
P2,C,4.0,null_team_field,Myung-Ho Jin,493664,,,<team_abbrev>,NULL,Player has null/empty team field - breaks team-based filters
P2,C,4.0,null_team_field,Fitz Stadler,663587,,,<team_abbrev>,NULL,Player has null/empty team field - breaks team-based filters
P2,C,4.0,null_team_field,Steven Jennings,675651,,,<team_abbrev>,NULL,Player has null/empty team field - breaks team-based filters
P2,C,4.0,null_team_field,Nick Kuzia,677362,,,<team_abbrev>,NULL,Player has null/empty team field - breaks team-based filters
P2,C,4.0,null_team_field,Jose Betances,677643,,,<team_abbrev>,NULL,Player has null/empty team field - breaks team-based filters
P2,C,4.0,null_team_field,Trayson Kubo,687840,,,<team_abbrev>,NULL,Player has null/empty team field - breaks team-based filters
P2,C,4.0,null_team_field,Kirby Snead,669912,,,<team_abbrev>,NULL,Player has null/empty team field - breaks team-based filters
P2,C,4.0,null_team_field,Devin Conn,681958,,,<team_abbrev>,NULL,Player has null/empty team field - breaks team-based filters
P2,C,4.0,null_team_field,Adam Cimber,643256,,,<team_abbrev>,NULL,Player has null/empty team field - breaks team-based filters
P2,C,4.0,null_team_field,Daniel Mengden,596043,,,<team_abbrev>,NULL,Player has null/empty team field - breaks team-based filters
P2,C,4.0,null_team_field,Reggie Lawson,666156,,,<team_abbrev>,NULL,Player has null/empty team field - breaks team-based filters
P2,C,4.0,null_team_field,Nick Vespi,663989,,,<team_abbrev>,NULL,Player has null/empty team field - breaks team-based filters
P2,C,4.0,null_team_field,Justus Sheffield,656954,,,<team_abbrev>,NULL,Player has null/empty team field - breaks team-based filters
P2,C,4.0,null_team_field,Wyatt Sparks,681183,,,<team_abbrev>,NULL,Player has null/empty team field - breaks team-based filters
P2,C,4.0,null_team_field,Alex Scherff,669085,,,<team_abbrev>,NULL,Player has null/empty team field - breaks team-based filters
P2,C,4.0,null_team_field,Eli Lingos,661526,,,<team_abbrev>,NULL,Player has null/empty team field - breaks team-based filters
P2,C,4.0,null_team_field,Hugh Fisher,676114,,,<team_abbrev>,NULL,Player has null/empty team field - breaks team-based filters
P2,C,4.0,null_team_field,Daniel Camarena,547176,,,<team_abbrev>,NULL,Player has null/empty team field - breaks team-based filters
P2,C,4.0,null_team_field,Connor Holden,801127,,,<team_abbrev>,NULL,Player has null/empty team field - breaks team-based filters
P2,C,4.0,null_team_field,Jacob DeLabio,700832,,,<team_abbrev>,NULL,Player has null/empty team field - breaks team-based filters
P2,C,4.0,null_team_field,Jimmy Lambert,669424,,,<team_abbrev>,NULL,Player has null/empty team field - breaks team-based filters
P2,C,4.0,null_team_field,Matt Brosky,701630,,,<team_abbrev>,NULL,Player has null/empty team field - breaks team-based filters
P2,C,4.0,null_team_field,Ben Madison,681823,,,<team_abbrev>,NULL,Player has null/empty team field - breaks team-based filters
P2,C,4.0,null_team_field,Trey McGough,690736,,,<team_abbrev>,NULL,Player has null/empty team field - breaks team-based filters
P2,C,4.0,null_team_field,Leonardo Pestana,679758,,,<team_abbrev>,NULL,Player has null/empty team field - breaks team-based filters
P2,C,4.0,null_team_field,Walker Brockhouse,700771,,,<team_abbrev>,NULL,Player has null/empty team field - breaks team-based filters
P2,C,4.0,null_team_field,Taylor Williams,592865,,,<team_abbrev>,NULL,Player has null/empty team field - breaks team-based filters
P2,C,4.0,null_team_field,Ben Hecht,643357,,,<team_abbrev>,NULL,Player has null/empty team field - breaks team-based filters
P2,C,4.0,null_team_field,Jake Haberer,683065,,,<team_abbrev>,NULL,Player has null/empty team field - breaks team-based filters
P2,C,4.0,null_team_field,Taylor Lehman,656647,,,<team_abbrev>,NULL,Player has null/empty team field - breaks team-based filters
P2,C,4.0,null_team_field,Braden Bristo,668754,,,<team_abbrev>,NULL,Player has null/empty team field - breaks team-based filters
P2,C,4.0,null_team_field,Anthony Hoopii-Tuionetoa,681896,,,<team_abbrev>,NULL,Player has null/empty team field - breaks team-based filters
P2,C,4.0,null_team_field,Ignacio Feliz,672553,,,<team_abbrev>,NULL,Player has null/empty team field - breaks team-based filters
P2,C,4.0,null_team_field,Jeffrey Colon,681738,,,<team_abbrev>,NULL,Player has null/empty team field - breaks team-based filters
P2,C,4.0,null_team_field,Nate Dahle,695242,,,<team_abbrev>,NULL,Player has null/empty team field - breaks team-based filters
P2,C,4.0,null_team_field,Jordan Brink,656259,,,<team_abbrev>,NULL,Player has null/empty team field - breaks team-based filters
P2,C,4.0,null_team_field,Miguel Rodriguez,678279,,,<team_abbrev>,NULL,Player has null/empty team field - breaks team-based filters
P2,C,4.0,null_team_field,Juan Then,672730,,,<team_abbrev>,NULL,Player has null/empty team field - breaks team-based filters
P2,C,4.0,null_team_field,Andrés Núñez,656804,,,<team_abbrev>,NULL,Player has null/empty team field - breaks team-based filters
P2,C,4.0,null_team_field,Reyes Moronta,606625,,,<team_abbrev>,NULL,Player has null/empty team field - breaks team-based filters
P2,C,4.0,null_team_field,Luke Westphal,661332,,,<team_abbrev>,NULL,Player has null/empty team field - breaks team-based filters
P2,C,4.0,null_team_field,Luis Pacheco,672376,,,<team_abbrev>,NULL,Player has null/empty team field - breaks team-based filters
P2,C,4.0,null_team_field,Luke Shilling,663443,,,<team_abbrev>,NULL,Player has null/empty team field - breaks team-based filters
P2,C,4.0,null_team_field,James Meeker,703231,,,<team_abbrev>,NULL,Player has null/empty team field - breaks team-based filters
P2,C,4.0,null_team_field,Emailin Montilla,692983,,,<team_abbrev>,NULL,Player has null/empty team field - breaks team-based filters
P2,C,4.0,null_team_field,Daniel Tillo,664700,,,<team_abbrev>,NULL,Player has null/empty team field - breaks team-based filters
P2,C,4.0,null_team_field,Robert Kwiatkowski,688984,,,<team_abbrev>,NULL,Player has null/empty team field - breaks team-based filters
P2,C,4.0,null_team_field,Sam Delaplane,676845,,,<team_abbrev>,NULL,Player has null/empty team field - breaks team-based filters
P2,C,4.0,null_team_field,Andrew Bellatti,571479,,,<team_abbrev>,NULL,Player has null/empty team field - breaks team-based filters
P2,C,4.0,null_team_field,Juan Mejia,672435,,,<team_abbrev>,NULL,Player has null/empty team field - breaks team-based filters
P2,C,4.0,null_team_field,Connor Sadzeck,592712,,,<team_abbrev>,NULL,Player has null/empty team field - breaks team-based filters
P2,C,4.0,null_team_field,Franklin Dacosta,672374,,,<team_abbrev>,NULL,Player has null/empty team field - breaks team-based filters
P2,C,4.0,null_team_field,Joey Krehbiel,607216,,,<team_abbrev>,NULL,Player has null/empty team field - breaks team-based filters
P2,C,4.0,null_team_field,Adam Wolf,663684,,,<team_abbrev>,NULL,Player has null/empty team field - breaks team-based filters
P2,C,4.0,null_team_field,Yongchan Lee,628358,,,<team_abbrev>,NULL,Player has null/empty team field - breaks team-based filters
P2,C,4.0,null_team_field,Joel Cesar,666802,,,<team_abbrev>,NULL,Player has null/empty team field - breaks team-based filters
P2,C,4.0,null_team_field,Seth Corry,671288,,,<team_abbrev>,NULL,Player has null/empty team field - breaks team-based filters
P2,C,4.0,null_team_field,Stephen Gonsalves,624427,,,<team_abbrev>,NULL,Player has null/empty team field - breaks team-based filters
P2,C,4.0,null_team_field,Evan Kravetz,667478,,,<team_abbrev>,NULL,Player has null/empty team field - breaks team-based filters
P2,C,4.0,null_team_field,Keegan Curtis,656342,,,<team_abbrev>,NULL,Player has null/empty team field - breaks team-based filters
P2,C,4.0,null_team_field,Victor González,624647,,,<team_abbrev>,NULL,Player has null/empty team field - breaks team-based filters
P2,C,4.0,null_team_field,Stephen Nogosek,668665,,,<team_abbrev>,NULL,Player has null/empty team field - breaks team-based filters
P2,C,4.0,null_team_field,Tyler Beck,679604,,,<team_abbrev>,NULL,Player has null/empty team field - breaks team-based filters
P2,C,4.0,null_team_field,Lisandro Santos,670873,,,<team_abbrev>,NULL,Player has null/empty team field - breaks team-based filters
P2,C,4.0,null_team_field,Hunter Strickland,519326,,,<team_abbrev>,NULL,Player has null/empty team field - breaks team-based filters
P2,C,4.0,null_team_field,Colin Poche,621363,,,<team_abbrev>,NULL,Player has null/empty team field - breaks team-based filters
P2,C,4.0,null_team_field,Michael Boyle,664082,,,<team_abbrev>,NULL,Player has null/empty team field - breaks team-based filters
P2,C,4.0,null_team_field,Robinson Martínez,660822,,,<team_abbrev>,NULL,Player has null/empty team field - breaks team-based filters
P2,C,4.0,null_team_field,Shane Greene,572888,,,<team_abbrev>,NULL,Player has null/empty team field - breaks team-based filters
P2,C,4.0,null_team_field,Aldry Acosta,672755,,,<team_abbrev>,NULL,Player has null/empty team field - breaks team-based filters
P2,C,4.0,null_team_field,Gunnar Groen,702340,,,<team_abbrev>,NULL,Player has null/empty team field - breaks team-based filters
P2,C,4.0,null_team_field,Ryan Meisinger,664682,,,<team_abbrev>,NULL,Player has null/empty team field - breaks team-based filters
P2,C,4.0,null_team_field,Jose Montilla,673387,,,<team_abbrev>,NULL,Player has null/empty team field - breaks team-based filters
P2,C,4.0,null_team_field,Harold Chirino,666785,,,<team_abbrev>,NULL,Player has null/empty team field - breaks team-based filters
P2,C,4.0,null_team_field,Robert Dugger,667498,,,<team_abbrev>,NULL,Player has null/empty team field - breaks team-based filters
P2,C,4.0,null_team_field,Tyler Thornburg,592804,,,<team_abbrev>,NULL,Player has null/empty team field - breaks team-based filters
P2,C,4.0,null_team_field,Cayne Ueckert,681145,,,<team_abbrev>,NULL,Player has null/empty team field - breaks team-based filters
P2,C,4.0,null_team_field,Brailyn Marquez,666622,,,<team_abbrev>,NULL,Player has null/empty team field - breaks team-based filters
P2,C,4.0,null_team_field,Ben Onyshko,647306,,,<team_abbrev>,NULL,Player has null/empty team field - breaks team-based filters
P2,C,4.0,null_team_field,Luis Reyes,642530,,,<team_abbrev>,NULL,Player has null/empty team field - breaks team-based filters
P2,C,4.0,null_team_field,Ricky Karcher,676689,,,<team_abbrev>,NULL,Player has null/empty team field - breaks team-based filters
P2,C,4.0,null_team_field,Cole Ayers,681408,,,<team_abbrev>,NULL,Player has null/empty team field - breaks team-based filters
P2,C,4.0,null_team_field,Patrick Wicklander,677353,,,<team_abbrev>,NULL,Player has null/empty team field - breaks team-based filters
P2,C,4.0,null_team_field,Dany Jiménez,666204,,,<team_abbrev>,NULL,Player has null/empty team field - breaks team-based filters
P2,C,4.0,null_team_field,Joe Smith,501925,,,<team_abbrev>,NULL,Player has null/empty team field - breaks team-based filters
P2,C,4.0,null_team_field,Zach Hart,687161,,,<team_abbrev>,NULL,Player has null/empty team field - breaks team-based filters
P2,C,4.0,null_team_field,Ty Buttrey,621142,,,<team_abbrev>,NULL,Player has null/empty team field - breaks team-based filters
P2,C,4.0,null_team_field,Sal Romano,607219,,,<team_abbrev>,NULL,Player has null/empty team field - breaks team-based filters
P2,C,4.0,null_team_field,A.J. Cole,595918,,,<team_abbrev>,NULL,Player has null/empty team field - breaks team-based filters
P2,C,4.0,null_team_field,Matt Barnes,598264,,,<team_abbrev>,NULL,Player has null/empty team field - breaks team-based filters
P2,C,4.0,null_team_field,Ian Churchill,686657,,,<team_abbrev>,NULL,Player has null/empty team field - breaks team-based filters
P2,C,4.0,null_team_field,Tyler Woessner,681216,,,<team_abbrev>,NULL,Player has null/empty team field - breaks team-based filters
P2,C,4.0,null_team_field,Nate Fisher,688010,,,<team_abbrev>,NULL,Player has null/empty team field - breaks team-based filters
P2,C,4.0,null_team_field,Dakota Donovan,668660,,,<team_abbrev>,NULL,Player has null/empty team field - breaks team-based filters
P2,C,4.0,null_team_field,Ryan Smith,686768,,,<team_abbrev>,NULL,Player has null/empty team field - breaks team-based filters
P2,C,4.0,null_team_field,Aaron Fletcher,667465,,,<team_abbrev>,NULL,Player has null/empty team field - breaks team-based filters
P2,C,4.0,null_team_field,Bryan Pope,675276,,,<team_abbrev>,NULL,Player has null/empty team field - breaks team-based filters
P2,C,4.0,null_team_field,Cristian Charle,680606,,,<team_abbrev>,NULL,Player has null/empty team field - breaks team-based filters
P2,C,4.0,null_team_field,Brady Puckett,657252,,,<team_abbrev>,NULL,Player has null/empty team field - breaks team-based filters
P2,C,4.0,null_team_field,Colton Johnson,687439,,,<team_abbrev>,NULL,Player has null/empty team field - breaks team-based filters
P2,C,4.0,null_team_field,Mitch Miller,666202,,,<team_abbrev>,NULL,Player has null/empty team field - breaks team-based filters
P2,C,4.0,null_team_field,Blake Whitney,681407,,,<team_abbrev>,NULL,Player has null/empty team field - breaks team-based filters
P2,C,4.0,null_team_field,Vin Timpanelli,695935,,,<team_abbrev>,NULL,Player has null/empty team field - breaks team-based filters
P2,C,4.0,null_team_field,Nolan Blackwood,670154,,,<team_abbrev>,NULL,Player has null/empty team field - breaks team-based filters
P2,C,4.0,null_team_field,Will Stewart,663489,,,<team_abbrev>,NULL,Player has null/empty team field - breaks team-based filters
P2,C,4.0,null_team_field,Phillip Diehl,670426,,,<team_abbrev>,NULL,Player has null/empty team field - breaks team-based filters
P2,C,4.0,null_team_field,Scott Kobos,677040,,,<team_abbrev>,NULL,Player has null/empty team field - breaks team-based filters
P2,C,4.0,null_team_field,Drew Strotman,675977,,,<team_abbrev>,NULL,Player has null/empty team field - breaks team-based filters
P2,C,4.0,null_team_field,Collin Kober,676830,,,<team_abbrev>,NULL,Player has null/empty team field - breaks team-based filters
P2,C,4.0,null_team_field,Theo McDowell,681875,,,<team_abbrev>,NULL,Player has null/empty team field - breaks team-based filters
P2,C,4.0,null_team_field,Blake Goldsberry,688910,,,<team_abbrev>,NULL,Player has null/empty team field - breaks team-based filters
P2,C,4.0,null_team_field,Victor Castaneda,674810,,,<team_abbrev>,NULL,Player has null/empty team field - breaks team-based filters
P2,C,4.0,null_team_field,Tyler Brown,675973,,,<team_abbrev>,NULL,Player has null/empty team field - breaks team-based filters
P2,C,4.0,null_team_field,Grayson Thurman,806362,,,<team_abbrev>,NULL,Player has null/empty team field - breaks team-based filters
P2,C,4.0,null_team_field,Brent Honeywell,641703,,,<team_abbrev>,NULL,Player has null/empty team field - breaks team-based filters
P2,C,4.0,null_team_field,Kyle Virbitsky,680223,,,<team_abbrev>,NULL,Player has null/empty team field - breaks team-based filters
P2,C,4.0,null_team_field,Marcelo Martinez,666502,,,<team_abbrev>,NULL,Player has null/empty team field - breaks team-based filters
P2,C,4.0,null_team_field,Tanner Dodson,663541,,,<team_abbrev>,NULL,Player has null/empty team field - breaks team-based filters
P2,C,4.0,null_team_field,Yaya Chentouf,663506,,,<team_abbrev>,NULL,Player has null/empty team field - breaks team-based filters
P2,C,4.0,null_team_field,Blake Taylor,642130,,,<team_abbrev>,NULL,Player has null/empty team field - breaks team-based filters
P2,C,4.0,null_team_field,Tyler Myrick,686924,,,<team_abbrev>,NULL,Player has null/empty team field - breaks team-based filters
P2,C,4.0,null_team_field,Denyi Reyes,660593,,,<team_abbrev>,NULL,Player has null/empty team field - breaks team-based filters
P2,C,4.0,null_team_field,Jimmy Nelson,519076,,,<team_abbrev>,NULL,Player has null/empty team field - breaks team-based filters
P2,C,4.0,null_team_field,Jacob Kostyshock,686783,,,<team_abbrev>,NULL,Player has null/empty team field - breaks team-based filters
P2,C,4.0,null_team_field,Jordan Mikel,690464,,,<team_abbrev>,NULL,Player has null/empty team field - breaks team-based filters
P2,C,4.0,null_team_field,Charles Hall,687205,,,<team_abbrev>,NULL,Player has null/empty team field - breaks team-based filters
P2,C,4.0,null_team_field,Matt Russell,677066,,,<team_abbrev>,NULL,Player has null/empty team field - breaks team-based filters
P2,C,4.0,null_team_field,Noah Owen,685344,,,<team_abbrev>,NULL,Player has null/empty team field - breaks team-based filters
P2,C,4.0,null_team_field,Alec Barger,681897,,,<team_abbrev>,NULL,Player has null/empty team field - breaks team-based filters
P2,C,4.0,null_team_field,Grant Black,667176,,,<team_abbrev>,NULL,Player has null/empty team field - breaks team-based filters
P2,C,4.0,null_team_field,Johzan Oquendo,688016,,,<team_abbrev>,NULL,Player has null/empty team field - breaks team-based filters
P2,C,4.0,null_team_field,Cody Scroggins,667414,,,<team_abbrev>,NULL,Player has null/empty team field - breaks team-based filters
P2,C,4.0,null_team_field,Austin Brice,592169,,,<team_abbrev>,NULL,Player has null/empty team field - breaks team-based filters
P2,C,4.0,null_team_field,Eury Rosado,692864,,,<team_abbrev>,NULL,Player has null/empty team field - breaks team-based filters
P2,C,4.0,null_team_field,Ivan Armstrong,678371,,,<team_abbrev>,NULL,Player has null/empty team field - breaks team-based filters
P2,C,4.0,null_team_field,Jose Bravo,670986,,,<team_abbrev>,NULL,Player has null/empty team field - breaks team-based filters
P2,C,4.0,null_team_field,Zack Leban,681671,,,<team_abbrev>,NULL,Player has null/empty team field - breaks team-based filters
P2,C,4.0,null_team_field,Mitchell Stumpo,686933,,,<team_abbrev>,NULL,Player has null/empty team field - breaks team-based filters
P2,C,4.0,null_team_field,Adam Plutko,592644,,,<team_abbrev>,NULL,Player has null/empty team field - breaks team-based filters
P2,C,4.0,null_team_field,Jimmy Robbins,687934,,,<team_abbrev>,NULL,Player has null/empty team field - breaks team-based filters
P2,C,4.0,null_team_field,Nick Morreale,687159,,,<team_abbrev>,NULL,Player has null/empty team field - breaks team-based filters
P2,C,4.0,null_team_field,Xavier Moore,676713,,,<team_abbrev>,NULL,Player has null/empty team field - breaks team-based filters
P2,C,4.0,null_team_field,Hunter Dula,702471,,,<team_abbrev>,NULL,Player has null/empty team field - breaks team-based filters
P2,C,4.0,null_team_field,Kyle Wilson,663819,,,<team_abbrev>,NULL,Player has null/empty team field - breaks team-based filters
P2,C,4.0,null_team_field,Blake Rivera,669690,,,<team_abbrev>,NULL,Player has null/empty team field - breaks team-based filters
P2,C,4.0,null_team_field,Kolby Kubichek,681443,,,<team_abbrev>,NULL,Player has null/empty team field - breaks team-based filters
P2,C,4.0,null_team_field,Jake Pfennigs,680865,,,<team_abbrev>,NULL,Player has null/empty team field - breaks team-based filters
P2,C,4.0,null_team_field,Jhoulys Chacín,468504,,,<team_abbrev>,NULL,Player has null/empty team field - breaks team-based filters
P2,C,4.0,null_team_field,Justin Kelly,702124,,,<team_abbrev>,NULL,Player has null/empty team field - breaks team-based filters
P2,C,4.0,null_team_field,Austin Hansen,667712,,,<team_abbrev>,NULL,Player has null/empty team field - breaks team-based filters
P2,C,4.0,null_team_field,Joe Nahas,687481,,,<team_abbrev>,NULL,Player has null/empty team field - breaks team-based filters
P2,C,4.0,null_team_field,Frainger Aranguren,674287,,,<team_abbrev>,NULL,Player has null/empty team field - breaks team-based filters
P2,C,4.0,null_team_field,Nick Mondak,687649,,,<team_abbrev>,NULL,Player has null/empty team field - breaks team-based filters
P2,C,4.0,null_team_field,Nick Wittgren,621295,,,<team_abbrev>,NULL,Player has null/empty team field - breaks team-based filters
P2,C,4.0,null_team_field,Noé Ramirez,598287,,,<team_abbrev>,NULL,Player has null/empty team field - breaks team-based filters
P2,C,4.0,null_team_field,Jason Bilous,663467,,,<team_abbrev>,NULL,Player has null/empty team field - breaks team-based filters
P2,C,4.0,null_team_field,Ryan Middendorf,805437,,,<team_abbrev>,NULL,Player has null/empty team field - breaks team-based filters
P2,C,4.0,null_team_field,JD Hammer,670456,,,<team_abbrev>,NULL,Player has null/empty team field - breaks team-based filters
P2,C,4.0,null_team_field,Nick Sinacola,701161,,,<team_abbrev>,NULL,Player has null/empty team field - breaks team-based filters
P2,C,4.0,null_team_field,Dayeison Arias,674375,,,<team_abbrev>,NULL,Player has null/empty team field - breaks team-based filters
P2,C,4.0,null_team_field,Elvin Rodríguez,660730,,,<team_abbrev>,NULL,Player has null/empty team field - breaks team-based filters
P2,C,4.0,null_team_field,Ashton Goudeau,623485,,,<team_abbrev>,NULL,Player has null/empty team field - breaks team-based filters
P2,C,4.0,null_team_field,Trey Riley,681803,,,<team_abbrev>,NULL,Player has null/empty team field - breaks team-based filters
P2,C,4.0,null_team_field,Ray Gaither,668877,,,<team_abbrev>,NULL,Player has null/empty team field - breaks team-based filters
P2,C,4.0,null_team_field,Jake Pilarski,702355,,,<team_abbrev>,NULL,Player has null/empty team field - breaks team-based filters
P2,C,4.0,null_team_field,Willian Suarez,665980,,,<team_abbrev>,NULL,Player has null/empty team field - breaks team-based filters
P2,C,4.0,null_team_field,Stevie Branche,688857,,,<team_abbrev>,NULL,Player has null/empty team field - breaks team-based filters
P2,C,4.0,null_team_field,Edgar Manzo,686317,,,<team_abbrev>,NULL,Player has null/empty team field - breaks team-based filters
P2,C,4.0,null_team_field,J.J. Niekro,673908,,,<team_abbrev>,NULL,Player has null/empty team field - breaks team-based filters
P2,C,4.0,null_team_field,Ronald Bolaños,671790,,,<team_abbrev>,NULL,Player has null/empty team field - breaks team-based filters
P2,C,4.0,null_team_field,Breidy Encarnación,682697,,,<team_abbrev>,NULL,Player has null/empty team field - breaks team-based filters
P2,C,4.0,null_team_field,Calvin Coker,681085,,,<team_abbrev>,NULL,Player has null/empty team field - breaks team-based filters
P2,C,4.0,null_team_field,Luke Albright,681475,,,<team_abbrev>,NULL,Player has null/empty team field - breaks team-based filters
P2,C,4.0,null_team_field,Daniel Juarez,684483,,,<team_abbrev>,NULL,Player has null/empty team field - breaks team-based filters
P2,C,4.0,null_team_field,Logan Gragg,685401,,,<team_abbrev>,NULL,Player has null/empty team field - breaks team-based filters
P2,C,4.0,null_team_field,Josh Rogers,642028,,,<team_abbrev>,NULL,Player has null/empty team field - breaks team-based filters
P2,C,4.0,null_team_field,M.D. Johnson,668724,,,<team_abbrev>,NULL,Player has null/empty team field - breaks team-based filters
P2,C,4.0,null_team_field,Bayden Root,694843,,,<team_abbrev>,NULL,Player has null/empty team field - breaks team-based filters
P2,C,4.0,null_team_field,Kyle Barraclough,607457,,,<team_abbrev>,NULL,Player has null/empty team field - breaks team-based filters
P2,C,4.0,null_team_field,David Griffin,701803,,,<team_abbrev>,NULL,Player has null/empty team field - breaks team-based filters
P2,C,4.0,null_team_field,Daniel Martinez,681979,,,<team_abbrev>,NULL,Player has null/empty team field - breaks team-based filters
P2,C,4.0,null_team_field,Logan Boyer,669188,,,<team_abbrev>,NULL,Player has null/empty team field - breaks team-based filters
P2,C,4.0,null_team_field,Dylan Bice,670393,,,<team_abbrev>,NULL,Player has null/empty team field - breaks team-based filters
P2,C,4.0,null_team_field,Randy Wynne,691094,,,<team_abbrev>,NULL,Player has null/empty team field - breaks team-based filters
P2,C,4.0,null_team_field,Jonathan Bermúdez,642834,,,<team_abbrev>,NULL,Player has null/empty team field - breaks team-based filters
P2,C,4.0,null_team_field,Carlos Gomez,680622,,,<team_abbrev>,NULL,Player has null/empty team field - breaks team-based filters
P2,C,4.0,null_team_field,Yorlin Calderon,683583,,,<team_abbrev>,NULL,Player has null/empty team field - breaks team-based filters
P2,C,4.0,null_team_field,Reid Birlingmair,679304,,,<team_abbrev>,NULL,Player has null/empty team field - breaks team-based filters
P2,C,4.0,null_team_field,Alfred Vega,678758,,,<team_abbrev>,NULL,Player has null/empty team field - breaks team-based filters
P2,C,4.0,null_team_field,Hyeon-Jong Yang,660365,,,<team_abbrev>,NULL,Player has null/empty team field - breaks team-based filters
P2,C,4.0,null_team_field,Malvin Pena,658369,,,<team_abbrev>,NULL,Player has null/empty team field - breaks team-based filters
P2,C,4.0,null_team_field,Bryan Shaw,543766,,,<team_abbrev>,NULL,Player has null/empty team field - breaks team-based filters
P2,C,4.0,null_team_field,Louis Head,545343,,,<team_abbrev>,NULL,Player has null/empty team field - breaks team-based filters
P2,C,4.0,null_team_field,Angel Macuare,672836,,,<team_abbrev>,NULL,Player has null/empty team field - breaks team-based filters
P2,C,4.0,null_team_field,Luis Patiño,672715,,,<team_abbrev>,NULL,Player has null/empty team field - breaks team-based filters
P2,C,4.0,null_team_field,Mike Mayers,594577,,,<team_abbrev>,NULL,Player has null/empty team field - breaks team-based filters
P2,C,4.0,null_team_field,Scott Engler,670081,,,<team_abbrev>,NULL,Player has null/empty team field - breaks team-based filters
P2,C,4.0,null_team_field,Michael Feliz,593140,,,<team_abbrev>,NULL,Player has null/empty team field - breaks team-based filters
P2,C,4.0,null_team_field,Rodolfo Sanchez,672651,,,<team_abbrev>,NULL,Player has null/empty team field - breaks team-based filters
P2,C,4.0,null_team_field,Jonah Dipoto,665167,,,<team_abbrev>,NULL,Player has null/empty team field - breaks team-based filters
P2,C,4.0,null_team_field,Garrett Irvin,687868,,,<team_abbrev>,NULL,Player has null/empty team field - breaks team-based filters
P2,C,4.0,null_team_field,Spencer Patton,607359,,,<team_abbrev>,NULL,Player has null/empty team field - breaks team-based filters
P2,C,4.0,null_team_field,Franny Cobos,678725,,,<team_abbrev>,NULL,Player has null/empty team field - breaks team-based filters
P2,C,4.0,null_team_field,Michael McAvene,686449,,,<team_abbrev>,NULL,Player has null/empty team field - breaks team-based filters
P2,C,4.0,null_team_field,Garrett Hill,682051,,,<team_abbrev>,NULL,Player has null/empty team field - breaks team-based filters
P2,C,4.0,null_team_field,Haden Erbe,669652,,,<team_abbrev>,NULL,Player has null/empty team field - breaks team-based filters
P2,C,4.0,null_team_field,Spencer Stockton,691526,,,<team_abbrev>,NULL,Player has null/empty team field - breaks team-based filters
P2,C,4.0,null_team_field,John Murphy,663302,,,<team_abbrev>,NULL,Player has null/empty team field - breaks team-based filters
P2,C,4.0,null_team_field,Donovan Benoit,687630,,,<team_abbrev>,NULL,Player has null/empty team field - breaks team-based filters
P2,C,4.0,null_team_field,Dario Gardea,677915,,,<team_abbrev>,NULL,Player has null/empty team field - breaks team-based filters
P2,C,4.0,null_team_field,Kade McClure,656701,,,<team_abbrev>,NULL,Player has null/empty team field - breaks team-based filters
P2,C,4.0,null_team_field,Matt Givin,676769,,,<team_abbrev>,NULL,Player has null/empty team field - breaks team-based filters
P2,C,4.0,null_team_field,Adrian Hernandez,681753,,,<team_abbrev>,NULL,Player has null/empty team field - breaks team-based filters
P2,C,4.0,null_team_field,Brett Daniels,656349,,,<team_abbrev>,NULL,Player has null/empty team field - breaks team-based filters
P2,C,4.0,null_team_field,Colby White,686831,,,<team_abbrev>,NULL,Player has null/empty team field - breaks team-based filters
P2,C,4.0,null_team_field,Konner Wade,592831,,,<team_abbrev>,NULL,Player has null/empty team field - breaks team-based filters
P2,C,4.0,null_team_field,Braeden Ogle,669180,,,<team_abbrev>,NULL,Player has null/empty team field - breaks team-based filters
P2,C,4.0,null_team_field,Matt Merrill,677017,,,<team_abbrev>,NULL,Player has null/empty team field - breaks team-based filters
P2,C,4.0,null_team_field,Chance Adams,664856,,,<team_abbrev>,NULL,Player has null/empty team field - breaks team-based filters
P2,C,4.0,null_team_field,Devin Smeltzer,656970,,,<team_abbrev>,NULL,Player has null/empty team field - breaks team-based filters
P2,C,4.0,null_team_field,Matt Wisler,605538,,,<team_abbrev>,NULL,Player has null/empty team field - breaks team-based filters
P2,C,4.0,null_team_field,Wyatt Cheney,688904,,,<team_abbrev>,NULL,Player has null/empty team field - breaks team-based filters
P2,C,4.0,null_team_field,Jeremy Molero,678288,,,<team_abbrev>,NULL,Player has null/empty team field - breaks team-based filters
P2,C,4.0,null_team_field,Alec Mills,621219,,,<team_abbrev>,NULL,Player has null/empty team field - breaks team-based filters
P2,C,4.0,null_team_field,Brad Boxberger,502202,,,<team_abbrev>,NULL,Player has null/empty team field - breaks team-based filters
P2,C,4.0,null_team_field,Nick Richmond,689968,,,<team_abbrev>,NULL,Player has null/empty team field - breaks team-based filters
P2,C,4.0,null_team_field,Tyler Eckberg,690501,,,<team_abbrev>,NULL,Player has null/empty team field - breaks team-based filters
P2,C,4.0,null_team_field,Juan Nunez,650994,,,<team_abbrev>,NULL,Player has null/empty team field - breaks team-based filters
P2,C,4.0,null_team_field,Vince Vannelle,686974,,,<team_abbrev>,NULL,Player has null/empty team field - breaks team-based filters
P2,C,4.0,null_team_field,Shawn Rapp,688943,,,<team_abbrev>,NULL,Player has null/empty team field - breaks team-based filters
P2,C,4.0,null_team_field,Silvino Bracho,611093,,,<team_abbrev>,NULL,Player has null/empty team field - breaks team-based filters
P2,C,4.0,null_team_field,Tyler Danish,641501,,,<team_abbrev>,NULL,Player has null/empty team field - breaks team-based filters
P2,C,4.0,null_team_field,Regi Grace,681322,,,<team_abbrev>,NULL,Player has null/empty team field - breaks team-based filters
P2,C,4.0,null_team_field,Chris Wright,686819,,,<team_abbrev>,NULL,Player has null/empty team field - breaks team-based filters
P2,C,4.0,null_team_field,Jonathan Sprinkle,679062,,,<team_abbrev>,NULL,Player has null/empty team field - breaks team-based filters
P2,C,4.0,null_team_field,Clay Helvey,663627,,,<team_abbrev>,NULL,Player has null/empty team field - breaks team-based filters
P2,C,4.0,null_team_field,Hunter Gregory,695347,,,<team_abbrev>,NULL,Player has null/empty team field - breaks team-based filters
P2,C,4.0,null_team_field,Dereck Rodríguez,605446,,,<team_abbrev>,NULL,Player has null/empty team field - breaks team-based filters
P2,C,4.0,null_team_field,Michael Brewer,688703,,,<team_abbrev>,NULL,Player has null/empty team field - breaks team-based filters
P2,C,4.0,null_team_field,Jack Snyder,801389,,,<team_abbrev>,NULL,Player has null/empty team field - breaks team-based filters
P2,C,4.0,null_team_field,Zach Haake,676252,,,<team_abbrev>,NULL,Player has null/empty team field - breaks team-based filters
P2,C,4.0,null_team_field,Raúl Alcantara,678921,,,<team_abbrev>,NULL,Player has null/empty team field - breaks team-based filters
P2,C,4.0,null_team_field,Jhosmer Alvarez,678493,,,<team_abbrev>,NULL,Player has null/empty team field - breaks team-based filters
P2,C,4.0,null_team_field,Manuel Medina,686859,,,<team_abbrev>,NULL,Player has null/empty team field - breaks team-based filters
P2,C,4.0,null_team_field,Yefry Ramírez,606162,,,<team_abbrev>,NULL,Player has null/empty team field - breaks team-based filters
P2,C,4.0,null_team_field,Chavez Fernander,681501,,,<team_abbrev>,NULL,Player has null/empty team field - breaks team-based filters
P2,C,4.0,null_team_field,Kasey Ford,687271,,,<team_abbrev>,NULL,Player has null/empty team field - breaks team-based filters
P2,C,4.0,null_team_field,Cam Robinson,676515,,,<team_abbrev>,NULL,Player has null/empty team field - breaks team-based filters
P2,C,4.0,null_team_field,Vladimir Gutierrez,661269,,,<team_abbrev>,NULL,Player has null/empty team field - breaks team-based filters
P2,C,4.0,null_team_field,Odalvi Javier,660440,,,<team_abbrev>,NULL,Player has null/empty team field - breaks team-based filters
P2,C,4.0,null_team_field,Manuel Alvarez,676520,,,<team_abbrev>,NULL,Player has null/empty team field - breaks team-based filters
P2,C,4.0,null_team_field,Alejandro Melean,678287,,,<team_abbrev>,NULL,Player has null/empty team field - breaks team-based filters
P2,C,4.0,null_team_field,Jonathan Hughes,663670,,,<team_abbrev>,NULL,Player has null/empty team field - breaks team-based filters
P2,C,4.0,null_team_field,Michell Miliano,672353,,,<team_abbrev>,NULL,Player has null/empty team field - breaks team-based filters
P2,C,4.0,null_team_field,Eudrys Manon,684875,,,<team_abbrev>,NULL,Player has null/empty team field - breaks team-based filters
P2,C,4.0,null_team_field,Dylan Spacke,686679,,,<team_abbrev>,NULL,Player has null/empty team field - breaks team-based filters
P2,C,4.0,null_team_field,Angel Reyes,681938,,,<team_abbrev>,NULL,Player has null/empty team field - breaks team-based filters
P2,C,4.0,null_team_field,Carlos A. Francisco,687956,,,<team_abbrev>,NULL,Player has null/empty team field - breaks team-based filters
P2,C,4.0,null_team_field,Art Warren,605521,,,<team_abbrev>,NULL,Player has null/empty team field - breaks team-based filters
P2,C,4.0,null_team_field,Penn Murfee,682171,,,<team_abbrev>,NULL,Player has null/empty team field - breaks team-based filters
P2,C,4.0,null_team_field,Mitchell Tyranski,680454,,,<team_abbrev>,NULL,Player has null/empty team field - breaks team-based filters
P2,C,4.0,null_team_field,Ross Carver,687102,,,<team_abbrev>,NULL,Player has null/empty team field - breaks team-based filters
P2,C,4.0,null_team_field,Andrew Schultz,669697,,,<team_abbrev>,NULL,Player has null/empty team field - breaks team-based filters
P2,C,4.0,null_team_field,Chris Gau,680961,,,<team_abbrev>,NULL,Player has null/empty team field - breaks team-based filters
P2,C,4.0,null_team_field,Nick Trogrlic-Iverson,666371,,,<team_abbrev>,NULL,Player has null/empty team field - breaks team-based filters
P2,C,4.0,null_team_field,Ian Villers,677351,,,<team_abbrev>,NULL,Player has null/empty team field - breaks team-based filters
P2,C,4.0,null_team_field,Carlos Meza,680640,,,<team_abbrev>,NULL,Player has null/empty team field - breaks team-based filters
P2,C,4.0,null_team_field,Dahian Santos,692479,,,<team_abbrev>,NULL,Player has null/empty team field - breaks team-based filters
P2,C,4.0,null_team_field,Edwin Escobar,546276,,,<team_abbrev>,NULL,Player has null/empty team field - breaks team-based filters
P2,C,4.0,null_team_field,Dylan Heid,695327,,,<team_abbrev>,NULL,Player has null/empty team field - breaks team-based filters
P2,C,4.0,null_team_field,Paolo Espino,502179,,,<team_abbrev>,NULL,Player has null/empty team field - breaks team-based filters
P2,C,4.0,null_team_field,Tyson Miller,668338,,,<team_abbrev>,NULL,Player has null/empty team field - breaks team-based filters
P2,C,4.0,null_team_field,Oliver Garcia,666803,,,<team_abbrev>,NULL,Player has null/empty team field - breaks team-based filters
P2,C,4.0,null_team_field,Sam Thoresen,679645,,,<team_abbrev>,NULL,Player has null/empty team field - breaks team-based filters
P2,C,4.0,null_team_field,Wander Guante,685588,,,<team_abbrev>,NULL,Player has null/empty team field - breaks team-based filters
P2,C,4.0,null_team_field,Jake Reed,596082,,,<team_abbrev>,NULL,Player has null/empty team field - breaks team-based filters
P2,C,4.0,null_team_field,Naswell Paulino,672614,,,<team_abbrev>,NULL,Player has null/empty team field - breaks team-based filters
P2,C,4.0,null_team_field,Seunghwan Oh,493200,,,<team_abbrev>,NULL,Player has null/empty team field - breaks team-based filters
P2,C,4.0,null_team_field,Miguel Gomez,685777,,,<team_abbrev>,NULL,Player has null/empty team field - breaks team-based filters
P2,C,4.0,null_team_field,Gabriel Jackson,682791,,,<team_abbrev>,NULL,Player has null/empty team field - breaks team-based filters
P2,C,4.0,null_team_field,Hirokazu Sawamura,617228,,,<team_abbrev>,NULL,Player has null/empty team field - breaks team-based filters
P2,C,4.0,null_team_field,Bryan Chi,701261,,,<team_abbrev>,NULL,Player has null/empty team field - breaks team-based filters
P2,C,4.0,null_team_field,Parker Harm,690216,,,<team_abbrev>,NULL,Player has null/empty team field - breaks team-based filters
P2,C,4.0,null_team_field,Jun Ho Ha,547303,,,<team_abbrev>,NULL,Player has null/empty team field - breaks team-based filters
P2,C,4.0,null_team_field,Gerardo Gutierrez,677916,,,<team_abbrev>,NULL,Player has null/empty team field - breaks team-based filters
P2,C,4.0,null_team_field,Michel Baez,673258,,,<team_abbrev>,NULL,Player has null/empty team field - breaks team-based filters
P2,C,4.0,null_team_field,Austin Briggs,682106,,,<team_abbrev>,NULL,Player has null/empty team field - breaks team-based filters
P2,C,4.0,null_team_field,Samuel Mejia,692410,,,<team_abbrev>,NULL,Player has null/empty team field - breaks team-based filters
P2,C,4.0,null_team_field,Christopher Troye,671220,,,<team_abbrev>,NULL,Player has null/empty team field - breaks team-based filters
P2,C,4.0,null_team_field,Henry Henry,665963,,,<team_abbrev>,NULL,Player has null/empty team field - breaks team-based filters
P2,C,4.0,null_team_field,Joey Lancellotti,672285,,,<team_abbrev>,NULL,Player has null/empty team field - breaks team-based filters
P2,C,4.0,null_team_field,Grant Ford,687352,,,<team_abbrev>,NULL,Player has null/empty team field - breaks team-based filters
P2,C,4.0,null_team_field,Josh Mollerus,802979,,,<team_abbrev>,NULL,Player has null/empty team field - breaks team-based filters
P2,C,4.0,null_team_field,Carlos Romero,673395,,,<team_abbrev>,NULL,Player has null/empty team field - breaks team-based filters
P2,C,4.0,null_team_field,Heath Hembree,592390,,,<team_abbrev>,NULL,Player has null/empty team field - breaks team-based filters
P2,C,4.0,null_team_field,Brad Case,681902,,,<team_abbrev>,NULL,Player has null/empty team field - breaks team-based filters
P2,C,4.0,null_team_field,Nicholas Regalado,805727,,,<team_abbrev>,NULL,Player has null/empty team field - breaks team-based filters
P2,C,4.0,null_team_field,Dylan Spain,688125,,,<team_abbrev>,NULL,Player has null/empty team field - breaks team-based filters
P2,C,4.0,null_team_field,Hunter Dollander,805368,,,<team_abbrev>,NULL,Player has null/empty team field - breaks team-based filters
P2,C,4.0,null_team_field,Trevor Kelley,665001,,,<team_abbrev>,NULL,Player has null/empty team field - breaks team-based filters
P2,C,4.0,null_team_field,José Geraldo,678980,,,<team_abbrev>,NULL,Player has null/empty team field - breaks team-based filters
P2,C,4.0,null_team_field,Fineas Del Bonta-Smith,687486,,,<team_abbrev>,NULL,Player has null/empty team field - breaks team-based filters
P2,C,4.0,null_team_field,Garvin Alston,664691,,,<team_abbrev>,NULL,Player has null/empty team field - breaks team-based filters
P2,C,4.0,null_team_field,Drew Parrish,669283,,,<team_abbrev>,NULL,Player has null/empty team field - breaks team-based filters
P2,C,4.0,null_team_field,Bobby Milacki,673872,,,<team_abbrev>,NULL,Player has null/empty team field - breaks team-based filters
P2,C,4.0,null_team_field,Nate Webb,670246,,,<team_abbrev>,NULL,Player has null/empty team field - breaks team-based filters
P2,C,4.0,null_team_field,Matthew Bollenbacher,809232,,,<team_abbrev>,NULL,Player has null/empty team field - breaks team-based filters
P2,C,4.0,null_team_field,Conor Grammes,682202,,,<team_abbrev>,NULL,Player has null/empty team field - breaks team-based filters
P2,C,4.0,null_team_field,Jordan Holloway,656548,,,<team_abbrev>,NULL,Player has null/empty team field - breaks team-based filters
P2,C,4.0,null_team_field,Daniel Zamora,623354,,,<team_abbrev>,NULL,Player has null/empty team field - breaks team-based filters
P2,C,4.0,null_team_field,Nick Mikolajchak,679777,,,<team_abbrev>,NULL,Player has null/empty team field - breaks team-based filters
P2,C,4.0,null_team_field,Trey Braithwaite,679985,,,<team_abbrev>,NULL,Player has null/empty team field - breaks team-based filters
P2,C,4.0,null_team_field,Bo Takahashi,649963,,,<team_abbrev>,NULL,Player has null/empty team field - breaks team-based filters
P2,C,4.0,null_team_field,Tyrone Yulie,682944,,,<team_abbrev>,NULL,Player has null/empty team field - breaks team-based filters
P2,C,4.0,null_team_field,Will Gaddis,657581,,,<team_abbrev>,NULL,Player has null/empty team field - breaks team-based filters
P2,C,4.0,null_team_field,Michael Gomez,676546,,,<team_abbrev>,NULL,Player has null/empty team field - breaks team-based filters
P2,C,4.0,null_team_field,Sammy Tavarez,679013,,,<team_abbrev>,NULL,Player has null/empty team field - breaks team-based filters
P2,C,4.0,null_team_field,Dante Biasi,668857,,,<team_abbrev>,NULL,Player has null/empty team field - breaks team-based filters
P2,C,4.0,null_team_field,Chandler Jozwiak,685001,,,<team_abbrev>,NULL,Player has null/empty team field - breaks team-based filters
P2,C,4.0,null_team_field,Brooks Crawford,663883,,,<team_abbrev>,NULL,Player has null/empty team field - breaks team-based filters
P2,C,4.0,null_team_field,Sebastian Keane,687187,,,<team_abbrev>,NULL,Player has null/empty team field - breaks team-based filters
P2,C,4.0,null_team_field,Si Hwan Chang,673485,,,<team_abbrev>,NULL,Player has null/empty team field - breaks team-based filters
P2,C,4.0,null_team_field,Rhett Kouba,688763,,,<team_abbrev>,NULL,Player has null/empty team field - breaks team-based filters
P2,C,4.0,null_team_field,Tyler Driver,686593,,,<team_abbrev>,NULL,Player has null/empty team field - breaks team-based filters
P2,C,4.0,null_team_field,Dalton Roach,681989,,,<team_abbrev>,NULL,Player has null/empty team field - breaks team-based filters
P2,C,4.0,null_team_field,Luke Farrell,608652,,,<team_abbrev>,NULL,Player has null/empty team field - breaks team-based filters
P2,C,4.0,null_team_field,Pilljoon Jang,547755,,,<team_abbrev>,NULL,Player has null/empty team field - breaks team-based filters
P2,C,4.0,null_team_field,Jack Noble,804665,,,<team_abbrev>,NULL,Player has null/empty team field - breaks team-based filters
P2,C,4.0,null_team_field,Jared Solomon,676660,,,<team_abbrev>,NULL,Player has null/empty team field - breaks team-based filters
P2,C,4.0,null_team_field,Richard Rodríguez,593144,,,<team_abbrev>,NULL,Player has null/empty team field - breaks team-based filters
P2,C,4.0,null_team_field,Manuel Cachutt,674289,,,<team_abbrev>,NULL,Player has null/empty team field - breaks team-based filters
P2,C,4.0,null_team_field,Jeff Lindgren,689167,,,<team_abbrev>,NULL,Player has null/empty team field - breaks team-based filters
P2,C,4.0,null_team_field,John Matthews,687397,,,<team_abbrev>,NULL,Player has null/empty team field - breaks team-based filters
P2,C,4.0,null_team_field,Mason Hickman,668971,,,<team_abbrev>,NULL,Player has null/empty team field - breaks team-based filters
P2,C,4.0,null_team_field,Ryan Shreve,662914,,,<team_abbrev>,NULL,Player has null/empty team field - breaks team-based filters
P2,C,4.0,null_team_field,Michael Mariot,592527,,,<team_abbrev>,NULL,Player has null/empty team field - breaks team-based filters
P2,C,4.0,null_team_field,Sheldon Reed,663477,,,<team_abbrev>,NULL,Player has null/empty team field - breaks team-based filters
P2,C,4.0,null_team_field,Allan Hernandez,687198,,,<team_abbrev>,NULL,Player has null/empty team field - breaks team-based filters
P2,C,4.0,null_team_field,Billy Sullivan,676907,,,<team_abbrev>,NULL,Player has null/empty team field - breaks team-based filters
P2,C,4.0,null_team_field,Preston Johnson,699980,,,<team_abbrev>,NULL,Player has null/empty team field - breaks team-based filters
P2,C,4.0,null_team_field,Zack Brown,641409,,,<team_abbrev>,NULL,Player has null/empty team field - breaks team-based filters
P2,C,4.0,null_team_field,Caleb Smith,592761,,,<team_abbrev>,NULL,Player has null/empty team field - breaks team-based filters
P2,C,4.0,null_team_field,Jake Brentz,641394,,,<team_abbrev>,NULL,Player has null/empty team field - breaks team-based filters
P2,C,4.0,null_team_field,Juan De Los Santos,685379,,,<team_abbrev>,NULL,Player has null/empty team field - breaks team-based filters
P2,C,4.0,null_team_field,Ralph Garza Jr.,621248,,,<team_abbrev>,NULL,Player has null/empty team field - breaks team-based filters
P2,C,4.0,null_team_field,Randy Labaut,665178,,,<team_abbrev>,NULL,Player has null/empty team field - breaks team-based filters
P2,C,4.0,null_team_field,Tahnaj Thomas,673231,,,<team_abbrev>,NULL,Player has null/empty team field - breaks team-based filters
P2,C,4.0,null_team_field,Kih-Yun Yang,692725,,,<team_abbrev>,NULL,Player has null/empty team field - breaks team-based filters
P2,C,4.0,null_team_field,Jordany Ventura,683094,,,<team_abbrev>,NULL,Player has null/empty team field - breaks team-based filters
P2,C,4.0,null_team_field,Luarbert Arias,678215,,,<team_abbrev>,NULL,Player has null/empty team field - breaks team-based filters
P2,C,4.0,null_team_field,Andrew Marrero,687817,,,<team_abbrev>,NULL,Player has null/empty team field - breaks team-based filters
P2,C,4.0,null_team_field,Zach Barnes,695071,,,<team_abbrev>,NULL,Player has null/empty team field - breaks team-based filters
P2,C,4.0,null_team_field,Edwuin Bencomo,667746,,,<team_abbrev>,NULL,Player has null/empty team field - breaks team-based filters
P2,C,4.0,null_team_field,Jake Gozzo,689214,,,<team_abbrev>,NULL,Player has null/empty team field - breaks team-based filters
P2,C,4.0,null_team_field,Dylan Hall,689876,,,<team_abbrev>,NULL,Player has null/empty team field - breaks team-based filters
P2,C,4.0,null_team_field,José Cruz,678804,,,<team_abbrev>,NULL,Player has null/empty team field - breaks team-based filters
P2,C,4.0,null_team_field,Michael Martinez,681597,,,<team_abbrev>,NULL,Player has null/empty team field - breaks team-based filters
P2,C,4.0,null_team_field,Ryan Garcia,674114,,,<team_abbrev>,NULL,Player has null/empty team field - breaks team-based filters
P2,C,4.0,null_team_field,Daniel Ponce de Leon,594965,,,<team_abbrev>,NULL,Player has null/empty team field - breaks team-based filters
P2,C,4.0,null_team_field,Arij Fransen,687677,,,<team_abbrev>,NULL,Player has null/empty team field - breaks team-based filters
P2,C,4.0,null_team_field,Chris Jefferson,690103,,,<team_abbrev>,NULL,Player has null/empty team field - breaks team-based filters
P2,C,4.0,null_team_field,Pedro Santos,683726,,,<team_abbrev>,NULL,Player has null/empty team field - breaks team-based filters
P2,C,4.0,null_team_field,Jordan Jones,669437,,,<team_abbrev>,NULL,Player has null/empty team field - breaks team-based filters
P2,C,4.0,null_team_field,Nick Swiney,676464,,,<team_abbrev>,NULL,Player has null/empty team field - breaks team-based filters
P2,C,4.0,null_team_field,Tyler Thornton,696263,,,<team_abbrev>,NULL,Player has null/empty team field - breaks team-based filters
P2,C,4.0,null_team_field,John Doxakis,669648,,,<team_abbrev>,NULL,Player has null/empty team field - breaks team-based filters
P2,C,4.0,null_team_field,Jacob Gomez,827499,,,<team_abbrev>,NULL,Player has null/empty team field - breaks team-based filters
P2,C,4.0,null_team_field,Caleb Wurster,693473,,,<team_abbrev>,NULL,Player has null/empty team field - breaks team-based filters
P2,C,4.0,null_team_field,Xzavion Curry,675540,,,<team_abbrev>,NULL,Player has null/empty team field - breaks team-based filters
P2,C,4.0,null_team_field,Tyler Guilfoil,805965,,,<team_abbrev>,NULL,Player has null/empty team field - breaks team-based filters
P2,C,4.0,null_team_field,Eduardo Herrera,672620,,,<team_abbrev>,NULL,Player has null/empty team field - breaks team-based filters
P2,C,4.0,null_team_field,Tim Brennan,681815,,,<team_abbrev>,NULL,Player has null/empty team field - breaks team-based filters
P2,C,4.0,null_team_field,Matt Gabbert,814290,,,<team_abbrev>,NULL,Player has null/empty team field - breaks team-based filters
P2,C,4.0,null_team_field,Cameron Junker,669668,,,<team_abbrev>,NULL,Player has null/empty team field - breaks team-based filters
P2,C,4.0,null_team_field,Junior Santos,681744,,,<team_abbrev>,NULL,Player has null/empty team field - breaks team-based filters
P2,C,4.0,null_team_field,Anderson Bido,675525,,,<team_abbrev>,NULL,Player has null/empty team field - breaks team-based filters
P2,C,4.0,null_team_field,Cooper McKeehan,801479,,,<team_abbrev>,NULL,Player has null/empty team field - breaks team-based filters
P2,C,4.0,null_team_field,Liam Norris,691005,,,<team_abbrev>,NULL,Player has null/empty team field - breaks team-based filters
P2,C,4.0,null_team_field,Dillon Larsen,689937,,,<team_abbrev>,NULL,Player has null/empty team field - breaks team-based filters
P2,C,4.0,null_team_field,Andy Rodriguez,701259,,,<team_abbrev>,NULL,Player has null/empty team field - breaks team-based filters
P2,C,4.0,null_team_field,Kelvin Bautista,678654,,,<team_abbrev>,NULL,Player has null/empty team field - breaks team-based filters
P2,C,4.0,null_team_field,Ryan Langford,679622,,,<team_abbrev>,NULL,Player has null/empty team field - breaks team-based filters
P2,C,4.0,null_team_field,Robbie Peto,668878,,,<team_abbrev>,NULL,Player has null/empty team field - breaks team-based filters
P2,C,4.0,null_team_field,Todd Peterson,668720,,,<team_abbrev>,NULL,Player has null/empty team field - breaks team-based filters
P2,C,4.0,null_team_field,Jose Ramirez,681459,,,<team_abbrev>,NULL,Player has null/empty team field - breaks team-based filters
P2,C,4.0,null_team_field,Carlos Garcia,681603,,,<team_abbrev>,NULL,Player has null/empty team field - breaks team-based filters
P2,C,4.0,null_team_field,Nathanael Heredia,678975,,,<team_abbrev>,NULL,Player has null/empty team field - breaks team-based filters
P2,C,4.0,null_team_field,Jake Rice,687095,,,<team_abbrev>,NULL,Player has null/empty team field - breaks team-based filters
P2,C,4.0,null_team_field,Marlin Willis,668707,,,<team_abbrev>,NULL,Player has null/empty team field - breaks team-based filters
P2,C,4.0,null_team_field,Nicolas Herold,815013,,,<team_abbrev>,NULL,Player has null/empty team field - breaks team-based filters
P2,C,4.0,null_team_field,Chase De Jong,608328,,,<team_abbrev>,NULL,Player has null/empty team field - breaks team-based filters
P2,C,4.0,null_team_field,Eli Saul,683272,,,<team_abbrev>,NULL,Player has null/empty team field - breaks team-based filters
P2,C,4.0,null_team_field,Bryce Collins,680864,,,<team_abbrev>,NULL,Player has null/empty team field - breaks team-based filters
P2,C,4.0,null_team_field,J.C. Flowers,669001,,,<team_abbrev>,NULL,Player has null/empty team field - breaks team-based filters
P2,C,4.0,null_team_field,Roman Phansalkar,676502,,,<team_abbrev>,NULL,Player has null/empty team field - breaks team-based filters
P2,C,4.0,null_team_field,Jorge Benitez,676221,,,<team_abbrev>,NULL,Player has null/empty team field - breaks team-based filters
P2,C,4.0,null_team_field,Florencio Serrano,677568,,,<team_abbrev>,NULL,Player has null/empty team field - breaks team-based filters
P2,C,4.0,null_team_field,Matt Eckelman,664158,,,<team_abbrev>,NULL,Player has null/empty team field - breaks team-based filters
P2,C,4.0,null_team_field,Karl Kauffmann,666154,,,<team_abbrev>,NULL,Player has null/empty team field - breaks team-based filters
P2,C,4.0,null_team_field,Jae Yun Kim,573618,,,<team_abbrev>,NULL,Player has null/empty team field - breaks team-based filters
P2,C,4.0,null_team_field,Ben Wereski,686844,,,<team_abbrev>,NULL,Player has null/empty team field - breaks team-based filters
P2,C,4.0,null_team_field,Ruben Galindo,692020,,,<team_abbrev>,NULL,Player has null/empty team field - breaks team-based filters
P2,C,4.0,null_team_field,Ben Beutel,694969,,,<team_abbrev>,NULL,Player has null/empty team field - breaks team-based filters
P2,C,4.0,null_team_field,Jackson Hicks,703104,,,<team_abbrev>,NULL,Player has null/empty team field - breaks team-based filters
P2,C,4.0,null_team_field,Cam Brown,674967,,,<team_abbrev>,NULL,Player has null/empty team field - breaks team-based filters
P2,C,4.0,null_team_field,Juan Zapata,679033,,,<team_abbrev>,NULL,Player has null/empty team field - breaks team-based filters
P2,C,4.0,null_team_field,Glenn Albanese Jr.,676077,,,<team_abbrev>,NULL,Player has null/empty team field - breaks team-based filters
P2,C,4.0,null_team_field,Manuel Veloz,691171,,,<team_abbrev>,NULL,Player has null/empty team field - breaks team-based filters
P2,C,4.0,null_team_field,Endrys Briceno,553968,,,<team_abbrev>,NULL,Player has null/empty team field - breaks team-based filters
P2,C,4.0,null_team_field,Dannel Diaz,807208,,,<team_abbrev>,NULL,Player has null/empty team field - breaks team-based filters
P2,C,4.0,null_team_field,Justin Lange,694367,,,<team_abbrev>,NULL,Player has null/empty team field - breaks team-based filters
P2,C,4.0,null_team_field,Shaddon Peavyhouse,685097,,,<team_abbrev>,NULL,Player has null/empty team field - breaks team-based filters
P2,C,4.0,null_team_field,Allan Saathoff,802697,,,<team_abbrev>,NULL,Player has null/empty team field - breaks team-based filters
P2,C,4.0,null_team_field,Nick Paciorek,687392,,,<team_abbrev>,NULL,Player has null/empty team field - breaks team-based filters
P2,C,4.0,null_team_field,Nick Wissman,828470,,,<team_abbrev>,NULL,Player has null/empty team field - breaks team-based filters
P2,C,4.0,null_team_field,Ben Harris,677946,,,<team_abbrev>,NULL,Player has null/empty team field - breaks team-based filters
P2,C,4.0,null_team_field,Nick Lockhart,686957,,,<team_abbrev>,NULL,Player has null/empty team field - breaks team-based filters
P2,C,4.0,null_team_field,Cale Lansville,695746,,,<team_abbrev>,NULL,Player has null/empty team field - breaks team-based filters
P2,C,4.0,null_team_field,Joey Stock,695960,,,<team_abbrev>,NULL,Player has null/empty team field - breaks team-based filters
P2,C,4.0,null_team_field,Yoldin De La Paz,692848,,,<team_abbrev>,NULL,Player has null/empty team field - breaks team-based filters
P2,C,4.0,null_team_field,Darvin Garcia,691811,,,<team_abbrev>,NULL,Player has null/empty team field - breaks team-based filters
P2,C,4.0,null_team_field,Derek Casey,656297,,,<team_abbrev>,NULL,Player has null/empty team field - breaks team-based filters
P2,C,4.0,null_team_field,A.J. Labas,669332,,,<team_abbrev>,NULL,Player has null/empty team field - breaks team-based filters
P2,C,4.0,null_team_field,Joe Kemlage,703240,,,<team_abbrev>,NULL,Player has null/empty team field - breaks team-based filters
P2,C,4.0,null_team_field,Alonzo Richardson,694946,,,<team_abbrev>,NULL,Player has null/empty team field - breaks team-based filters
P2,C,4.0,null_team_field,Samuel Perez,682840,,,<team_abbrev>,NULL,Player has null/empty team field - breaks team-based filters
P2,C,4.0,null_team_field,Felix Ramires,678498,,,<team_abbrev>,NULL,Player has null/empty team field - breaks team-based filters
P2,C,4.0,null_team_field,Dalton Fowler,687096,,,<team_abbrev>,NULL,Player has null/empty team field - breaks team-based filters
P2,C,4.0,null_team_field,Jenrry Gonzalez,678404,,,<team_abbrev>,NULL,Player has null/empty team field - breaks team-based filters
P2,C,4.0,null_team_field,Cleiverth Perez,672558,,,<team_abbrev>,NULL,Player has null/empty team field - breaks team-based filters
P2,C,4.0,null_team_field,Aaron Rund,810921,,,<team_abbrev>,NULL,Player has null/empty team field - breaks team-based filters
P2,C,4.0,null_team_field,Natanael Garabitos,686460,,,<team_abbrev>,NULL,Player has null/empty team field - breaks team-based filters
P2,C,4.0,null_team_field,Brett Standlee,685402,,,<team_abbrev>,NULL,Player has null/empty team field - breaks team-based filters
P2,C,4.0,null_team_field,Aidan Maldonado,682251,,,<team_abbrev>,NULL,Player has null/empty team field - breaks team-based filters
P2,C,4.0,null_team_field,Connor Housley,687355,,,<team_abbrev>,NULL,Player has null/empty team field - breaks team-based filters
P2,C,4.0,null_team_field,J.P. Massey,685364,,,<team_abbrev>,NULL,Player has null/empty team field - breaks team-based filters
P2,C,4.0,null_team_field,Luis Montas,691703,,,<team_abbrev>,NULL,Player has null/empty team field - breaks team-based filters
P2,C,4.0,null_team_field,Brannon Jordan,687561,,,<team_abbrev>,NULL,Player has null/empty team field - breaks team-based filters
P2,C,4.0,null_team_field,Jeff Hakanson,695377,,,<team_abbrev>,NULL,Player has null/empty team field - breaks team-based filters
P2,C,4.0,null_team_field,Cooper Chandler,695265,,,<team_abbrev>,NULL,Player has null/empty team field - breaks team-based filters
P2,C,4.0,null_team_field,Ronny Garcia,672774,,,<team_abbrev>,NULL,Player has null/empty team field - breaks team-based filters
P2,C,4.0,null_team_field,Brock Bell,687770,,,<team_abbrev>,NULL,Player has null/empty team field - breaks team-based filters
P2,C,4.0,null_team_field,Casey Cobb,690530,,,<team_abbrev>,NULL,Player has null/empty team field - breaks team-based filters
P2,C,4.0,null_team_field,Stone Hewlett,803108,,,<team_abbrev>,NULL,Player has null/empty team field - breaks team-based filters
P2,C,4.0,null_team_field,Wilker Reyes,683497,,,<team_abbrev>,NULL,Player has null/empty team field - breaks team-based filters
P2,C,4.0,null_team_field,Erubiel Armenta,692068,,,<team_abbrev>,NULL,Player has null/empty team field - breaks team-based filters
P2,C,4.0,null_team_field,Jose E. Martinez,672866,,,<team_abbrev>,NULL,Player has null/empty team field - breaks team-based filters
P2,C,4.0,null_team_field,Carson Rudd,695297,,,<team_abbrev>,NULL,Player has null/empty team field - breaks team-based filters
P2,C,4.0,null_team_field,Mauricio Veliz,692616,,,<team_abbrev>,NULL,Player has null/empty team field - breaks team-based filters
P2,C,4.0,null_team_field,Austin Becker,678014,,,<team_abbrev>,NULL,Player has null/empty team field - breaks team-based filters
P2,C,4.0,null_team_field,Yohanse Morel,678353,,,<team_abbrev>,NULL,Player has null/empty team field - breaks team-based filters
P2,C,4.0,null_team_field,Tyler Davis,824623,,,<team_abbrev>,NULL,Player has null/empty team field - breaks team-based filters
P2,C,4.0,null_team_field,Dante Mendoza,676686,,,<team_abbrev>,NULL,Player has null/empty team field - breaks team-based filters
P2,C,4.0,null_team_field,Dan Straily,573185,,,<team_abbrev>,NULL,Player has null/empty team field - breaks team-based filters
P2,C,4.0,null_team_field,Will Christophersen,808876,,,<team_abbrev>,NULL,Player has null/empty team field - breaks team-based filters
P2,C,4.0,null_team_field,Jimmy Loper,803182,,,<team_abbrev>,NULL,Player has null/empty team field - breaks team-based filters
P2,C,4.0,null_team_field,Jake Stevenson,679648,,,<team_abbrev>,NULL,Player has null/empty team field - breaks team-based filters
P2,C,4.0,null_team_field,Kole Ramage,690945,,,<team_abbrev>,NULL,Player has null/empty team field - breaks team-based filters
P2,C,4.0,null_team_field,Rob Griswold,700375,,,<team_abbrev>,NULL,Player has null/empty team field - breaks team-based filters
P2,C,4.0,null_team_field,Didier Vargas,672551,,,<team_abbrev>,NULL,Player has null/empty team field - breaks team-based filters
P2,C,4.0,null_team_field,Shane Gray,804904,,,<team_abbrev>,NULL,Player has null/empty team field - breaks team-based filters
P2,C,4.0,null_team_field,William Silva,687222,,,<team_abbrev>,NULL,Player has null/empty team field - breaks team-based filters
P2,C,4.0,null_team_field,Jack Owen,671116,,,<team_abbrev>,NULL,Player has null/empty team field - breaks team-based filters
P2,C,4.0,null_team_field,Jack Patterson,682163,,,<team_abbrev>,NULL,Player has null/empty team field - breaks team-based filters
P2,C,4.0,null_team_field,Alex Garbrick,687885,,,<team_abbrev>,NULL,Player has null/empty team field - breaks team-based filters
P2,C,4.0,null_team_field,Will Geerdes,803177,,,<team_abbrev>,NULL,Player has null/empty team field - breaks team-based filters
P2,C,4.0,null_team_field,Jordan DiValerio,687938,,,<team_abbrev>,NULL,Player has null/empty team field - breaks team-based filters
P2,C,4.0,null_team_field,Patrick Maybach,689598,,,<team_abbrev>,NULL,Player has null/empty team field - breaks team-based filters
P2,C,4.0,null_team_field,Steven Sanchez,692669,,,<team_abbrev>,NULL,Player has null/empty team field - breaks team-based filters
P2,C,4.0,null_team_field,Julian Smith,681886,,,<team_abbrev>,NULL,Player has null/empty team field - breaks team-based filters
P2,C,4.0,null_team_field,Charlie Neuweiler,676597,,,<team_abbrev>,NULL,Player has null/empty team field - breaks team-based filters
P2,C,4.0,null_team_field,Robinson Hernandez,681619,,,<team_abbrev>,NULL,Player has null/empty team field - breaks team-based filters
P2,C,4.0,null_team_field,Ronaldo Alesandro,682551,,,<team_abbrev>,NULL,Player has null/empty team field - breaks team-based filters
P2,C,4.0,null_team_field,Dylan Burns,685064,,,<team_abbrev>,NULL,Player has null/empty team field - breaks team-based filters
P2,C,4.0,null_team_field,Franck De La Rosa,692651,,,<team_abbrev>,NULL,Player has null/empty team field - breaks team-based filters
P2,C,4.0,null_team_field,Leonardo Taveras,672405,,,<team_abbrev>,NULL,Player has null/empty team field - breaks team-based filters
P2,C,4.0,null_team_field,Matthew Linskey,700048,,,<team_abbrev>,NULL,Player has null/empty team field - breaks team-based filters
P2,C,4.0,null_team_field,Connor Fenlong,689181,,,<team_abbrev>,NULL,Player has null/empty team field - breaks team-based filters
P2,C,4.0,null_team_field,Brett Garcia,702286,,,<team_abbrev>,NULL,Player has null/empty team field - breaks team-based filters
P2,C,4.0,null_team_field,Harold Cortijo,676435,,,<team_abbrev>,NULL,Player has null/empty team field - breaks team-based filters
P2,C,4.0,null_team_field,Emilker Guzman,675842,,,<team_abbrev>,NULL,Player has null/empty team field - breaks team-based filters
P2,C,4.0,null_team_field,Jake Christianson,806279,,,<team_abbrev>,NULL,Player has null/empty team field - breaks team-based filters
P2,C,4.0,null_team_field,Tyler Yankosky,686987,,,<team_abbrev>,NULL,Player has null/empty team field - breaks team-based filters
P2,C,4.0,null_team_field,Xander Hamilton,687295,,,<team_abbrev>,NULL,Player has null/empty team field - breaks team-based filters
P2,C,4.0,null_team_field,Hale Sims,801512,,,<team_abbrev>,NULL,Player has null/empty team field - breaks team-based filters
P2,C,4.0,null_team_field,Gil Luna,669431,,,<team_abbrev>,NULL,Player has null/empty team field - breaks team-based filters
P2,C,4.0,null_team_field,John Beller,679882,,,<team_abbrev>,NULL,Player has null/empty team field - breaks team-based filters
P2,C,4.0,null_team_field,Malik Barrington,703105,,,<team_abbrev>,NULL,Player has null/empty team field - breaks team-based filters
P2,C,4.0,null_team_field,Joe Joe Rodriguez,689487,,,<team_abbrev>,NULL,Player has null/empty team field - breaks team-based filters
P2,C,4.0,null_team_field,Mac Lardner,687366,,,<team_abbrev>,NULL,Player has null/empty team field - breaks team-based filters
P2,C,4.0,null_team_field,Chris Mokma,687070,,,<team_abbrev>,NULL,Player has null/empty team field - breaks team-based filters
P2,C,4.0,null_team_field,Kade Mechals,686978,,,<team_abbrev>,NULL,Player has null/empty team field - breaks team-based filters
P2,C,4.0,null_team_field,Caleb Franzen,800061,,,<team_abbrev>,NULL,Player has null/empty team field - breaks team-based filters
P2,C,4.0,null_team_field,Aneudy Cortorreal,683676,,,<team_abbrev>,NULL,Player has null/empty team field - breaks team-based filters
P2,C,4.0,null_team_field,John Wilson,670251,,,<team_abbrev>,NULL,Player has null/empty team field - breaks team-based filters
P2,C,4.0,null_team_field,Marlon Perez,800211,,,<team_abbrev>,NULL,Player has null/empty team field - breaks team-based filters
P2,C,4.0,null_team_field,Daniel Blair,689096,,,<team_abbrev>,NULL,Player has null/empty team field - breaks team-based filters
P2,C,4.0,null_team_field,Maceo Campbell,695398,,,<team_abbrev>,NULL,Player has null/empty team field - breaks team-based filters
P2,C,4.0,null_team_field,A.J. Alexy,669935,,,<team_abbrev>,NULL,Player has null/empty team field - breaks team-based filters
P2,C,4.0,null_team_field,Danny Wilkinson,700673,,,<team_abbrev>,NULL,Player has null/empty team field - breaks team-based filters
P2,C,4.0,null_team_field,Eric Mendez,677804,,,<team_abbrev>,NULL,Player has null/empty team field - breaks team-based filters
P2,C,4.0,null_team_field,Tony Locey,666138,,,<team_abbrev>,NULL,Player has null/empty team field - breaks team-based filters
P2,C,4.0,null_team_field,Braden Carmichael,699628,,,<team_abbrev>,NULL,Player has null/empty team field - breaks team-based filters
P2,C,4.0,null_team_field,Kevin Vaupel,813849,,,<team_abbrev>,NULL,Player has null/empty team field - breaks team-based filters
P2,C,4.0,null_team_field,Miles Langhorne,695680,,,<team_abbrev>,NULL,Player has null/empty team field - breaks team-based filters
P2,C,4.0,null_team_field,Paxton Thompson,801505,,,<team_abbrev>,NULL,Player has null/empty team field - breaks team-based filters
P2,C,4.0,null_team_field,Brayan Perez,677644,,,<team_abbrev>,NULL,Player has null/empty team field - breaks team-based filters
P2,C,4.0,null_team_field,Tyree Thompson,670401,,,<team_abbrev>,NULL,Player has null/empty team field - breaks team-based filters
P2,C,4.0,null_team_field,Magdiel Cotto,694365,,,<team_abbrev>,NULL,Player has null/empty team field - breaks team-based filters
P2,C,4.0,null_team_field,Brayhans Barreto,810980,,,<team_abbrev>,NULL,Player has null/empty team field - breaks team-based filters
P2,C,4.0,null_team_field,Harrison Durow,815702,,,<team_abbrev>,NULL,Player has null/empty team field - breaks team-based filters
P2,C,4.0,null_team_field,Luis A. Rodriguez,700359,,,<team_abbrev>,NULL,Player has null/empty team field - breaks team-based filters
P2,C,4.0,null_team_field,Moises Diaz,681626,,,<team_abbrev>,NULL,Player has null/empty team field - breaks team-based filters
P2,C,4.0,null_team_field,Layonel Ovalles,693803,,,<team_abbrev>,NULL,Player has null/empty team field - breaks team-based filters
P2,C,4.0,null_team_field,Juan Mercedes,804974,,,<team_abbrev>,NULL,Player has null/empty team field - breaks team-based filters
P2,C,4.0,null_team_field,Jared Poland,680764,,,<team_abbrev>,NULL,Player has null/empty team field - breaks team-based filters
P2,C,4.0,null_team_field,Bradford Webb,702446,,,<team_abbrev>,NULL,Player has null/empty team field - breaks team-based filters
P2,C,4.0,null_team_field,Erik Ritchie,804116,,,<team_abbrev>,NULL,Player has null/empty team field - breaks team-based filters
P2,C,4.0,null_team_field,C.J. Mayhue,687839,,,<team_abbrev>,NULL,Player has null/empty team field - breaks team-based filters
P2,C,4.0,null_team_field,Jonalbert Rumbol,820880,,,<team_abbrev>,NULL,Player has null/empty team field - breaks team-based filters
P2,C,4.0,null_team_field,Matt Hickey,806277,,,<team_abbrev>,NULL,Player has null/empty team field - breaks team-based filters
P2,C,4.0,null_team_field,Graham Hoffman,668977,,,<team_abbrev>,NULL,Player has null/empty team field - breaks team-based filters
P2,C,4.0,null_team_field,Juan Martinez,682931,,,<team_abbrev>,NULL,Player has null/empty team field - breaks team-based filters
P2,C,4.0,null_team_field,Nate LaRue,687039,,,<team_abbrev>,NULL,Player has null/empty team field - breaks team-based filters
P2,C,4.0,null_team_field,Logan Britt,682996,,,<team_abbrev>,NULL,Player has null/empty team field - breaks team-based filters
P2,C,4.0,null_team_field,Brennen Oxford,680986,,,<team_abbrev>,NULL,Player has null/empty team field - breaks team-based filters
P2,C,4.0,null_team_field,Jackson Leath,687760,,,<team_abbrev>,NULL,Player has null/empty team field - breaks team-based filters
P2,C,4.0,null_team_field,Cam Wynne,688011,,,<team_abbrev>,NULL,Player has null/empty team field - breaks team-based filters
P2,C,4.0,null_team_field,Chase Antle,689299,,,<team_abbrev>,NULL,Player has null/empty team field - breaks team-based filters
P2,C,4.0,null_team_field,Tommy Kane,802998,,,<team_abbrev>,NULL,Player has null/empty team field - breaks team-based filters
P2,C,4.0,null_team_field,Augusto Calderon,680601,,,<team_abbrev>,NULL,Player has null/empty team field - breaks team-based filters
P2,C,4.0,null_team_field,Devin Kirby,808846,,,<team_abbrev>,NULL,Player has null/empty team field - breaks team-based filters
P2,C,4.0,null_team_field,Tim Elliott,669651,,,<team_abbrev>,NULL,Player has null/empty team field - breaks team-based filters
P2,C,4.0,null_team_field,Armando Vasquez,684848,,,<team_abbrev>,NULL,Player has null/empty team field - breaks team-based filters
P2,C,4.0,null_team_field,Juan Mendez,695996,,,<team_abbrev>,NULL,Player has null/empty team field - breaks team-based filters
P2,C,4.0,null_team_field,Benony Robles,678840,,,<team_abbrev>,NULL,Player has null/empty team field - breaks team-based filters
P2,C,4.0,null_team_field,Osiel Rodriguez,682640,,,<team_abbrev>,NULL,Player has null/empty team field - breaks team-based filters
P2,C,4.0,null_team_field,Hayden Nierman,805988,,,<team_abbrev>,NULL,Player has null/empty team field - breaks team-based filters
P2,C,4.0,null_team_field,Karlos Morales,676342,,,<team_abbrev>,NULL,Player has null/empty team field - breaks team-based filters
P2,C,4.0,null_team_field,JJ Sanchez,803039,,,<team_abbrev>,NULL,Player has null/empty team field - breaks team-based filters
P2,C,4.0,null_team_field,Bodi Rascon,686938,,,<team_abbrev>,NULL,Player has null/empty team field - breaks team-based filters
P2,C,4.0,null_team_field,Leam Mendez,801461,,,<team_abbrev>,NULL,Player has null/empty team field - breaks team-based filters
P2,C,4.0,null_team_field,Adonis Villavicencio,800536,,,<team_abbrev>,NULL,Player has null/empty team field - breaks team-based filters
P2,C,4.0,null_team_field,Maxwel Hernandez,800091,,,<team_abbrev>,NULL,Player has null/empty team field - breaks team-based filters
P2,C,4.0,null_team_field,Luis Devers,678843,,,<team_abbrev>,NULL,Player has null/empty team field - breaks team-based filters
P2,C,4.0,null_team_field,Ian Foggo,689303,,,<team_abbrev>,NULL,Player has null/empty team field - breaks team-based filters
P2,C,4.0,null_team_field,Luis Arejula,700728,,,<team_abbrev>,NULL,Player has null/empty team field - breaks team-based filters
P2,C,4.0,null_team_field,Bubba Hall,801540,,,<team_abbrev>,NULL,Player has null/empty team field - breaks team-based filters
P2,C,4.0,null_team_field,A.J. Wilson,687954,,,<team_abbrev>,NULL,Player has null/empty team field - breaks team-based filters
P2,C,4.0,null_team_field,Robert Wegielnik,814716,,,<team_abbrev>,NULL,Player has null/empty team field - breaks team-based filters
P2,C,4.0,null_team_field,Aidan Layton,828502,,,<team_abbrev>,NULL,Player has null/empty team field - breaks team-based filters
P2,C,4.0,null_team_field,Adel Dilone,693715,,,<team_abbrev>,NULL,Player has null/empty team field - breaks team-based filters
P2,C,4.0,null_team_field,Aneuris Rodriguez,802073,,,<team_abbrev>,NULL,Player has null/empty team field - breaks team-based filters
P2,C,4.0,null_team_field,Nick Pogue,680752,,,<team_abbrev>,NULL,Player has null/empty team field - breaks team-based filters
P2,C,4.0,null_team_field,Marcus Olivarez,701868,,,<team_abbrev>,NULL,Player has null/empty team field - breaks team-based filters
P2,C,4.0,null_team_field,Brendan Collins,701975,,,<team_abbrev>,NULL,Player has null/empty team field - breaks team-based filters
P2,C,4.0,null_team_field,Victor Simeon,686807,,,<team_abbrev>,NULL,Player has null/empty team field - breaks team-based filters
P2,C,4.0,null_team_field,Nate Tellier,695985,,,<team_abbrev>,NULL,Player has null/empty team field - breaks team-based filters
P2,C,4.0,null_team_field,Junior Cerda,693702,,,<team_abbrev>,NULL,Player has null/empty team field - breaks team-based filters
P2,C,4.0,null_team_field,Holden Laws,681391,,,<team_abbrev>,NULL,Player has null/empty team field - breaks team-based filters
P2,C,4.0,null_team_field,Franklin De La Paz,674221,,,<team_abbrev>,NULL,Player has null/empty team field - breaks team-based filters
P2,C,4.0,null_team_field,Jorge Ramos,685729,,,<team_abbrev>,NULL,Player has null/empty team field - breaks team-based filters
P2,C,4.0,null_team_field,Jarod Wright,701316,,,<team_abbrev>,NULL,Player has null/empty team field - breaks team-based filters
P2,C,4.0,null_team_field,Xavier Ruiz,800226,,,<team_abbrev>,NULL,Player has null/empty team field - breaks team-based filters
P2,C,4.0,null_team_field,Zack Hess,666132,,,<team_abbrev>,NULL,Player has null/empty team field - breaks team-based filters
P2,C,4.0,null_team_field,Hugo Beltran,678286,,,<team_abbrev>,NULL,Player has null/empty team field - breaks team-based filters
P2,C,4.0,null_team_field,Tanner Shears,808632,,,<team_abbrev>,NULL,Player has null/empty team field - breaks team-based filters
P2,C,4.0,null_team_field,Tanner Cooper,689461,,,<team_abbrev>,NULL,Player has null/empty team field - breaks team-based filters
P2,C,4.0,null_team_field,Cade Halemanu,702118,,,<team_abbrev>,NULL,Player has null/empty team field - breaks team-based filters
P2,C,4.0,null_team_field,Myles Gayman,675578,,,<team_abbrev>,NULL,Player has null/empty team field - breaks team-based filters
P2,C,4.0,null_team_field,Kevin Rodriguez,682718,,,<team_abbrev>,NULL,Player has null/empty team field - breaks team-based filters
P2,C,4.0,null_team_field,Adam Shoemaker,692248,,,<team_abbrev>,NULL,Player has null/empty team field - breaks team-based filters
P2,C,4.0,null_team_field,Nathan Karaffa,688087,,,<team_abbrev>,NULL,Player has null/empty team field - breaks team-based filters
P2,C,4.0,null_team_field,Jose Alcantara,682549,,,<team_abbrev>,NULL,Player has null/empty team field - breaks team-based filters
P2,C,4.0,null_team_field,Max Bain,694053,,,<team_abbrev>,NULL,Player has null/empty team field - breaks team-based filters
P2,C,4.0,null_team_field,Jason Franks,693443,,,<team_abbrev>,NULL,Player has null/empty team field - breaks team-based filters
P2,C,4.0,null_team_field,Carlos Jimenez,683639,,,<team_abbrev>,NULL,Player has null/empty team field - breaks team-based filters
P2,C,4.0,null_team_field,Giomar Diaz,692816,,,<team_abbrev>,NULL,Player has null/empty team field - breaks team-based filters
P2,C,4.0,null_team_field,Estarlin Rodriguez,677674,,,<team_abbrev>,NULL,Player has null/empty team field - breaks team-based filters
P2,C,4.0,null_team_field,Henry Gomez,683510,,,<team_abbrev>,NULL,Player has null/empty team field - breaks team-based filters
P2,C,4.0,null_team_field,Niklas Rimmel,678283,,,<team_abbrev>,NULL,Player has null/empty team field - breaks team-based filters
P2,C,4.0,null_team_field,Nathan Landry,806278,,,<team_abbrev>,NULL,Player has null/empty team field - breaks team-based filters
P2,C,4.0,null_team_field,Malik Binns,702238,,,<team_abbrev>,NULL,Player has null/empty team field - breaks team-based filters
P2,C,4.0,null_team_field,Eiver Espinoza,805096,,,<team_abbrev>,NULL,Player has null/empty team field - breaks team-based filters
P2,C,4.0,null_team_field,Jake Smith,681977,,,<team_abbrev>,NULL,Player has null/empty team field - breaks team-based filters
P2,C,4.0,null_team_field,Cam Tullar,690342,,,<team_abbrev>,NULL,Player has null/empty team field - breaks team-based filters
P2,C,4.0,null_team_field,Sam Jacobsak,679556,,,<team_abbrev>,NULL,Player has null/empty team field - breaks team-based filters
P2,C,4.0,null_team_field,Cody Tucker,688398,,,<team_abbrev>,NULL,Player has null/empty team field - breaks team-based filters
P2,C,4.0,null_team_field,Elvis Novas,702860,,,<team_abbrev>,NULL,Player has null/empty team field - breaks team-based filters
P2,C,4.0,null_team_field,Tanner Jacobson,805374,,,<team_abbrev>,NULL,Player has null/empty team field - breaks team-based filters
P2,C,4.0,null_team_field,Peniel Otano,702785,,,<team_abbrev>,NULL,Player has null/empty team field - breaks team-based filters
P2,C,4.0,null_team_field,Sergio Sanchez,683928,,,<team_abbrev>,NULL,Player has null/empty team field - breaks team-based filters
P2,C,4.0,null_team_field,Dawil Almonte,805044,,,<team_abbrev>,NULL,Player has null/empty team field - breaks team-based filters
P2,C,4.0,null_team_field,Billy Seidl,687225,,,<team_abbrev>,NULL,Player has null/empty team field - breaks team-based filters
P2,C,4.0,null_team_field,Keegan Collett,676997,,,<team_abbrev>,NULL,Player has null/empty team field - breaks team-based filters
P2,C,4.0,null_team_field,Angel Hernandez,696095,,,<team_abbrev>,NULL,Player has null/empty team field - breaks team-based filters
P2,C,4.0,null_team_field,Quinton Martinez,689703,,,<team_abbrev>,NULL,Player has null/empty team field - breaks team-based filters
P2,C,4.0,null_team_field,Tyler Wehrle,806332,,,<team_abbrev>,NULL,Player has null/empty team field - breaks team-based filters
P2,C,4.0,null_team_field,Tyler Ahearn,671129,,,<team_abbrev>,NULL,Player has null/empty team field - breaks team-based filters
P2,C,4.0,null_team_field,Dikember Sanchez,699129,,,<team_abbrev>,NULL,Player has null/empty team field - breaks team-based filters
P2,C,4.0,null_team_field,Alan Perdomo,679595,,,<team_abbrev>,NULL,Player has null/empty team field - breaks team-based filters
P2,C,4.0,null_team_field,Norbis Diaz,808588,,,<team_abbrev>,NULL,Player has null/empty team field - breaks team-based filters
P2,C,4.0,null_team_field,Miguel Guerrero,696001,,,<team_abbrev>,NULL,Player has null/empty team field - breaks team-based filters
P2,C,4.0,null_team_field,Matthew Swain,689117,,,<team_abbrev>,NULL,Player has null/empty team field - breaks team-based filters
P2,C,4.0,null_team_field,Pedro González,673358,,,<team_abbrev>,NULL,Player has null/empty team field - breaks team-based filters
P2,C,4.0,null_team_field,Jonathan Petit,686402,,,<team_abbrev>,NULL,Player has null/empty team field - breaks team-based filters
P2,C,4.0,null_team_field,Julian Bosnic,669343,,,<team_abbrev>,NULL,Player has null/empty team field - breaks team-based filters
P2,C,4.0,null_team_field,Santiago Florez,672765,,,<team_abbrev>,NULL,Player has null/empty team field - breaks team-based filters
P2,C,4.0,null_team_field,Carlos Lomeli,676355,,,<team_abbrev>,NULL,Player has null/empty team field - breaks team-based filters
P2,C,4.0,null_team_field,Yunior Thibo,692842,,,<team_abbrev>,NULL,Player has null/empty team field - breaks team-based filters
P2,C,4.0,null_team_field,Elijah Birdsong,677322,,,<team_abbrev>,NULL,Player has null/empty team field - breaks team-based filters
P2,C,4.0,null_team_field,Mason Ronan,680780,,,<team_abbrev>,NULL,Player has null/empty team field - breaks team-based filters
P2,C,4.0,null_team_field,Kumar Nambiar,687643,,,<team_abbrev>,NULL,Player has null/empty team field - breaks team-based filters
P2,C,4.0,null_team_field,Reibyn Corona,685473,,,<team_abbrev>,NULL,Player has null/empty team field - breaks team-based filters
P2,C,4.0,null_team_field,Deivy Cruz,698942,,,<team_abbrev>,NULL,Player has null/empty team field - breaks team-based filters
P2,C,4.0,null_team_field,Brailin Rodriguez,683637,,,<team_abbrev>,NULL,Player has null/empty team field - breaks team-based filters
P2,C,4.0,null_team_field,Chris Mauloni,687422,,,<team_abbrev>,NULL,Player has null/empty team field - breaks team-based filters
P2,C,4.0,null_team_field,Jake Schrand,680801,,,<team_abbrev>,NULL,Player has null/empty team field - breaks team-based filters
P2,C,4.0,null_team_field,Nolan Martinez,669228,,,<team_abbrev>,NULL,Player has null/empty team field - breaks team-based filters
P2,C,4.0,null_team_field,Julio Ortiz,683650,,,<team_abbrev>,NULL,Player has null/empty team field - breaks team-based filters
P2,C,4.0,null_team_field,Connery Peters,681553,,,<team_abbrev>,NULL,Player has null/empty team field - breaks team-based filters
P2,C,4.0,null_team_field,Benjamin Arias,684485,,,<team_abbrev>,NULL,Player has null/empty team field - breaks team-based filters
P2,C,4.0,null_team_field,Delvis Alegre,677590,,,<team_abbrev>,NULL,Player has null/empty team field - breaks team-based filters
P2,C,4.0,null_team_field,Yovanny Cabrera,687672,,,<team_abbrev>,NULL,Player has null/empty team field - breaks team-based filters
P2,C,4.0,null_team_field,Wander Arias,691429,,,<team_abbrev>,NULL,Player has null/empty team field - breaks team-based filters
P2,C,4.0,null_team_field,Keegan James,667669,,,<team_abbrev>,NULL,Player has null/empty team field - breaks team-based filters
P2,C,4.0,null_team_field,Chris Williams Jr.,680754,,,<team_abbrev>,NULL,Player has null/empty team field - breaks team-based filters
P2,C,4.0,null_team_field,Ignacio Briceno,692829,,,<team_abbrev>,NULL,Player has null/empty team field - breaks team-based filters
P2,C,4.0,null_team_field,Erick Pinales,679026,,,<team_abbrev>,NULL,Player has null/empty team field - breaks team-based filters
P2,C,4.0,null_team_field,Shane Telfer,801841,,,<team_abbrev>,NULL,Player has null/empty team field - breaks team-based filters
P2,C,4.0,null_team_field,Michael Valera,691995,,,<team_abbrev>,NULL,Player has null/empty team field - breaks team-based filters
P2,C,4.0,null_team_field,Alex Rao,702102,,,<team_abbrev>,NULL,Player has null/empty team field - breaks team-based filters
P2,C,4.0,null_team_field,Julio Bonilla,691083,,,<team_abbrev>,NULL,Player has null/empty team field - breaks team-based filters
P2,C,4.0,null_team_field,Montana Semmel,687512,,,<team_abbrev>,NULL,Player has null/empty team field - breaks team-based filters
P2,C,4.0,null_team_field,Sadiel Baro,800153,,,<team_abbrev>,NULL,Player has null/empty team field - breaks team-based filters
P2,C,4.0,null_team_field,Matt Wyatt,687993,,,<team_abbrev>,NULL,Player has null/empty team field - breaks team-based filters
P2,C,4.0,null_team_field,Joan Gonzalez,802993,,,<team_abbrev>,NULL,Player has null/empty team field - breaks team-based filters
P2,C,4.0,null_team_field,Rafael Ohashi,692504,,,<team_abbrev>,NULL,Player has null/empty team field - breaks team-based filters
P2,C,4.0,null_team_field,Trey Dillard,669366,,,<team_abbrev>,NULL,Player has null/empty team field - breaks team-based filters
P2,C,4.0,null_team_field,Bailey Reid,690232,,,<team_abbrev>,NULL,Player has null/empty team field - breaks team-based filters
P2,C,4.0,null_team_field,Freddy Pacheco,681643,,,<team_abbrev>,NULL,Player has null/empty team field - breaks team-based filters
P2,C,4.0,null_team_field,Eric Dominguez,802067,,,<team_abbrev>,NULL,Player has null/empty team field - breaks team-based filters
P2,C,4.0,null_team_field,Bryan Caceres,678409,,,<team_abbrev>,NULL,Player has null/empty team field - breaks team-based filters
P2,C,4.0,null_team_field,Saul Gonzalez,682015,,,<team_abbrev>,NULL,Player has null/empty team field - breaks team-based filters
P2,C,4.0,null_team_field,Dennis Boatman,677323,,,<team_abbrev>,NULL,Player has null/empty team field - breaks team-based filters
P2,C,4.0,null_team_field,Julio Zapata,804971,,,<team_abbrev>,NULL,Player has null/empty team field - breaks team-based filters
P2,C,4.0,null_team_field,Jeral Vizcaino,800498,,,<team_abbrev>,NULL,Player has null/empty team field - breaks team-based filters
P2,C,4.0,null_team_field,Yenfri Sosa,702374,,,<team_abbrev>,NULL,Player has null/empty team field - breaks team-based filters
P2,C,4.0,null_team_field,Yerry Landinez,678219,,,<team_abbrev>,NULL,Player has null/empty team field - breaks team-based filters
P2,C,4.0,null_team_field,Brayner Sánchez,687687,,,<team_abbrev>,NULL,Player has null/empty team field - breaks team-based filters
P2,C,4.0,null_team_field,Jonh Henriquez,806430,,,<team_abbrev>,NULL,Player has null/empty team field - breaks team-based filters
P2,C,4.0,null_team_field,Spencer Mraz,687437,,,<team_abbrev>,NULL,Player has null/empty team field - breaks team-based filters
P2,C,4.0,null_team_field,Kobe Robinson,688601,,,<team_abbrev>,NULL,Player has null/empty team field - breaks team-based filters
P2,C,4.0,null_team_field,Seon Gi Kim,586512,,,<team_abbrev>,NULL,Player has null/empty team field - breaks team-based filters
P2,C,4.0,null_team_field,Ernesto Jaquez,677656,,,<team_abbrev>,NULL,Player has null/empty team field - breaks team-based filters
P2,C,4.0,null_team_field,Landon Ginn,701061,,,<team_abbrev>,NULL,Player has null/empty team field - breaks team-based filters
P2,C,4.0,null_team_field,Cooper Benson,683148,,,<team_abbrev>,NULL,Player has null/empty team field - breaks team-based filters
P2,C,4.0,null_team_field,Fraynel Nova,805843,,,<team_abbrev>,NULL,Player has null/empty team field - breaks team-based filters
P2,C,4.0,null_team_field,Peyton Glavine,676385,,,<team_abbrev>,NULL,Player has null/empty team field - breaks team-based filters
P2,C,4.0,null_team_field,Brock Whittlesey,689011,,,<team_abbrev>,NULL,Player has null/empty team field - breaks team-based filters
P2,C,4.0,null_team_field,Johnny Ray,687258,,,<team_abbrev>,NULL,Player has null/empty team field - breaks team-based filters
P2,C,4.0,null_team_field,Luis De La Rosa,682915,,,<team_abbrev>,NULL,Player has null/empty team field - breaks team-based filters
P2,C,4.0,null_team_field,Franyelson Rodriguez,692653,,,<team_abbrev>,NULL,Player has null/empty team field - breaks team-based filters
P2,C,4.0,null_team_field,Chris Lincoln,669380,,,<team_abbrev>,NULL,Player has null/empty team field - breaks team-based filters
P2,C,4.0,null_team_field,Albert Rivas,691309,,,<team_abbrev>,NULL,Player has null/empty team field - breaks team-based filters
P2,C,4.0,null_team_field,Alfredo Ruiz,701619,,,<team_abbrev>,NULL,Player has null/empty team field - breaks team-based filters
P2,C,4.0,null_team_field,Lucas Gordillo,808851,,,<team_abbrev>,NULL,Player has null/empty team field - breaks team-based filters
P2,C,4.0,null_team_field,Kannon Handy,801919,,,<team_abbrev>,NULL,Player has null/empty team field - breaks team-based filters
P2,C,4.0,null_team_field,Rolando Gutierrez,805114,,,<team_abbrev>,NULL,Player has null/empty team field - breaks team-based filters
P2,C,4.0,null_team_field,Luis Barroso,678979,,,<team_abbrev>,NULL,Player has null/empty team field - breaks team-based filters
P2,C,4.0,null_team_field,Zander Sechrist,801415,,,<team_abbrev>,NULL,Player has null/empty team field - breaks team-based filters
P2,C,4.0,null_team_field,Timmy Manning,690995,,,<team_abbrev>,NULL,Player has null/empty team field - breaks team-based filters
P2,C,4.0,null_team_field,Alan Mundo,678426,,,<team_abbrev>,NULL,Player has null/empty team field - breaks team-based filters
P2,C,4.0,null_team_field,Ruben Salinas,693730,,,<team_abbrev>,NULL,Player has null/empty team field - breaks team-based filters
P2,C,4.0,null_team_field,Yovannki Pascual,808001,,,<team_abbrev>,NULL,Player has null/empty team field - breaks team-based filters
P2,C,4.0,null_team_field,Junior Mieses,676322,,,<team_abbrev>,NULL,Player has null/empty team field - breaks team-based filters
P2,C,4.0,null_team_field,Angel Cuenca,681450,,,<team_abbrev>,NULL,Player has null/empty team field - breaks team-based filters
P2,C,4.0,null_team_field,Shawndrick Oduber,806779,,,<team_abbrev>,NULL,Player has null/empty team field - breaks team-based filters
P2,C,4.0,null_team_field,Eligio Paredes,703935,,,<team_abbrev>,NULL,Player has null/empty team field - breaks team-based filters
P2,C,4.0,null_team_field,Anthony Garcia,805817,,,<team_abbrev>,NULL,Player has null/empty team field - breaks team-based filters
P2,C,4.0,null_team_field,Moises Brito,804975,,,<team_abbrev>,NULL,Player has null/empty team field - breaks team-based filters
P2,C,4.0,null_team_field,Luis Polanco,691495,,,<team_abbrev>,NULL,Player has null/empty team field - breaks team-based filters
P2,C,4.0,null_team_field,Sergio Morillo,677124,,,<team_abbrev>,NULL,Player has null/empty team field - breaks team-based filters
P2,C,4.0,null_team_field,Yeremin Lara,666463,,,<team_abbrev>,NULL,Player has null/empty team field - breaks team-based filters
P2,C,4.0,null_team_field,Jorge Minyety,807822,,,<team_abbrev>,NULL,Player has null/empty team field - breaks team-based filters
P2,C,4.0,null_team_field,Rob Hensey,802996,,,<team_abbrev>,NULL,Player has null/empty team field - breaks team-based filters
P2,C,4.0,null_team_field,Anthony Narvaez,802083,,,<team_abbrev>,NULL,Player has null/empty team field - breaks team-based filters
P2,C,4.0,null_team_field,Logan Lyle,685073,,,<team_abbrev>,NULL,Player has null/empty team field - breaks team-based filters
P2,C,4.0,null_team_field,Elliot Johnstone,683874,,,<team_abbrev>,NULL,Player has null/empty team field - breaks team-based filters
P2,C,4.0,null_team_field,Dwayne Matos,684228,,,<team_abbrev>,NULL,Player has null/empty team field - breaks team-based filters
P2,C,4.0,null_team_field,Ethan Hammerberg,805264,,,<team_abbrev>,NULL,Player has null/empty team field - breaks team-based filters
P2,C,4.0,null_team_field,Luis Viloria,699120,,,<team_abbrev>,NULL,Player has null/empty team field - breaks team-based filters
P2,C,4.0,null_team_field,Jose Chavez,700235,,,<team_abbrev>,NULL,Player has null/empty team field - breaks team-based filters
P2,C,4.0,null_team_field,Zac Addkison,814700,,,<team_abbrev>,NULL,Player has null/empty team field - breaks team-based filters
P2,C,4.0,null_team_field,Bennett Flynn,801720,,,<team_abbrev>,NULL,Player has null/empty team field - breaks team-based filters
P2,C,4.0,null_team_field,Julio Rosario,807765,,,<team_abbrev>,NULL,Player has null/empty team field - breaks team-based filters
P2,C,4.0,null_team_field,Dominic Hambley,692163,,,<team_abbrev>,NULL,Player has null/empty team field - breaks team-based filters
P2,C,4.0,null_team_field,Pedro Reyes,693804,,,<team_abbrev>,NULL,Player has null/empty team field - breaks team-based filters
P2,C,4.0,null_team_field,Liam Doolan,678556,,,<team_abbrev>,NULL,Player has null/empty team field - breaks team-based filters
P2,C,4.0,null_team_field,Samuel Valerio,682936,,,<team_abbrev>,NULL,Player has null/empty team field - breaks team-based filters
P2,C,4.0,null_team_field,Josh Swales,695250,,,<team_abbrev>,NULL,Player has null/empty team field - breaks team-based filters
P2,C,4.0,null_team_field,Royman Blanco,681759,,,<team_abbrev>,NULL,Player has null/empty team field - breaks team-based filters
P2,C,4.0,null_team_field,Grabiel Salazar,692755,,,<team_abbrev>,NULL,Player has null/empty team field - breaks team-based filters
P2,C,4.0,null_team_field,Miguel Vinicio,678888,,,<team_abbrev>,NULL,Player has null/empty team field - breaks team-based filters
P2,C,4.0,null_team_field,Cole Stupp,688501,,,<team_abbrev>,NULL,Player has null/empty team field - breaks team-based filters
P2,C,4.0,null_team_field,Yeury Gervacio,674455,,,<team_abbrev>,NULL,Player has null/empty team field - breaks team-based filters
P2,C,4.0,null_team_field,Justin Showalter,805987,,,<team_abbrev>,NULL,Player has null/empty team field - breaks team-based filters
P2,C,4.0,null_team_field,Chad Bryant,676370,,,<team_abbrev>,NULL,Player has null/empty team field - breaks team-based filters
P2,C,4.0,null_team_field,Jorge Gonzalez,684083,,,<team_abbrev>,NULL,Player has null/empty team field - breaks team-based filters
P2,C,4.0,null_team_field,Yaifer Perdomo,683617,,,<team_abbrev>,NULL,Player has null/empty team field - breaks team-based filters
P2,C,4.0,null_team_field,Jesus Clode,699018,,,<team_abbrev>,NULL,Player has null/empty team field - breaks team-based filters
P2,C,4.0,null_team_field,Elvis Jerez,683406,,,<team_abbrev>,NULL,Player has null/empty team field - breaks team-based filters
P2,C,4.0,null_team_field,Kelvin Nunez,674555,,,<team_abbrev>,NULL,Player has null/empty team field - breaks team-based filters
P2,C,4.0,null_team_field,Jesus Cruz,683423,,,<team_abbrev>,NULL,Player has null/empty team field - breaks team-based filters
P2,C,4.0,null_team_field,Marc Davis,690320,,,<team_abbrev>,NULL,Player has null/empty team field - breaks team-based filters
P2,C,4.0,null_team_field,Harry Rutkowski,676902,,,<team_abbrev>,NULL,Player has null/empty team field - breaks team-based filters
P2,C,4.0,null_team_field,Dylan Nedved,690446,,,<team_abbrev>,NULL,Player has null/empty team field - breaks team-based filters
P2,C,4.0,null_team_field,Jakob Hall,828471,,,<team_abbrev>,NULL,Player has null/empty team field - breaks team-based filters
P2,C,4.0,null_team_field,Carlos Guarate,678672,,,<team_abbrev>,NULL,Player has null/empty team field - breaks team-based filters
P2,C,4.0,null_team_field,Joseph Hernandez,678852,,,<team_abbrev>,NULL,Player has null/empty team field - breaks team-based filters
P2,C,4.0,null_team_field,Alejandro Gomez,702901,,,<team_abbrev>,NULL,Player has null/empty team field - breaks team-based filters
P2,C,4.0,null_team_field,Darlin Alcántara,687671,,,<team_abbrev>,NULL,Player has null/empty team field - breaks team-based filters
P2,C,4.0,null_team_field,Ulices Campos,694042,,,<team_abbrev>,NULL,Player has null/empty team field - breaks team-based filters
P2,C,4.0,null_team_field,Luis Tejeda,692549,,,<team_abbrev>,NULL,Player has null/empty team field - breaks team-based filters
P2,C,4.0,null_team_field,Miguel Alfonseca,684957,,,<team_abbrev>,NULL,Player has null/empty team field - breaks team-based filters
P2,C,4.0,null_team_field,Eddy Alberto,805453,,,<team_abbrev>,NULL,Player has null/empty team field - breaks team-based filters
P2,C,4.0,null_team_field,Wardquelin Vasquez,679566,,,<team_abbrev>,NULL,Player has null/empty team field - breaks team-based filters
P2,C,4.0,null_team_field,Angel Anazco,807816,,,<team_abbrev>,NULL,Player has null/empty team field - breaks team-based filters
P2,C,4.0,null_team_field,Reese Sharp,688701,,,<team_abbrev>,NULL,Player has null/empty team field - breaks team-based filters
P2,C,4.0,null_team_field,Nick Thwaits,681579,,,<team_abbrev>,NULL,Player has null/empty team field - breaks team-based filters
P2,C,4.0,null_team_field,Christian Ciuffetelli,805647,,,<team_abbrev>,NULL,Player has null/empty team field - breaks team-based filters
P2,C,4.0,null_team_field,Chase Hopewell,803045,,,<team_abbrev>,NULL,Player has null/empty team field - breaks team-based filters
P2,C,4.0,null_team_field,Danny Moreno,678378,,,<team_abbrev>,NULL,Player has null/empty team field - breaks team-based filters
P2,C,4.0,null_team_field,Fernando Guanare,699121,,,<team_abbrev>,NULL,Player has null/empty team field - breaks team-based filters
P2,C,4.0,null_team_field,Ben Ethridge,805998,,,<team_abbrev>,NULL,Player has null/empty team field - breaks team-based filters
P2,C,4.0,null_team_field,Breck Eichelberger,687902,,,<team_abbrev>,NULL,Player has null/empty team field - breaks team-based filters
P2,C,4.0,null_team_field,Deretd Parra,684059,,,<team_abbrev>,NULL,Player has null/empty team field - breaks team-based filters
P2,C,4.0,null_team_field,Garrett Ramsey,804583,,,<team_abbrev>,NULL,Player has null/empty team field - breaks team-based filters
P2,C,4.0,null_team_field,Jorge Garcia,683517,,,<team_abbrev>,NULL,Player has null/empty team field - breaks team-based filters
P2,C,4.0,null_team_field,Mack Anglin,683084,,,<team_abbrev>,NULL,Player has null/empty team field - breaks team-based filters
P2,C,4.0,null_team_field,Ezequiel Ventura,683652,,,<team_abbrev>,NULL,Player has null/empty team field - breaks team-based filters
P2,C,4.0,null_team_field,Alex Bustamante,806628,,,<team_abbrev>,NULL,Player has null/empty team field - breaks team-based filters
P2,C,4.0,null_team_field,Michele Vassalotti,677541,,,<team_abbrev>,NULL,Player has null/empty team field - breaks team-based filters
P2,C,4.0,null_team_field,Edgar Isea,683384,,,<team_abbrev>,NULL,Player has null/empty team field - breaks team-based filters
P2,C,4.0,null_team_field,Tyler Stasiowski,811211,,,<team_abbrev>,NULL,Player has null/empty team field - breaks team-based filters
P2,C,4.0,null_team_field,Javier Ramos,681221,,,<team_abbrev>,NULL,Player has null/empty team field - breaks team-based filters
P2,C,4.0,null_team_field,Connor Pellerin,694936,,,<team_abbrev>,NULL,Player has null/empty team field - breaks team-based filters
P2,C,4.0,null_team_field,Leury Tejada,681839,,,<team_abbrev>,NULL,Player has null/empty team field - breaks team-based filters
P2,C,4.0,null_team_field,Wilkelma Castillo,680580,,,<team_abbrev>,NULL,Player has null/empty team field - breaks team-based filters
P2,C,4.0,null_team_field,Bryan Sanchez,683885,,,<team_abbrev>,NULL,Player has null/empty team field - breaks team-based filters
P2,C,4.0,null_team_field,Gabe Emmett,701861,,,<team_abbrev>,NULL,Player has null/empty team field - breaks team-based filters
P2,C,4.0,null_team_field,César Álvarez,691327,,,<team_abbrev>,NULL,Player has null/empty team field - breaks team-based filters
P2,C,4.0,null_team_field,Jesus Luna,680628,,,<team_abbrev>,NULL,Player has null/empty team field - breaks team-based filters
P2,C,4.0,null_team_field,Charlie Hurley,695041,,,<team_abbrev>,NULL,Player has null/empty team field - breaks team-based filters
P2,C,4.0,null_team_field,Francis Reynoso,692400,,,<team_abbrev>,NULL,Player has null/empty team field - breaks team-based filters
P2,C,4.0,null_team_field,Daniel Gonzalez,692595,,,<team_abbrev>,NULL,Player has null/empty team field - breaks team-based filters
P2,C,4.0,null_team_field,Josh Gessner,678622,,,<team_abbrev>,NULL,Player has null/empty team field - breaks team-based filters
P2,C,4.0,null_team_field,Joseph Yabbour,691634,,,<team_abbrev>,NULL,Player has null/empty team field - breaks team-based filters
P2,C,4.0,null_team_field,Tomas Reyes,683015,,,<team_abbrev>,NULL,Player has null/empty team field - breaks team-based filters
P2,C,4.0,null_team_field,Graham Firoved,681462,,,<team_abbrev>,NULL,Player has null/empty team field - breaks team-based filters
P2,C,4.0,null_team_field,Josh Bortka,800857,,,<team_abbrev>,NULL,Player has null/empty team field - breaks team-based filters
P2,C,4.0,null_team_field,Wilmer Ortega,686339,,,<team_abbrev>,NULL,Player has null/empty team field - breaks team-based filters
P2,C,4.0,null_team_field,Engert Garcia,812162,,,<team_abbrev>,NULL,Player has null/empty team field - breaks team-based filters
P2,C,4.0,null_team_field,Luis Almonte,685769,,,<team_abbrev>,NULL,Player has null/empty team field - breaks team-based filters
P2,C,4.0,null_team_field,Doug Kirkland,687393,,,<team_abbrev>,NULL,Player has null/empty team field - breaks team-based filters
P2,C,4.0,null_team_field,Luis Talavera,682803,,,<team_abbrev>,NULL,Player has null/empty team field - breaks team-based filters
P2,C,4.0,null_team_field,Issac Solano,691473,,,<team_abbrev>,NULL,Player has null/empty team field - breaks team-based filters
P2,C,4.0,null_team_field,Zach Veen,805731,,,<team_abbrev>,NULL,Player has null/empty team field - breaks team-based filters
P2,C,4.0,null_team_field,Jean Correa,681776,,,<team_abbrev>,NULL,Player has null/empty team field - breaks team-based filters
P2,C,4.0,null_team_field,Luis Hernandez,703461,,,<team_abbrev>,NULL,Player has null/empty team field - breaks team-based filters
P2,C,4.0,null_team_field,Wesley Scott,669417,,,<team_abbrev>,NULL,Player has null/empty team field - breaks team-based filters
P2,C,4.0,null_team_field,Bryan Perez,702913,,,<team_abbrev>,NULL,Player has null/empty team field - breaks team-based filters
P2,C,4.0,null_team_field,Wilson Esterlin,800416,,,<team_abbrev>,NULL,Player has null/empty team field - breaks team-based filters
P2,C,4.0,null_team_field,Bryan Bautista,800073,,,<team_abbrev>,NULL,Player has null/empty team field - breaks team-based filters
P2,C,4.0,null_team_field,Charles Harrison IV,801422,,,<team_abbrev>,NULL,Player has null/empty team field - breaks team-based filters
P2,C,4.0,null_team_field,Connor Godwin,802684,,,<team_abbrev>,NULL,Player has null/empty team field - breaks team-based filters
P2,C,4.0,null_team_field,Andinson Ferrer,800072,,,<team_abbrev>,NULL,Player has null/empty team field - breaks team-based filters
P2,C,4.0,null_team_field,Eliander Alcalde,700289,,,<team_abbrev>,NULL,Player has null/empty team field - breaks team-based filters
P2,C,4.0,null_team_field,Kelvin Perez,692487,,,<team_abbrev>,NULL,Player has null/empty team field - breaks team-based filters
P2,C,4.0,null_team_field,Tomas Cleto,695995,,,<team_abbrev>,NULL,Player has null/empty team field - breaks team-based filters
P2,C,4.0,null_team_field,Simon Leandro,814129,,,<team_abbrev>,NULL,Player has null/empty team field - breaks team-based filters
P2,C,4.0,null_team_field,Ronny Chalas,692830,,,<team_abbrev>,NULL,Player has null/empty team field - breaks team-based filters
P2,C,4.0,null_team_field,Jaren Zinn,685813,,,<team_abbrev>,NULL,Player has null/empty team field - breaks team-based filters
P2,C,4.0,null_team_field,Hunter Breault,676292,,,<team_abbrev>,NULL,Player has null/empty team field - breaks team-based filters
P2,C,4.0,null_team_field,Victor Villanueva,682743,,,<team_abbrev>,NULL,Player has null/empty team field - breaks team-based filters
P2,C,4.0,null_team_field,Caswell Smith,689110,,,<team_abbrev>,NULL,Player has null/empty team field - breaks team-based filters
P2,C,4.0,null_team_field,Wilfredo Henriquez,824769,,,<team_abbrev>,NULL,Player has null/empty team field - breaks team-based filters
P2,C,4.0,null_team_field,Abel Fuerte,800274,,,<team_abbrev>,NULL,Player has null/empty team field - breaks team-based filters
P2,C,4.0,null_team_field,Grant Cherry,695511,,,<team_abbrev>,NULL,Player has null/empty team field - breaks team-based filters
P2,C,4.0,null_team_field,Gerson Calzadilla,701179,,,<team_abbrev>,NULL,Player has null/empty team field - breaks team-based filters
P2,C,4.0,null_team_field,Rolando De La Cruz,809504,,,<team_abbrev>,NULL,Player has null/empty team field - breaks team-based filters
P2,C,4.0,null_team_field,Miguel Gil,683476,,,<team_abbrev>,NULL,Player has null/empty team field - breaks team-based filters
P2,C,4.0,null_team_field,Miguel Fulgencio,805415,,,<team_abbrev>,NULL,Player has null/empty team field - breaks team-based filters
P2,C,4.0,null_team_field,Owen Stevenson,809850,,,<team_abbrev>,NULL,Player has null/empty team field - breaks team-based filters
P2,C,4.0,null_team_field,Blake Whiting,809821,,,<team_abbrev>,NULL,Player has null/empty team field - breaks team-based filters
P2,C,4.0,null_team_field,Alejandro Méndez,691759,,,<team_abbrev>,NULL,Player has null/empty team field - breaks team-based filters
P2,C,4.0,null_team_field,Horacio Andujar,682810,,,<team_abbrev>,NULL,Player has null/empty team field - breaks team-based filters
P2,C,4.0,null_team_field,Shane Marshall,686288,,,<team_abbrev>,NULL,Player has null/empty team field - breaks team-based filters
P2,C,4.0,null_team_field,Liam Rocha,814557,,,<team_abbrev>,NULL,Player has null/empty team field - breaks team-based filters
P2,C,4.0,null_team_field,Luis Vizcaino,691870,,,<team_abbrev>,NULL,Player has null/empty team field - breaks team-based filters
P2,C,4.0,null_team_field,Tom Reisinger,815291,,,<team_abbrev>,NULL,Player has null/empty team field - breaks team-based filters
P2,C,4.0,null_team_field,Ben Serunkuma,805205,,,<team_abbrev>,NULL,Player has null/empty team field - breaks team-based filters
P2,C,4.0,null_team_field,Manuel De La Rosa,692409,,,<team_abbrev>,NULL,Player has null/empty team field - breaks team-based filters
P2,C,4.0,null_team_field,Felipe Bello,806593,,,<team_abbrev>,NULL,Player has null/empty team field - breaks team-based filters
P2,C,4.0,null_team_field,Carlos De Los Santos,678914,,,<team_abbrev>,NULL,Player has null/empty team field - breaks team-based filters
P2,C,4.0,null_team_field,Luke Anderson,680093,,,<team_abbrev>,NULL,Player has null/empty team field - breaks team-based filters
P2,C,4.0,null_team_field,Michael Vilchez,699074,,,<team_abbrev>,NULL,Player has null/empty team field - breaks team-based filters
P2,C,4.0,null_team_field,Ismael Michel,699330,,,<team_abbrev>,NULL,Player has null/empty team field - breaks team-based filters
P2,C,4.0,null_team_field,Kikito Severino,699086,,,<team_abbrev>,NULL,Player has null/empty team field - breaks team-based filters
P2,C,4.0,null_team_field,Jeremy Peguero,691707,,,<team_abbrev>,NULL,Player has null/empty team field - breaks team-based filters
P2,C,4.0,null_team_field,Seth Nightingale,804587,,,<team_abbrev>,NULL,Player has null/empty team field - breaks team-based filters
P2,C,4.0,null_team_field,Luis Sánchez,693783,,,<team_abbrev>,NULL,Player has null/empty team field - breaks team-based filters
P2,C,4.0,null_team_field,Yensy Bello,805381,,,<team_abbrev>,NULL,Player has null/empty team field - breaks team-based filters
P2,C,4.0,null_team_field,Alejandro Lugo,684126,,,<team_abbrev>,NULL,Player has null/empty team field - breaks team-based filters
P2,C,4.0,null_team_field,Austin Aldeano,699054,,,<team_abbrev>,NULL,Player has null/empty team field - breaks team-based filters
P2,C,4.0,null_team_field,Jordy Luciano,802742,,,<team_abbrev>,NULL,Player has null/empty team field - breaks team-based filters
P2,C,4.0,null_team_field,Pedro Alfonseca,670184,,,<team_abbrev>,NULL,Player has null/empty team field - breaks team-based filters
P2,C,4.0,null_team_field,Jiorgeny Casimiri,691829,,,<team_abbrev>,NULL,Player has null/empty team field - breaks team-based filters
P2,C,4.0,null_team_field,Wuardo Fernandez,681732,,,<team_abbrev>,NULL,Player has null/empty team field - breaks team-based filters
P2,C,4.0,null_team_field,Jeferson Figueroa,689951,,,<team_abbrev>,NULL,Player has null/empty team field - breaks team-based filters
P2,C,4.0,null_team_field,Harif Frias,686406,,,<team_abbrev>,NULL,Player has null/empty team field - breaks team-based filters
P2,C,4.0,null_team_field,Jose Diaz,681631,,,<team_abbrev>,NULL,Player has null/empty team field - breaks team-based filters
P2,C,4.0,null_team_field,Cristofher Carrasco,804448,,,<team_abbrev>,NULL,Player has null/empty team field - breaks team-based filters
P2,C,4.0,null_team_field,Eduar Segovia,680887,,,<team_abbrev>,NULL,Player has null/empty team field - breaks team-based filters
P2,C,4.0,null_team_field,Joel Canizalez,809702,,,<team_abbrev>,NULL,Player has null/empty team field - breaks team-based filters
P2,C,4.0,null_team_field,Patrick Pridgen,695231,,,<team_abbrev>,NULL,Player has null/empty team field - breaks team-based filters
P2,C,4.0,null_team_field,Colson Lawrence,804673,,,<team_abbrev>,NULL,Player has null/empty team field - breaks team-based filters
P2,C,4.0,null_team_field,David Landeta,805399,,,<team_abbrev>,NULL,Player has null/empty team field - breaks team-based filters
P2,C,4.0,null_team_field,Justin Sanchez,806296,,,<team_abbrev>,NULL,Player has null/empty team field - breaks team-based filters
P2,C,4.0,null_team_field,David Tiburcio,696010,,,<team_abbrev>,NULL,Player has null/empty team field - breaks team-based filters
P2,C,4.0,null_team_field,Waylin Santana,691566,,,<team_abbrev>,NULL,Player has null/empty team field - breaks team-based filters
P2,C,4.0,null_team_field,Kevin Dowdell,681310,,,<team_abbrev>,NULL,Player has null/empty team field - breaks team-based filters
P2,C,4.0,null_team_field,Mason Denaburg,669379,,,<team_abbrev>,NULL,Player has null/empty team field - breaks team-based filters
P2,C,4.0,null_team_field,Yoljeldriz Diaz,684133,,,<team_abbrev>,NULL,Player has null/empty team field - breaks team-based filters
P2,C,4.0,null_team_field,Reny Artiles,683846,,,<team_abbrev>,NULL,Player has null/empty team field - breaks team-based filters
P2,C,4.0,null_team_field,Kristófer Bow,690603,,,<team_abbrev>,NULL,Player has null/empty team field - breaks team-based filters
P2,C,4.0,null_team_field,Nolberto Henriquez,683478,,,<team_abbrev>,NULL,Player has null/empty team field - breaks team-based filters
P2,C,4.0,null_team_field,Yohemy Nolasco,694064,,,<team_abbrev>,NULL,Player has null/empty team field - breaks team-based filters
P2,C,4.0,null_team_field,Michael Brewer,684609,,,<team_abbrev>,NULL,Player has null/empty team field - breaks team-based filters
P2,C,4.0,null_team_field,Garrett Brown,681173,,,<team_abbrev>,NULL,Player has null/empty team field - breaks team-based filters
P2,C,4.0,null_team_field,Charlie Cerny,679326,,,<team_abbrev>,NULL,Player has null/empty team field - breaks team-based filters
P2,C,4.0,null_team_field,Estarlin Escalante,805076,,,<team_abbrev>,NULL,Player has null/empty team field - breaks team-based filters
P2,C,4.0,null_team_field,Felix Cabrera,693806,,,<team_abbrev>,NULL,Player has null/empty team field - breaks team-based filters
P2,C,4.0,null_team_field,Derek Corro,800144,,,<team_abbrev>,NULL,Player has null/empty team field - breaks team-based filters
P2,C,4.0,null_team_field,Elijah Pleasants,681405,,,<team_abbrev>,NULL,Player has null/empty team field - breaks team-based filters
P2,C,4.0,null_team_field,Dawry Segura,692619,,,<team_abbrev>,NULL,Player has null/empty team field - breaks team-based filters
P2,C,4.0,null_team_field,Keiner Leon,700296,,,<team_abbrev>,NULL,Player has null/empty team field - breaks team-based filters
P2,C,4.0,null_team_field,Pedro Santillan,699063,,,<team_abbrev>,NULL,Player has null/empty team field - breaks team-based filters
P2,C,4.0,null_team_field,Ben Petschke,814386,,,<team_abbrev>,NULL,Player has null/empty team field - breaks team-based filters
P2,C,4.0,null_team_field,Eli Trop,813864,,,<team_abbrev>,NULL,Player has null/empty team field - breaks team-based filters
P2,C,4.0,null_team_field,Fran Castro,691123,,,<team_abbrev>,NULL,Player has null/empty team field - breaks team-based filters
P2,C,4.0,null_team_field,Jonawel Valdez,807835,,,<team_abbrev>,NULL,Player has null/empty team field - breaks team-based filters
P2,C,4.0,null_team_field,Samuel Fabian,699022,,,<team_abbrev>,NULL,Player has null/empty team field - breaks team-based filters
P2,C,4.0,null_team_field,Nick Bautista III,805012,,,<team_abbrev>,NULL,Player has null/empty team field - breaks team-based filters
P2,C,4.0,null_team_field,Yoniel Ramirez,681457,,,<team_abbrev>,NULL,Player has null/empty team field - breaks team-based filters
P2,C,4.0,null_team_field,Enderjer Sifontes,691583,,,<team_abbrev>,NULL,Player has null/empty team field - breaks team-based filters
P2,C,4.0,null_team_field,Christopher Vasquez,693709,,,<team_abbrev>,NULL,Player has null/empty team field - breaks team-based filters
P2,C,4.0,null_team_field,Nathanael Cruz,691371,,,<team_abbrev>,NULL,Player has null/empty team field - breaks team-based filters
P2,C,4.0,null_team_field,Chris Barraza,696511,,,<team_abbrev>,NULL,Player has null/empty team field - breaks team-based filters
P2,C,4.0,null_team_field,Miguel Valdez,808895,,,<team_abbrev>,NULL,Player has null/empty team field - breaks team-based filters
P2,C,4.0,null_team_field,Jonathan Edwards,681903,,,<team_abbrev>,NULL,Player has null/empty team field - breaks team-based filters
P2,C,4.0,null_team_field,Rafelin Nivar,800216,,,<team_abbrev>,NULL,Player has null/empty team field - breaks team-based filters
P2,C,4.0,null_team_field,Brett Lockwood,695344,,,<team_abbrev>,NULL,Player has null/empty team field - breaks team-based filters
P2,C,4.0,null_team_field,Drew Garrett,690312,,,<team_abbrev>,NULL,Player has null/empty team field - breaks team-based filters
P2,C,4.0,null_team_field,John Lynch,688757,,,<team_abbrev>,NULL,Player has null/empty team field - breaks team-based filters
P2,C,4.0,null_team_field,Ramon Henriquez,808045,,,<team_abbrev>,NULL,Player has null/empty team field - breaks team-based filters
P2,C,4.0,null_team_field,Francis Hernandez,692569,,,<team_abbrev>,NULL,Player has null/empty team field - breaks team-based filters
P2,C,4.0,null_team_field,Randy Berigüete,691335,,,<team_abbrev>,NULL,Player has null/empty team field - breaks team-based filters
P2,C,4.0,null_team_field,Elian Serrata,801220,,,<team_abbrev>,NULL,Player has null/empty team field - breaks team-based filters
P2,C,4.0,null_team_field,Jeckferxon Hernandez,814468,,,<team_abbrev>,NULL,Player has null/empty team field - breaks team-based filters
P2,C,4.0,null_team_field,Ryan Smith,823193,,,<team_abbrev>,NULL,Player has null/empty team field - breaks team-based filters
P2,C,4.0,null_team_field,Jesse Wainscott,703040,,,<team_abbrev>,NULL,Player has null/empty team field - breaks team-based filters
P2,C,4.0,null_team_field,Melvin Cuevas,827284,,,<team_abbrev>,NULL,Player has null/empty team field - breaks team-based filters
P2,C,4.0,null_team_field,Owen Sharts,680714,,,<team_abbrev>,NULL,Player has null/empty team field - breaks team-based filters
P2,C,4.0,null_team_field,Jhonny Felix,688913,,,<team_abbrev>,NULL,Player has null/empty team field - breaks team-based filters
P2,C,4.0,null_team_field,Matt Mikulski,694392,,,<team_abbrev>,NULL,Player has null/empty team field - breaks team-based filters
P2,C,4.0,null_team_field,Jose Ulloa,689982,,,<team_abbrev>,NULL,Player has null/empty team field - breaks team-based filters
P2,C,4.0,null_team_field,Zack Austin,813186,,,<team_abbrev>,NULL,Player has null/empty team field - breaks team-based filters
P2,C,4.0,null_team_field,Eric Foggo,695252,,,<team_abbrev>,NULL,Player has null/empty team field - breaks team-based filters
P2,C,4.0,null_team_field,Cole Zaffiro,813866,,,<team_abbrev>,NULL,Player has null/empty team field - breaks team-based filters
P2,C,4.0,null_team_field,Zach Cable,668871,,,<team_abbrev>,NULL,Player has null/empty team field - breaks team-based filters
P2,C,4.0,null_team_field,Sean Heppner,692174,,,<team_abbrev>,NULL,Player has null/empty team field - breaks team-based filters
P2,C,4.0,null_team_field,Henry Valencio,672950,,,<team_abbrev>,NULL,Player has null/empty team field - breaks team-based filters
P2,C,4.0,null_team_field,José Fernández,801261,,,<team_abbrev>,NULL,Player has null/empty team field - breaks team-based filters
P2,C,4.0,null_team_field,Andy Luis,692451,,,<team_abbrev>,NULL,Player has null/empty team field - breaks team-based filters
P2,C,4.0,null_team_field,Steve Hajjar,680727,,,<team_abbrev>,NULL,Player has null/empty team field - breaks team-based filters
P2,C,4.0,null_team_field,Ryan Chasse,805989,,,<team_abbrev>,NULL,Player has null/empty team field - breaks team-based filters
P2,C,4.0,null_team_field,Chandler Arnold,688837,,,<team_abbrev>,NULL,Player has null/empty team field - breaks team-based filters
P2,C,4.0,null_team_field,Jesus Lopez,806882,,,<team_abbrev>,NULL,Player has null/empty team field - breaks team-based filters
P2,C,4.0,null_team_field,Eris Rodríguez,694038,,,<team_abbrev>,NULL,Player has null/empty team field - breaks team-based filters
P2,C,4.0,null_team_field,Emerson Talavera,695360,,,<team_abbrev>,NULL,Player has null/empty team field - breaks team-based filters
P2,C,4.0,null_team_field,Luigi Hernandez,699011,,,<team_abbrev>,NULL,Player has null/empty team field - breaks team-based filters
P2,C,4.0,null_team_field,Starlyn Pichardo,702786,,,<team_abbrev>,NULL,Player has null/empty team field - breaks team-based filters
P2,C,4.0,null_team_field,Danny Carrion,815051,,,<team_abbrev>,NULL,Player has null/empty team field - breaks team-based filters
P2,C,4.0,null_team_field,Aaron Cohn,703110,,,<team_abbrev>,NULL,Player has null/empty team field - breaks team-based filters
P2,C,4.0,null_team_field,Scarlyn Lebron,700277,,,<team_abbrev>,NULL,Player has null/empty team field - breaks team-based filters
P2,C,4.0,null_team_field,Denis Reguillo,800228,,,<team_abbrev>,NULL,Player has null/empty team field - breaks team-based filters
P2,C,4.0,null_team_field,Dionys Rodriguez,681051,,,<team_abbrev>,NULL,Player has null/empty team field - breaks team-based filters
P2,C,4.0,null_team_field,Andrew Carson,802539,,,<team_abbrev>,NULL,Player has null/empty team field - breaks team-based filters
P2,C,4.0,null_team_field,Connor Butler,701563,,,<team_abbrev>,NULL,Player has null/empty team field - breaks team-based filters
P2,C,4.0,null_team_field,Braden Quinn,808837,,,<team_abbrev>,NULL,Player has null/empty team field - breaks team-based filters
P2,C,4.0,null_team_field,Jeison Pena,695972,,,<team_abbrev>,NULL,Player has null/empty team field - breaks team-based filters
P2,C,4.0,null_team_field,Manny Ramirez,677669,,,<team_abbrev>,NULL,Player has null/empty team field - breaks team-based filters
P2,C,4.0,null_team_field,Dallas Woolfolk,663762,,,<team_abbrev>,NULL,Player has null/empty team field - breaks team-based filters
P2,C,4.0,null_team_field,Osbriel Mogollon,800304,,,<team_abbrev>,NULL,Player has null/empty team field - breaks team-based filters
P2,C,4.0,null_team_field,Angel Gonzalez,694261,,,<team_abbrev>,NULL,Player has null/empty team field - breaks team-based filters
P2,C,4.0,null_team_field,Gustavo Del Pozo,684124,,,<team_abbrev>,NULL,Player has null/empty team field - breaks team-based filters
P2,C,4.0,null_team_field,Franklin Marquez,692452,,,<team_abbrev>,NULL,Player has null/empty team field - breaks team-based filters
P2,C,4.0,null_team_field,Will Stevens,689237,,,<team_abbrev>,NULL,Player has null/empty team field - breaks team-based filters
P2,C,4.0,null_team_field,Jean Calderon,703300,,,<team_abbrev>,NULL,Player has null/empty team field - breaks team-based filters
P2,C,4.0,null_team_field,Jordan Powell,679626,,,<team_abbrev>,NULL,Player has null/empty team field - breaks team-based filters
P2,C,4.0,null_team_field,Adam Conrad,828597,,,<team_abbrev>,NULL,Player has null/empty team field - breaks team-based filters
P2,C,4.0,null_team_field,Quinn Gudaitis,805962,,,<team_abbrev>,NULL,Player has null/empty team field - breaks team-based filters
P2,C,4.0,null_team_field,Abel Brito,692823,,,<team_abbrev>,NULL,Player has null/empty team field - breaks team-based filters
P2,C,4.0,null_team_field,Jimmy Reyes,811601,,,<team_abbrev>,NULL,Player has null/empty team field - breaks team-based filters
P2,C,4.0,null_team_field,Tyler Hoffman,700956,,,<team_abbrev>,NULL,Player has null/empty team field - breaks team-based filters
P2,C,4.0,null_team_field,T.J. Czyz,702856,,,<team_abbrev>,NULL,Player has null/empty team field - breaks team-based filters
P2,C,4.0,null_team_field,Henry Martinez,703685,,,<team_abbrev>,NULL,Player has null/empty team field - breaks team-based filters
P2,C,4.0,null_team_field,Nixon Encarnacion,800168,,,<team_abbrev>,NULL,Player has null/empty team field - breaks team-based filters
P2,C,4.0,null_team_field,Branden Noriega,804447,,,<team_abbrev>,NULL,Player has null/empty team field - breaks team-based filters
P2,C,4.0,null_team_field,Luifer Romero,801463,,,<team_abbrev>,NULL,Player has null/empty team field - breaks team-based filters
P2,C,4.0,null_team_field,Wuillians Herrera,702900,,,<team_abbrev>,NULL,Player has null/empty team field - breaks team-based filters
P2,C,4.0,null_team_field,Callum Wallace,800527,,,<team_abbrev>,NULL,Player has null/empty team field - breaks team-based filters
P2,C,4.0,null_team_field,Jhonny Jimenez,699075,,,<team_abbrev>,NULL,Player has null/empty team field - breaks team-based filters
P2,C,4.0,null_team_field,Seth Keller,702605,,,<team_abbrev>,NULL,Player has null/empty team field - breaks team-based filters
P2,C,4.0,null_team_field,Luke Thelen,825933,,,<team_abbrev>,NULL,Player has null/empty team field - breaks team-based filters
P2,C,4.0,null_team_field,Joaquin Tejada,692047,,,<team_abbrev>,NULL,Player has null/empty team field - breaks team-based filters
P2,C,4.0,null_team_field,Michael Limoncelli,686802,,,<team_abbrev>,NULL,Player has null/empty team field - breaks team-based filters
P2,C,4.0,null_team_field,Ernie Day,701308,,,<team_abbrev>,NULL,Player has null/empty team field - breaks team-based filters
P2,C,4.0,null_team_field,Mathew Peters,802963,,,<team_abbrev>,NULL,Player has null/empty team field - breaks team-based filters
P2,C,4.0,null_team_field,Jorge Herrera,801223,,,<team_abbrev>,NULL,Player has null/empty team field - breaks team-based filters
P2,C,4.0,null_team_field,Jhonly Taveras,800353,,,<team_abbrev>,NULL,Player has null/empty team field - breaks team-based filters
P2,C,4.0,null_team_field,Eduardo Soriano,696086,,,<team_abbrev>,NULL,Player has null/empty team field - breaks team-based filters
P2,C,4.0,null_team_field,Miguel Mora,693737,,,<team_abbrev>,NULL,Player has null/empty team field - breaks team-based filters
P2,C,4.0,null_team_field,Keywill Cedeno,807982,,,<team_abbrev>,NULL,Player has null/empty team field - breaks team-based filters
P2,C,4.0,null_team_field,Miguel Cordero,807996,,,<team_abbrev>,NULL,Player has null/empty team field - breaks team-based filters
P2,C,4.0,null_team_field,Enrique Coronel,803126,,,<team_abbrev>,NULL,Player has null/empty team field - breaks team-based filters
P2,C,4.0,null_team_field,Angel Camacho,537996,,,<team_abbrev>,NULL,Player has null/empty team field - breaks team-based filters
P2,C,4.0,null_team_field,Arlison Rodriguez,800093,,,<team_abbrev>,NULL,Player has null/empty team field - breaks team-based filters
P2,C,4.0,null_team_field,Rayner Urbaez,801526,,,<team_abbrev>,NULL,Player has null/empty team field - breaks team-based filters
P2,C,4.0,null_team_field,Weskendry Espinosa,699329,,,<team_abbrev>,NULL,Player has null/empty team field - breaks team-based filters
P2,C,4.0,null_team_field,Anthony Crespo,815803,,,<team_abbrev>,NULL,Player has null/empty team field - breaks team-based filters
P2,C,4.0,null_team_field,Ervin Torres,800150,,,<team_abbrev>,NULL,Player has null/empty team field - breaks team-based filters
P2,C,4.0,null_team_field,Dawel Serda,806913,,,<team_abbrev>,NULL,Player has null/empty team field - breaks team-based filters
P2,C,4.0,null_team_field,Michael Saturria,800014,,,<team_abbrev>,NULL,Player has null/empty team field - breaks team-based filters
P2,C,4.0,null_team_field,Jeison Calvo,808018,,,<team_abbrev>,NULL,Player has null/empty team field - breaks team-based filters
P2,C,4.0,null_team_field,Joel Heredia,807380,,,<team_abbrev>,NULL,Player has null/empty team field - breaks team-based filters
P2,C,4.0,null_team_field,Eddy Mota,828478,,,<team_abbrev>,NULL,Player has null/empty team field - breaks team-based filters
P2,C,4.0,null_team_field,Ricardo Montero,805110,,,<team_abbrev>,NULL,Player has null/empty team field - breaks team-based filters
P2,C,4.0,null_team_field,Jesus Delgado,815472,,,<team_abbrev>,NULL,Player has null/empty team field - breaks team-based filters
P2,C,4.0,null_team_field,Anel Cabrera,811233,,,<team_abbrev>,NULL,Player has null/empty team field - breaks team-based filters
P2,C,4.0,null_team_field,Emmanuel Martinez,800086,,,<team_abbrev>,NULL,Player has null/empty team field - breaks team-based filters
P2,C,4.0,null_team_field,Ankeily Feliz,702848,,,<team_abbrev>,NULL,Player has null/empty team field - breaks team-based filters
P2,C,4.0,null_team_field,Alexander Agramonte,811592,,,<team_abbrev>,NULL,Player has null/empty team field - breaks team-based filters
P2,C,4.0,null_team_field,Luis Tejeda,802240,,,<team_abbrev>,NULL,Player has null/empty team field - breaks team-based filters
P2,C,4.0,null_team_field,Keninson Diaz,800241,,,<team_abbrev>,NULL,Player has null/empty team field - breaks team-based filters
P2,C,4.0,null_team_field,Luis Jerez,807829,,,<team_abbrev>,NULL,Player has null/empty team field - breaks team-based filters
P2,C,4.0,null_team_field,Eliecer Bata,800065,,,<team_abbrev>,NULL,Player has null/empty team field - breaks team-based filters
P2,C,4.0,null_team_field,Jose Gonzalez,683456,,,<team_abbrev>,NULL,Player has null/empty team field - breaks team-based filters
P2,C,4.0,null_team_field,Dioni Baez,703851,,,<team_abbrev>,NULL,Player has null/empty team field - breaks team-based filters
P2,C,4.0,null_team_field,Luis Espinoza,814260,,,<team_abbrev>,NULL,Player has null/empty team field - breaks team-based filters
P2,C,4.0,null_team_field,Carlos Molina,808346,,,<team_abbrev>,NULL,Player has null/empty team field - breaks team-based filters
P2,C,4.0,null_team_field,Manuel Davila,823839,,,<team_abbrev>,NULL,Player has null/empty team field - breaks team-based filters
P2,C,4.0,null_team_field,Janderson Linares,807986,,,<team_abbrev>,NULL,Player has null/empty team field - breaks team-based filters
P2,C,4.0,null_team_field,Mauricio Colmenares,811616,,,<team_abbrev>,NULL,Player has null/empty team field - breaks team-based filters
P2,C,4.0,null_team_field,Juan Severino,702100,,,<team_abbrev>,NULL,Player has null/empty team field - breaks team-based filters
P2,C,4.0,null_team_field,Jamdrick Cornelia,808378,,,<team_abbrev>,NULL,Player has null/empty team field - breaks team-based filters
P2,C,4.0,null_team_field,Reykelly Rubi,828312,,,<team_abbrev>,NULL,Player has null/empty team field - breaks team-based filters
P2,C,4.0,null_team_field,Fernando Ramos,827891,,,<team_abbrev>,NULL,Player has null/empty team field - breaks team-based filters
P2,C,4.0,null_team_field,Reilin Ramirez,807826,,,<team_abbrev>,NULL,Player has null/empty team field - breaks team-based filters
P2,C,4.0,null_team_field,Deivy Paulino,806709,,,<team_abbrev>,NULL,Player has null/empty team field - breaks team-based filters
P2,C,4.0,null_team_field,Kevin Tejada,813979,,,<team_abbrev>,NULL,Player has null/empty team field - breaks team-based filters
P2,C,4.0,null_team_field,Rafael Mendez,691917,,,<team_abbrev>,NULL,Player has null/empty team field - breaks team-based filters
P2,C,4.0,null_team_field,Yeimison Arias,806379,,,<team_abbrev>,NULL,Player has null/empty team field - breaks team-based filters
P2,C,4.0,null_team_field,Manuel Heredia,807798,,,<team_abbrev>,NULL,Player has null/empty team field - breaks team-based filters
P2,C,4.0,null_team_field,Carlos Meza,800158,,,<team_abbrev>,NULL,Player has null/empty team field - breaks team-based filters
P2,C,4.0,null_team_field,Enger Sanchez,800579,,,<team_abbrev>,NULL,Player has null/empty team field - breaks team-based filters
P2,C,4.0,null_team_field,Maikel Hernandez,800425,,,<team_abbrev>,NULL,Player has null/empty team field - breaks team-based filters
P2,C,4.0,null_team_field,Carlos Hinestroza,700022,,,<team_abbrev>,NULL,Player has null/empty team field - breaks team-based filters
P2,C,4.0,null_team_field,Jhemiangel Tovar,815110,,,<team_abbrev>,NULL,Player has null/empty team field - breaks team-based filters
P2,C,4.0,null_team_field,Jose Rojas,698981,,,<team_abbrev>,NULL,Player has null/empty team field - breaks team-based filters
P2,C,4.0,null_team_field,Johnathan Rogers,814164,,,<team_abbrev>,NULL,Player has null/empty team field - breaks team-based filters
P2,C,4.0,null_team_field,Pedro Tucent,821420,,,<team_abbrev>,NULL,Player has null/empty team field - breaks team-based filters
P2,C,4.0,null_team_field,Tyler Kennedy,701159,,,<team_abbrev>,NULL,Player has null/empty team field - breaks team-based filters
P2,C,4.0,null_team_field,Brandison Polanco,801251,,,<team_abbrev>,NULL,Player has null/empty team field - breaks team-based filters
P2,C,4.0,null_team_field,Roiber Talavera,699696,,,<team_abbrev>,NULL,Player has null/empty team field - breaks team-based filters
P2,C,4.0,null_team_field,Brayan Diaz,700730,,,<team_abbrev>,NULL,Player has null/empty team field - breaks team-based filters
P2,C,4.0,null_team_field,Angel Tello,702894,,,<team_abbrev>,NULL,Player has null/empty team field - breaks team-based filters
P2,C,4.0,null_team_field,Kristian Cardozo,691258,,,<team_abbrev>,NULL,Player has null/empty team field - breaks team-based filters
P2,C,4.0,null_team_field,Bladimir Pichardo,808097,,,<team_abbrev>,NULL,Player has null/empty team field - breaks team-based filters
P2,C,4.0,null_team_field,Ricardo Quintana,806110,,,<team_abbrev>,NULL,Player has null/empty team field - breaks team-based filters
P2,C,4.0,null_team_field,Yoerys Hernandez,801742,,,<team_abbrev>,NULL,Player has null/empty team field - breaks team-based filters
P2,C,4.0,null_team_field,Julio Polanco,815015,,,<team_abbrev>,NULL,Player has null/empty team field - breaks team-based filters
P2,C,4.0,null_team_field,Jermayne Verdu,823221,,,<team_abbrev>,NULL,Player has null/empty team field - breaks team-based filters
P2,C,4.0,null_team_field,Jesus Garcia,808259,,,<team_abbrev>,NULL,Player has null/empty team field - breaks team-based filters
P2,C,4.0,null_team_field,Snarlyn Evangelista,808358,,,<team_abbrev>,NULL,Player has null/empty team field - breaks team-based filters
P2,C,4.0,null_team_field,Irving Vazquez,802744,,,<team_abbrev>,NULL,Player has null/empty team field - breaks team-based filters
P2,C,4.0,null_team_field,Eliazar De Los Santos,800064,,,<team_abbrev>,NULL,Player has null/empty team field - breaks team-based filters
P2,C,4.0,null_team_field,Jhosue Rodriguez,835173,,,<team_abbrev>,NULL,Player has null/empty team field - breaks team-based filters
P2,C,4.0,null_team_field,Eric Gutierrez,820951,,,<team_abbrev>,NULL,Player has null/empty team field - breaks team-based filters
P2,C,4.0,null_team_field,Carlos Almonte,828011,,,<team_abbrev>,NULL,Player has null/empty team field - breaks team-based filters
P2,C,4.0,null_team_field,Christian Avendano,699032,,,<team_abbrev>,NULL,Player has null/empty team field - breaks team-based filters
P2,C,4.0,null_team_field,Deivy Victora,820846,,,<team_abbrev>,NULL,Player has null/empty team field - breaks team-based filters
P2,C,4.0,null_team_field,Luis Martinez,699288,,,<team_abbrev>,NULL,Player has null/empty team field - breaks team-based filters
P2,C,4.0,null_team_field,Cristian Diaz,810079,,,<team_abbrev>,NULL,Player has null/empty team field - breaks team-based filters
P2,C,4.0,null_team_field,Bryan Monte De Oca,808135,,,<team_abbrev>,NULL,Player has null/empty team field - breaks team-based filters
P2,C,4.0,null_team_field,Adrian Acosta,802015,,,<team_abbrev>,NULL,Player has null/empty team field - breaks team-based filters
P2,C,4.0,null_team_field,Kinn Omosako,700348,,,<team_abbrev>,NULL,Player has null/empty team field - breaks team-based filters
P2,C,4.0,null_team_field,Diego Navarro,692581,,,<team_abbrev>,NULL,Player has null/empty team field - breaks team-based filters
P2,C,4.0,null_team_field,Onias Jimenez,805432,,,<team_abbrev>,NULL,Player has null/empty team field - breaks team-based filters
P2,C,4.0,null_team_field,Wilton Rondon,800077,,,<team_abbrev>,NULL,Player has null/empty team field - breaks team-based filters
P2,C,4.0,null_team_field,Luis Guevara,808319,,,<team_abbrev>,NULL,Player has null/empty team field - breaks team-based filters
P2,C,4.0,null_team_field,Fraimin Marte,692849,,,<team_abbrev>,NULL,Player has null/empty team field - breaks team-based filters
P2,C,4.0,null_team_field,Yael Arias,823360,,,<team_abbrev>,NULL,Player has null/empty team field - breaks team-based filters
P2,C,4.0,null_team_field,Ezequiel Bonilla,800454,,,<team_abbrev>,NULL,Player has null/empty team field - breaks team-based filters
P2,C,4.0,null_team_field,Deiver Oliveros,807262,,,<team_abbrev>,NULL,Player has null/empty team field - breaks team-based filters
P2,C,4.0,null_team_field,Freilyn Guzman,807961,,,<team_abbrev>,NULL,Player has null/empty team field - breaks team-based filters
P2,C,4.0,null_team_field,Frandy Rodriguez,808700,,,<team_abbrev>,NULL,Player has null/empty team field - breaks team-based filters
P2,C,4.0,null_team_field,Algeni Mejia,806667,,,<team_abbrev>,NULL,Player has null/empty team field - breaks team-based filters
P2,C,4.0,null_team_field,Darling Reyes,808667,,,<team_abbrev>,NULL,Player has null/empty team field - breaks team-based filters
P2,C,4.0,null_team_field,Eudy Liriano,808016,,,<team_abbrev>,NULL,Player has null/empty team field - breaks team-based filters
P2,C,4.0,null_team_field,Ezequiel Jimenez,810049,,,<team_abbrev>,NULL,Player has null/empty team field - breaks team-based filters
P2,C,4.0,null_team_field,Felipe De Los Santos,800218,,,<team_abbrev>,NULL,Player has null/empty team field - breaks team-based filters
P2,C,4.0,null_team_field,Yeferson Silva,806817,,,<team_abbrev>,NULL,Player has null/empty team field - breaks team-based filters
P2,C,4.0,null_team_field,Claudio Gatier,804628,,,<team_abbrev>,NULL,Player has null/empty team field - breaks team-based filters
P2,C,4.0,null_team_field,Josue Arias,801738,,,<team_abbrev>,NULL,Player has null/empty team field - breaks team-based filters
P2,C,4.0,null_team_field,Nixon Parra,700343,,,<team_abbrev>,NULL,Player has null/empty team field - breaks team-based filters
P2,C,4.0,null_team_field,Doimil Perez,698985,,,<team_abbrev>,NULL,Player has null/empty team field - breaks team-based filters
P2,C,4.0,null_team_field,Jordi Romero,815764,,,<team_abbrev>,NULL,Player has null/empty team field - breaks team-based filters
P2,C,4.0,null_team_field,Abdiel Medina,682731,,,<team_abbrev>,NULL,Player has null/empty team field - breaks team-based filters
P2,C,4.0,null_team_field,Fred Fajardo,824632,,,<team_abbrev>,NULL,Player has null/empty team field - breaks team-based filters
P2,C,4.0,null_team_field,Ricardo Gomez,804872,,,<team_abbrev>,NULL,Player has null/empty team field - breaks team-based filters
P2,C,4.0,null_team_field,Johan Minaya,811597,,,<team_abbrev>,NULL,Player has null/empty team field - breaks team-based filters
P2,C,4.0,null_team_field,Cristian Rueda,801386,,,<team_abbrev>,NULL,Player has null/empty team field - breaks team-based filters
P2,C,4.0,null_team_field,Oscar Moreta,800501,,,<team_abbrev>,NULL,Player has null/empty team field - breaks team-based filters
P2,C,4.0,null_team_field,Mauricio Maican,801268,,,<team_abbrev>,NULL,Player has null/empty team field - breaks team-based filters
P2,C,4.0,null_team_field,Alexis Paulino,703923,,,<team_abbrev>,NULL,Player has null/empty team field - breaks team-based filters
P2,C,4.0,null_team_field,Yency De Jesus,807400,,,<team_abbrev>,NULL,Player has null/empty team field - breaks team-based filters
P2,C,4.0,null_team_field,Engel Silvestre,815437,,,<team_abbrev>,NULL,Player has null/empty team field - breaks team-based filters
P2,C,4.0,null_team_field,Alvaro Benua,703620,,,<team_abbrev>,NULL,Player has null/empty team field - breaks team-based filters
P2,C,4.0,null_team_field,Alvaro Gamez,800420,,,<team_abbrev>,NULL,Player has null/empty team field - breaks team-based filters
P2,C,4.0,null_team_field,Saul Sanchez,808335,,,<team_abbrev>,NULL,Player has null/empty team field - breaks team-based filters
P2,C,4.0,null_team_field,Eduardo Fernandez,808215,,,<team_abbrev>,NULL,Player has null/empty team field - breaks team-based filters
P2,C,4.0,null_team_field,Dairon De Jesus,700719,,,<team_abbrev>,NULL,Player has null/empty team field - breaks team-based filters
P2,C,4.0,null_team_field,Angel Bolivar,815436,,,<team_abbrev>,NULL,Player has null/empty team field - breaks team-based filters
P2,C,4.0,null_team_field,Jeyderson Mora,815778,,,<team_abbrev>,NULL,Player has null/empty team field - breaks team-based filters
P2,C,4.0,null_team_field,Raudy Gomez,800467,,,<team_abbrev>,NULL,Player has null/empty team field - breaks team-based filters
P2,C,4.0,null_team_field,Jeffrey Familia,811324,,,<team_abbrev>,NULL,Player has null/empty team field - breaks team-based filters
P2,C,4.0,null_team_field,Eider Machuca,702782,,,<team_abbrev>,NULL,Player has null/empty team field - breaks team-based filters
P2,C,4.0,null_team_field,Ranwell Smith,800318,,,<team_abbrev>,NULL,Player has null/empty team field - breaks team-based filters
P2,C,4.0,null_team_field,Genderson Zapata,698988,,,<team_abbrev>,NULL,Player has null/empty team field - breaks team-based filters
P2,C,4.0,null_team_field,Juan Henriquez,808390,,,<team_abbrev>,NULL,Player has null/empty team field - breaks team-based filters
P2,C,4.0,null_team_field,Jordy Arias,802242,,,<team_abbrev>,NULL,Player has null/empty team field - breaks team-based filters
P2,C,4.0,null_team_field,Yonfi Rodriguez,702931,,,<team_abbrev>,NULL,Player has null/empty team field - breaks team-based filters
P2,C,4.0,null_team_field,Leonardi Almonte,814253,,,<team_abbrev>,NULL,Player has null/empty team field - breaks team-based filters
P2,C,4.0,null_team_field,Gemil Santa,801231,,,<team_abbrev>,NULL,Player has null/empty team field - breaks team-based filters
P2,C,4.0,null_team_field,Yansel Marine,807813,,,<team_abbrev>,NULL,Player has null/empty team field - breaks team-based filters
P2,C,4.0,null_team_field,Enrique Carta,814130,,,<team_abbrev>,NULL,Player has null/empty team field - breaks team-based filters
P2,C,4.0,null_team_field,Alexis De La Cruz,808057,,,<team_abbrev>,NULL,Player has null/empty team field - breaks team-based filters
P2,C,4.0,null_team_field,Breilin Arredondo,807762,,,<team_abbrev>,NULL,Player has null/empty team field - breaks team-based filters
P2,C,4.0,null_team_field,Felix Belisario,821643,,,<team_abbrev>,NULL,Player has null/empty team field - breaks team-based filters
P2,C,4.0,null_team_field,Samuel Pateti,821779,,,<team_abbrev>,NULL,Player has null/empty team field - breaks team-based filters
P2,C,4.0,null_team_field,Aneudis George,700161,,,<team_abbrev>,NULL,Player has null/empty team field - breaks team-based filters
P2,C,4.0,null_team_field,Cristian Navarro,821766,,,<team_abbrev>,NULL,Player has null/empty team field - breaks team-based filters
P2,C,4.0,null_team_field,Jeyson Mejia,808701,,,<team_abbrev>,NULL,Player has null/empty team field - breaks team-based filters
P2,C,4.0,null_team_field,Santhony Vizcaino,820855,,,<team_abbrev>,NULL,Player has null/empty team field - breaks team-based filters
P2,C,4.0,null_team_field,Jesus Poline,811198,,,<team_abbrev>,NULL,Player has null/empty team field - breaks team-based filters
P2,C,4.0,null_team_field,Henry Ramirez,827749,,,<team_abbrev>,NULL,Player has null/empty team field - breaks team-based filters
P2,C,4.0,null_team_field,Alejandro Ramirez,814258,,,<team_abbrev>,NULL,Player has null/empty team field - breaks team-based filters
P2,C,4.0,null_team_field,Juan Rasquin,808268,,,<team_abbrev>,NULL,Player has null/empty team field - breaks team-based filters
P2,C,4.0,null_team_field,Miguel Cordones,683724,,,<team_abbrev>,NULL,Player has null/empty team field - breaks team-based filters
P2,C,4.0,null_team_field,Luis De Aza,814127,,,<team_abbrev>,NULL,Player has null/empty team field - breaks team-based filters
P2,C,4.0,null_team_field,Jose Pinto,807207,,,<team_abbrev>,NULL,Player has null/empty team field - breaks team-based filters
P2,C,4.0,null_team_field,Jhomber Jimenez,808276,,,<team_abbrev>,NULL,Player has null/empty team field - breaks team-based filters
P2,C,4.0,null_team_field,Hanfermin Vargas,820854,,,<team_abbrev>,NULL,Player has null/empty team field - breaks team-based filters
P2,C,4.0,null_team_field,Whilmer Guerra,808501,,,<team_abbrev>,NULL,Player has null/empty team field - breaks team-based filters
P2,C,4.0,null_team_field,Carlos Brito,815435,,,<team_abbrev>,NULL,Player has null/empty team field - breaks team-based filters
P2,C,4.0,null_team_field,Robinson Javier,823874,,,<team_abbrev>,NULL,Player has null/empty team field - breaks team-based filters
P2,C,4.0,null_team_field,Leudy Tirado,814377,,,<team_abbrev>,NULL,Player has null/empty team field - breaks team-based filters
P2,C,4.0,null_team_field,Michael Peres,702887,,,<team_abbrev>,NULL,Player has null/empty team field - breaks team-based filters
P2,C,4.0,null_team_field,Randol Martinez,821278,,,<team_abbrev>,NULL,Player has null/empty team field - breaks team-based filters
P2,C,4.0,null_team_field,Esmerlyn Valenzuela,703686,,,<team_abbrev>,NULL,Player has null/empty team field - breaks team-based filters
P2,C,4.0,null_team_field,Ruver Flores,814032,,,<team_abbrev>,NULL,Player has null/empty team field - breaks team-based filters
P2,C,4.0,null_team_field,Luis Joseph,692660,,,<team_abbrev>,NULL,Player has null/empty team field - breaks team-based filters
P2,C,4.0,null_team_field,Frailin Florian,808059,,,<team_abbrev>,NULL,Player has null/empty team field - breaks team-based filters
P2,C,4.0,null_team_field,Luis Cabrera,816360,,,<team_abbrev>,NULL,Player has null/empty team field - breaks team-based filters
P2,C,4.0,null_team_field,Cristopher Presinal,814787,,,<team_abbrev>,NULL,Player has null/empty team field - breaks team-based filters
P2,C,4.0,null_team_field,Javier Abreu,808149,,,<team_abbrev>,NULL,Player has null/empty team field - breaks team-based filters
P2,C,4.0,null_team_field,Jesus Silverio,692066,,,<team_abbrev>,NULL,Player has null/empty team field - breaks team-based filters
P2,C,4.0,null_team_field,Daury Zapata,807576,,,<team_abbrev>,NULL,Player has null/empty team field - breaks team-based filters
P2,C,4.0,null_team_field,Connor Prins,808629,,,<team_abbrev>,NULL,Player has null/empty team field - breaks team-based filters
P2,C,4.0,null_team_field,Yoryi Jimenez,703600,,,<team_abbrev>,NULL,Player has null/empty team field - breaks team-based filters
P2,C,4.0,null_team_field,Dermis Ordonez,800249,,,<team_abbrev>,NULL,Player has null/empty team field - breaks team-based filters
P2,C,4.0,null_team_field,Hansel Rosario,702873,,,<team_abbrev>,NULL,Player has null/empty team field - breaks team-based filters
P2,C,4.0,null_team_field,Lenin Mendez,808213,,,<team_abbrev>,NULL,Player has null/empty team field - breaks team-based filters
P2,C,4.0,null_team_field,Rafael Suero,808139,,,<team_abbrev>,NULL,Player has null/empty team field - breaks team-based filters
P2,C,4.0,null_team_field,Yoryi Simarra,800366,,,<team_abbrev>,NULL,Player has null/empty team field - breaks team-based filters
P2,C,4.0,null_team_field,Elvis Reyes,821590,,,<team_abbrev>,NULL,Player has null/empty team field - breaks team-based filters
P2,C,4.0,null_team_field,Alberto Chala,816407,,,<team_abbrev>,NULL,Player has null/empty team field - breaks team-based filters
P2,C,4.0,null_team_field,Jose Ramirez,802064,,,<team_abbrev>,NULL,Player has null/empty team field - breaks team-based filters
P2,C,4.0,null_team_field,Marco Patino,805173,,,<team_abbrev>,NULL,Player has null/empty team field - breaks team-based filters
P2,C,4.0,null_team_field,Juan Duarte,828326,,,<team_abbrev>,NULL,Player has null/empty team field - breaks team-based filters
P2,C,4.0,null_team_field,Saul Siri,814031,,,<team_abbrev>,NULL,Player has null/empty team field - breaks team-based filters
P2,C,4.0,null_team_field,Rafael Lasorsa,821058,,,<team_abbrev>,NULL,Player has null/empty team field - breaks team-based filters
P2,C,4.0,null_team_field,Roman Camacho,815799,,,<team_abbrev>,NULL,Player has null/empty team field - breaks team-based filters
P2,C,4.0,null_team_field,Misael Lopez,808211,,,<team_abbrev>,NULL,Player has null/empty team field - breaks team-based filters
P2,C,4.0,null_team_field,Cristofer Soriano,814404,,,<team_abbrev>,NULL,Player has null/empty team field - breaks team-based filters
P2,C,4.0,null_team_field,Ledwin Gonzalez,811622,,,<team_abbrev>,NULL,Player has null/empty team field - breaks team-based filters
P2,C,4.0,null_team_field,Jose Golindano,821768,,,<team_abbrev>,NULL,Player has null/empty team field - breaks team-based filters
P2,C,4.0,null_team_field,Anderson Jerez,808214,,,<team_abbrev>,NULL,Player has null/empty team field - breaks team-based filters
P2,C,4.0,null_team_field,Weslin De Los Santos,816178,,,<team_abbrev>,NULL,Player has null/empty team field - breaks team-based filters
P2,C,4.0,null_team_field,Hader Blanco,800301,,,<team_abbrev>,NULL,Player has null/empty team field - breaks team-based filters
P2,C,4.0,null_team_field,Brandon Smith,808682,,,<team_abbrev>,NULL,Player has null/empty team field - breaks team-based filters
P2,C,4.0,null_team_field,Daniel Colina,821088,,,<team_abbrev>,NULL,Player has null/empty team field - breaks team-based filters
P2,C,4.0,null_team_field,Wali Pierre,800560,,,<team_abbrev>,NULL,Player has null/empty team field - breaks team-based filters
P2,C,4.0,null_team_field,David Burgos,815197,,,<team_abbrev>,NULL,Player has null/empty team field - breaks team-based filters
P2,C,4.0,null_team_field,John Sosa,800221,,,<team_abbrev>,NULL,Player has null/empty team field - breaks team-based filters
P2,C,4.0,null_team_field,Enyerber Rivero,808230,,,<team_abbrev>,NULL,Player has null/empty team field - breaks team-based filters
P2,C,4.0,null_team_field,Oliver Eusebio,808221,,,<team_abbrev>,NULL,Player has null/empty team field - breaks team-based filters
P2,C,4.0,null_team_field,Johan Zapata,809332,,,<team_abbrev>,NULL,Player has null/empty team field - breaks team-based filters
P2,C,4.0,null_team_field,Jorge Guerra,800127,,,<team_abbrev>,NULL,Player has null/empty team field - breaks team-based filters
P2,C,4.0,null_team_field,Angel Sanchez,806885,,,<team_abbrev>,NULL,Player has null/empty team field - breaks team-based filters
P2,C,4.0,null_team_field,Richard Jimenez,814841,,,<team_abbrev>,NULL,Player has null/empty team field - breaks team-based filters
P2,C,4.0,null_team_field,Andres Ramos,805679,,,<team_abbrev>,NULL,Player has null/empty team field - breaks team-based filters
P2,C,4.0,null_team_field,Miguel Gomez,811227,,,<team_abbrev>,NULL,Player has null/empty team field - breaks team-based filters
P2,C,4.0,null_team_field,Gustavo Meneses,815199,,,<team_abbrev>,NULL,Player has null/empty team field - breaks team-based filters
P2,C,4.0,null_team_field,Jeremy Guzman,816408,,,<team_abbrev>,NULL,Player has null/empty team field - breaks team-based filters
P2,C,4.0,null_team_field,Frederic Frias,806698,,,<team_abbrev>,NULL,Player has null/empty team field - breaks team-based filters
P2,C,4.0,null_team_field,Darlin Mendez,811596,,,<team_abbrev>,NULL,Player has null/empty team field - breaks team-based filters
P2,C,4.0,null_team_field,Wilme Mora,805738,,,<team_abbrev>,NULL,Player has null/empty team field - breaks team-based filters
P2,C,4.0,null_team_field,Yeison Silgado,815968,,,<team_abbrev>,NULL,Player has null/empty team field - breaks team-based filters
P2,C,4.0,null_team_field,Eduardo Castillo,808341,,,<team_abbrev>,NULL,Player has null/empty team field - breaks team-based filters
P2,C,4.0,null_team_field,Miguel Cruz,808053,,,<team_abbrev>,NULL,Player has null/empty team field - breaks team-based filters
P2,C,4.0,null_team_field,Damian Alcala,820973,,,<team_abbrev>,NULL,Player has null/empty team field - breaks team-based filters
P2,C,4.0,null_team_field,Wagner Castillo,802101,,,<team_abbrev>,NULL,Player has null/empty team field - breaks team-based filters
P2,C,4.0,null_team_field,Mendry Solano,816395,,,<team_abbrev>,NULL,Player has null/empty team field - breaks team-based filters
P2,C,4.0,null_team_field,Enderson Jean,810080,,,<team_abbrev>,NULL,Player has null/empty team field - breaks team-based filters
P2,C,4.0,null_team_field,Estarlin Francisco,820966,,,<team_abbrev>,NULL,Player has null/empty team field - breaks team-based filters
P2,C,4.0,null_team_field,Roberto Burgos,827694,,,<team_abbrev>,NULL,Player has null/empty team field - breaks team-based filters
P2,C,4.0,null_team_field,Guanchi Martinez,815176,,,<team_abbrev>,NULL,Player has null/empty team field - breaks team-based filters
P2,C,4.0,null_team_field,Luciano Romero,800355,,,<team_abbrev>,NULL,Player has null/empty team field - breaks team-based filters
P2,C,4.0,null_team_field,Fraylin Suriel,803368,,,<team_abbrev>,NULL,Player has null/empty team field - breaks team-based filters
P2,C,4.0,null_team_field,Moises Moreno,808025,,,<team_abbrev>,NULL,Player has null/empty team field - breaks team-based filters
P2,C,4.0,null_team_field,Jesus Tapia,821179,,,<team_abbrev>,NULL,Player has null/empty team field - breaks team-based filters
P2,C,4.0,null_team_field,Brayan Polanco,807834,,,<team_abbrev>,NULL,Player has null/empty team field - breaks team-based filters
P2,C,4.0,null_team_field,Oliver Camilo,808295,,,<team_abbrev>,NULL,Player has null/empty team field - breaks team-based filters
P2,C,4.0,null_team_field,Noslen Marquez,821069,,,<team_abbrev>,NULL,Player has null/empty team field - breaks team-based filters
P2,C,4.0,null_team_field,Jose Ojeda,802096,,,<team_abbrev>,NULL,Player has null/empty team field - breaks team-based filters
P2,C,4.0,null_team_field,Alexander Lugo,824217,,,<team_abbrev>,NULL,Player has null/empty team field - breaks team-based filters
P2,C,4.0,null_team_field,Angel Gomez,830051,,,<team_abbrev>,NULL,Player has null/empty team field - breaks team-based filters
P2,C,4.0,null_team_field,Jeiki Beltran,815194,,,<team_abbrev>,NULL,Player has null/empty team field - breaks team-based filters
P2,C,4.0,null_team_field,Jhoan Lorenzo,808680,,,<team_abbrev>,NULL,Player has null/empty team field - breaks team-based filters
P2,C,4.0,null_team_field,Alan Marcano,821081,,,<team_abbrev>,NULL,Player has null/empty team field - breaks team-based filters
P2,C,4.0,null_team_field,Alexander Rivero,812750,,,<team_abbrev>,NULL,Player has null/empty team field - breaks team-based filters
P2,C,4.0,null_team_field,Abis Prado,821141,,,<team_abbrev>,NULL,Player has null/empty team field - breaks team-based filters
P2,C,4.0,null_team_field,Jheifer Ramirez,821649,,,<team_abbrev>,NULL,Player has null/empty team field - breaks team-based filters
P2,C,4.0,null_team_field,Kelvin Carmona,808556,,,<team_abbrev>,NULL,Player has null/empty team field - breaks team-based filters
P2,C,4.0,null_team_field,Gabriel De La Cruz,823840,,,<team_abbrev>,NULL,Player has null/empty team field - breaks team-based filters
P2,C,4.0,null_team_field,Nestor Cafe,822616,,,<team_abbrev>,NULL,Player has null/empty team field - breaks team-based filters
P2,C,4.0,null_team_field,Tommy Ventimiglia,702269,,,<team_abbrev>,NULL,Player has null/empty team field - breaks team-based filters
P2,C,4.0,null_team_field,Brahian Rijo,814475,,,<team_abbrev>,NULL,Player has null/empty team field - breaks team-based filters
P2,C,4.0,null_team_field,Hyun-il Choi,683425,,,<team_abbrev>,NULL,Player has null/empty team field - breaks team-based filters
P2,C,4.0,null_team_field,Conner Loeprich,681963,,,<team_abbrev>,NULL,Player has null/empty team field - breaks team-based filters
P2,C,4.0,null_team_field,Zach Plesac,668676,,,<team_abbrev>,NULL,Player has null/empty team field - breaks team-based filters
P2,C,4.0,null_team_field,Rafael Marcano,680632,,,<team_abbrev>,NULL,Player has null/empty team field - breaks team-based filters
P2,C,4.0,null_team_field,Evan Lee,681885,,,<team_abbrev>,NULL,Player has null/empty team field - breaks team-based filters
P2,C,4.0,null_team_field,Kevin Kopps,667434,,,<team_abbrev>,NULL,Player has null/empty team field - breaks team-based filters
P2,C,4.0,null_team_field,Jordan Jackson,689095,,,<team_abbrev>,NULL,Player has null/empty team field - breaks team-based filters
P2,C,4.0,null_team_field,Steven Fulgencio,683728,,,<team_abbrev>,NULL,Player has null/empty team field - breaks team-based filters
P2,C,4.0,null_team_field,Carson Carter,690273,,,<team_abbrev>,NULL,Player has null/empty team field - breaks team-based filters
P2,C,4.0,null_team_field,Jake Lee,680543,,,<team_abbrev>,NULL,Player has null/empty team field - breaks team-based filters
P2,C,4.0,null_team_field,Landon Marceaux,669465,,,<team_abbrev>,NULL,Player has null/empty team field - breaks team-based filters
P2,C,4.0,null_team_field,Victor Morales,802559,,,<team_abbrev>,NULL,Player has null/empty team field - breaks team-based filters
P2,C,4.0,null_team_field,Shea Spitzbarth,665661,,,<team_abbrev>,NULL,Player has null/empty team field - breaks team-based filters
P2,C,4.0,null_team_field,Ricky DeVito,683740,,,<team_abbrev>,NULL,Player has null/empty team field - breaks team-based filters
P2,C,4.0,null_team_field,Bo Bonds,687629,,,<team_abbrev>,NULL,Player has null/empty team field - breaks team-based filters
